company_id,year,roe,roce,debt_to_equity,interest_coverage,free_cash_flow,debt_free,high_leverage_flag,distress_status,distress_score
ABB,2012,22.411128284389488,28.284389489953632,0.0,,797.0,Yes,0,Financially Healthy,0
ABB,2014,25.12690355329949,31.09137055837564,0.0,,797.0,Yes,0,Financially Healthy,0
ABB,2015,24.439701173959445,31.696905016008536,0.0,,797.0,Yes,0,Financially Healthy,0
ABB,2016,21.338912133891213,29.372384937238493,0.0,138.33333333333334,797.0,Yes,0,Financially Healthy,0
ABB,2017,19.971160778658977,27.54145638067772,0.0,227.5,797.0,Yes,0,Financially Healthy,0
ABB,2018,23.685764914353214,30.06497341996456,0.0,160.5,797.0,Yes,0,Financially Healthy,0
ABB,2019,22.41035856573705,29.28286852589641,0.0,359.0,797.0,Yes,0,Financially Healthy,0
ABB,2020,24.39325380501851,26.74597083653108,0.071986836692719,96.77777777777776,797.0,No,0,Company Has Debt,1
ABB,2021,26.5564950038432,31.361161524500908,0.0588009223674096,55.72222222222222,797.0,No,0,Company Has Debt,1
ABB,2022,28.33333333333333,34.185733512786,0.0539007092198581,61.31578947368421,797.0,No,0,Company Has Debt,1
ABB,2023,29.767879548306148,34.413813995758865,0.0354454203262233,85.0,797.0,No,0,Company Has Debt,1
ABB,2024,32.46823465801568,36.541512427287145,0.0224384968910516,141.75,797.0,No,0,Company Has Debt,1
ADANIENSOL,2014,0.0,0.0,0.0,,1095.0,Yes,0,Low ROE | Low ROCE,2
ADANIENSOL,2015,-0.6463527239150507,0.5934718100890208,8.95752539242844,1.4246575342465753,1095.0,No,1,Low ROE | Low ROCE | High Debt | Weak Interest Coverage | Company Has Debt | High Leverage,6
ADANIENSOL,2016,13.77245508982036,12.143555121257885,3.212949101796408,2.086729362591432,1095.0,No,0,High Debt | Company Has Debt,2
ADANIENSOL,2017,14.116050220563285,11.860426103002853,3.045469969460468,2.2179203539823007,1095.0,No,0,High Debt | Company Has Debt,2
ADANIENSOL,2018,18.87072808320951,13.630573248407645,1.7216443784051512,3.31489841986456,1095.0,No,0,Company Has Debt,1
ADANIENSOL,2019,6.950142981474575,6.728176011355572,2.50366778565212,2.2386772106398274,1095.0,No,0,Low ROE | Low ROCE | High Debt | Company Has Debt,4
ADANIENSOL,2020,8.30685963054477,9.418231791113149,2.8528062124955875,2.019213583556747,1095.0,No,0,Low ROE | Low ROCE | High Debt | Company Has Debt,4
ADANIENSOL,2021,14.46350487722839,7.277725329038708,3.0378966251821957,2.3925366084081245,1095.0,No,0,Low ROCE | High Debt | Company Has Debt,3
ADANIENSOL,2022,12.46847573892868,6.979781489388421,3.016443054574801,2.3221987315010573,1095.0,No,0,Low ROCE | High Debt | Company Has Debt,3
ADANIENSOL,2023,10.90305557919823,6.323475086377366,2.916843986722274,2.193815174397699,1095.0,No,0,Low ROCE | High Debt | Company Has Debt,3
ADANIENSOL,2024,9.461276797721698,7.915753052644284,2.93252116130053,2.284784965666787,1095.0,No,0,Low ROE | Low ROCE | High Debt | Company Has Debt,4
ADANIENT,2013,5.692652832305104,4.103474120447932,3.240418769863526,2.2325315005727377,-8455.0,No,0,Low ROE | Low ROCE | High Debt | Negative Free Cash Flow | Company Has Debt,5
ADANIENT,2014,11.1377699204445,6.434293951136969,3.0298438355011155,1.84815009644047,-8455.0,No,0,Low ROCE | High Debt | Weak Interest Coverage | Negative Free Cash Flow | Company Has Debt,5
ADANIENT,2015,8.931902985074627,8.168418741251065,3.248250932835821,1.876700680272109,-8455.0,No,0,Low ROE | Low ROCE | High Debt | Weak Interest Coverage | Negative Free Cash Flow | Company Has Debt,6
ADANIENT,2016,7.474958887726117,4.209297323870096,1.4328748691882194,2.0103168754605747,-8455.0,No,0,Low ROE | Low ROCE | Negative Free Cash Flow | Company Has Debt,4
ADANIENT,2017,6.543576683644596,4.53661883254245,1.4746745897000566,2.1089896579156724,-8455.0,No,0,Low ROE | Low ROCE | Negative Free Cash Flow | Company Has Debt,4
ADANIENT,2018,3.936642587315263,4.19849660820143,1.1688647359003248,1.9208,-8455.0,No,0,Low ROE | Low ROCE | Weak Interest Coverage | Negative Free Cash Flow | Company Has Debt,5
ADANIENT,2019,3.429113580916238,6.073310511942768,0.7619273515857956,1.5218461538461538,-8455.0,No,0,Low ROE | Low ROCE | Weak Interest Coverage | Negative Free Cash Flow | Company Has Debt,5
ADANIENT,2020,6.136779370980115,6.204454130627256,0.7328140673865581,2.013994910941476,-8455.0,No,0,Low ROE | Low ROCE | Negative Free Cash Flow | Company Has Debt,4
ADANIENT,2021,6.0959263360335685,5.897681662972504,0.9456844804475786,2.178649237472767,-8455.0,No,0,Low ROE | Low ROCE | Negative Free Cash Flow | Company Has Debt,4
ADANIENT,2022,3.5404591813811384,3.861511720768544,1.8692546165251385,1.870942201108472,-8455.0,No,0,Low ROE | Low ROCE | Weak Interest Coverage | Negative Free Cash Flow | Company Has Debt,5
ADANIENT,2023,7.328068742246831,7.39933450046956,1.6096335965628876,2.431846812799194,-8455.0,No,0,Low ROE | Low ROCE | Negative Free Cash Flow | Company Has Debt,4
ADANIENT,2024,8.534650424813185,7.984787232004292,1.671358378544375,2.7492864983534577,-8455.0,No,0,Low ROE | Low ROCE | Negative Free Cash Flow | Company Has Debt,4
ADANIGREEN,2017,-3.906899418121363,1.2612612612612613,3.6134663341645887,1.4461077844311376,-13347.0,No,0,Low ROE | Low ROCE | High Debt | Weak Interest Coverage | Negative Free Cash Flow | Company Has Debt,6
ADANIGREEN,2018,-10.290827740492167,2.677376171352075,7.355704697986577,1.6032608695652173,-13347.0,No,1,Low ROE | Low ROCE | High Debt | Weak Interest Coverage | Negative Free Cash Flow | Company Has Debt | High Leverage,7
ADANIGREEN,2019,-24.573202276254527,3.5487571701720846,5.764097258147957,1.426404995539697,-13347.0,No,1,Low ROE | Low ROCE | High Debt | Weak Interest Coverage | Negative Free Cash Flow | Company Has Debt | High Leverage,7
ADANIGREEN,2020,-2.88502333474756,6.131336004180456,6.307170131523122,1.3457286432160804,-13347.0,No,1,Low ROE | Low ROCE | High Debt | Weak Interest Coverage | Negative Free Cash Flow | Company Has Debt | High Leverage,7
ADANIGREEN,2021,8.272727272727273,6.645461774395092,11.004090909090907,1.3476702508960574,-13347.0,No,1,Low ROE | Low ROCE | High Debt | Weak Interest Coverage | Negative Free Cash Flow | Company Has Debt | High Leverage,7
ADANIGREEN,2022,18.706962509563887,4.802871262128918,20.211170619739864,1.5357279327474207,-13347.0,No,1,Low ROCE | High Debt | Weak Interest Coverage | Negative Free Cash Flow | Company Has Debt | High Leverage,6
ADANIGREEN,2023,13.321467688937568,5.964860955352934,7.423740416210296,1.936447956028856,-13347.0,No,1,Low ROCE | High Debt | Weak Interest Coverage | Negative Free Cash Flow | Company Has Debt | High Leverage,6
ADANIGREEN,2024,12.81269066503966,7.249772398650458,6.595281675818589,1.713943268078306,-13347.0,No,1,Low ROCE | High Debt | Weak Interest Coverage | Negative Free Cash Flow | Company Has Debt | High Leverage,6
ADANIPORTS,2013,25.633406318423525,10.88042633507272,1.817328745699093,5.029520295202952,8250.0,No,0,Company Has Debt,1
ADANIPORTS,2014,19.86309184255562,10.439661515820456,1.4807758128921849,3.6888433981576254,8250.0,No,0,Company Has Debt,1
ADANIPORTS,2015,21.58848118903855,10.476157107319295,1.651277287505806,3.90468085106383,8250.0,No,0,Company Has Debt,1
ADANIPORTS,2016,21.147723065531284,9.802772895918766,1.6543502406516104,4.72153024911032,8250.0,No,0,Low ROCE | Company Has Debt,2
ADANIPORTS,2017,22.264064817984707,10.714645193759436,1.267488303092548,5.784050179211469,8250.0,No,0,Company Has Debt,1
ADANIPORTS,2018,17.652968473424867,13.793820627180924,1.0701813136870306,5.067131095630145,8250.0,No,0,Company Has Debt,1
ADANIPORTS,2019,16.596914492040046,10.028031641194993,1.1370425077958313,5.693140794223827,8250.0,No,0,Company Has Debt,1
ADANIPORTS,2020,14.868209136976075,7.660819763370977,1.1879640177554307,4.036391594054331,8250.0,No,0,Low ROCE | Company Has Debt,2
ADANIPORTS,2021,16.586183108307875,9.92669240979848,1.1778522387569397,4.725055432372505,8250.0,No,0,Low ROCE | Company Has Debt,2
ADANIPORTS,2022,11.843332297171278,7.162752350817772,1.1461944955883407,4.465408805031447,8250.0,No,0,Low ROCE | Company Has Debt,2
ADANIPORTS,2023,11.8773271056864,7.611588395414023,1.1772455881380952,4.771053745239103,8250.0,No,0,Low ROCE | Company Has Debt,2
ADANIPORTS,2024,15.3548827162833,11.44374462092168,0.937322369168972,5.949506037321624,8250.0,No,0,Company Has Debt,1
ADANIPOWER,2013,-53.459119496855344,-0.7160215240409651,9.735616119263918,0.6899588960657663,17651.0,No,1,Low ROE | Low ROCE | High Debt | Weak Interest Coverage | Company Has Debt | High Leverage,6
ADANIPOWER,2014,-4.447501146263182,5.239382163217801,6.747669264863212,1.1364728495915426,17651.0,No,1,Low ROE | Low ROCE | High Debt | Weak Interest Coverage | Company Has Debt | High Leverage,6
ADANIPOWER,2015,-14.253275109170303,5.667069570214199,7.815196506550218,1.2060032894736843,17651.0,No,1,Low ROE | Low ROCE | High Debt | Weak Interest Coverage | Company Has Debt | High Leverage,6
ADANIPOWER,2016,7.378146759507231,10.19319899662774,7.06065881092662,1.5469424460431656,17651.0,No,1,Low ROE | High Debt | Weak Interest Coverage | Company Has Debt | High Leverage,5
ADANIPOWER,2017,-205.8,5.962079157955447,17.494666666666667,0.3920704845814978,17651.0,No,1,Low ROE | Low ROCE | High Debt | Weak Interest Coverage | Company Has Debt | High Leverage,6
ADANIPOWER,2018,-236.55793025871765,5.09455736728464,59.43194600674916,1.111310592459605,17651.0,No,1,Low ROE | Low ROCE | High Debt | Weak Interest Coverage | Company Has Debt | High Leverage,6
ADANIPOWER,2019,-12.75933609958506,4.081035617640605,6.091804979253112,1.313593777620647,17651.0,No,1,Low ROE | Low ROCE | High Debt | Weak Interest Coverage | Company Has Debt | High Leverage,6
ADANIPOWER,2020,-35.10260762228052,4.422827496757458,8.517049837987965,1.139604891815616,17651.0,No,1,Low ROE | Low ROCE | High Debt | Weak Interest Coverage | Company Has Debt | High Leverage,6
ADANIPOWER,2021,9.685045374818882,8.358727450024379,4.005109433386716,2.0754014884449665,17651.0,No,0,Low ROE | Low ROCE | High Debt | Company Has Debt,4
ADANIPOWER,2022,26.613209080565635,10.004141889293216,2.662675407704394,3.3672771672771677,17651.0,No,0,High Debt | Company Has Debt,2
ADANIPOWER,2023,35.90507430713616,9.403815800404288,1.4175257731958764,4.2927414517096585,17651.0,No,0,Low ROCE | Company Has Debt,2
ADANIPOWER,2024,48.27674122146251,18.385823227581948,0.8023177656738903,8.297225501770956,17651.0,No,0,Company Has Debt,1
AMBUJACEM,2012,14.686825053995682,21.497120921305186,0.0068205069910196,32.58974358974359,-3295.0,No,0,Negative Free Cash Flow | Company Has Debt,2
AMBUJACEM,2013,13.506658211794548,12.355415352260778,0.0050729232720355,30.73134328358209,-3295.0,No,0,Negative Free Cash Flow | Company Has Debt,2
AMBUJACEM,2014,14.766633565044687,14.063737133808392,0.0033763654419066,35.65151515151515,-3295.0,No,0,Negative Free Cash Flow | Company Has Debt,2
AMBUJACEM,2015,7.866809463538117,8.849214050067921,0.0034076526141563,20.597826086956523,-3295.0,No,0,Low ROE | Low ROCE | Negative Free Cash Flow | Company Has Debt,4
AMBUJACEM,2016,7.234751021643711,8.664987405541561,0.001463094697543,23.67320261437909,-3295.0,No,0,Low ROE | Low ROCE | Negative Free Cash Flow | Company Has Debt,4
AMBUJACEM,2017,9.408862229102168,12.751256281407036,0.0011609907120743,20.354368932038835,-3295.0,No,0,Low ROE | Negative Free Cash Flow | Company Has Debt,3
AMBUJACEM,2018,13.29012069736254,12.748772869254797,0.0017881090746535,24.958823529411763,-3295.0,No,0,Negative Free Cash Flow | Company Has Debt,2
AMBUJACEM,2019,11.558268959215882,14.279198971764998,0.0017027992358169,30.576470588235296,-3295.0,No,0,Negative Free Cash Flow | Company Has Debt,2
AMBUJACEM,2020,13.65294195192688,16.54899259514379,0.0206969284176297,37.81428571428572,-3295.0,No,0,Negative Free Cash Flow | Company Has Debt,2
AMBUJACEM,2021,14.636743709079436,19.581123456312184,0.0188135994320422,44.26027397260274,-3295.0,No,0,Negative Free Cash Flow | Company Has Debt,2
AMBUJACEM,2023,9.540034071550256,10.791098972719656,0.0164994636885607,28.55897435897436,-3295.0,No,0,Low ROE | Negative Free Cash Flow | Company Has Debt,3
AMBUJACEM,2024,11.428984947896565,11.33198908788993,0.0168612504824392,28.264492753623188,-3295.0,No,0,Negative Free Cash Flow | Company Has Debt,2
APOLLOHOSP,2013,11.03021477975974,11.868686868686869,0.4415726246814707,6.262135922330097,383.0,No,0,Company Has Debt,1
APOLLOHOSP,2014,10.581121934833725,11.756537838463318,0.4514612025529056,5.831932773109243,383.0,No,0,Company Has Debt,1
APOLLOHOSP,2015,10.561160151324083,10.166537567776915,0.6279949558638083,6.6440677966101696,383.0,No,0,Company Has Debt,1
APOLLOHOSP,2016,7.052821128451381,6.811547194291275,0.8505402160864346,4.311111111111111,383.0,No,0,Low ROE | Low ROCE | Company Has Debt,3
APOLLOHOSP,2017,3.952926976463488,6.5227519801211375,0.9429692214846108,3.0894941634241246,383.0,No,0,Low ROE | Low ROCE | Company Has Debt,3
APOLLOHOSP,2018,1.8450184501845015,6.617757149273844,1.0538130381303814,2.796610169491525,383.0,No,0,Low ROE | Low ROCE | Company Has Debt,3
APOLLOHOSP,2019,5.9988002399520095,9.618952476095332,1.1016796640671866,3.3516819571865444,383.0,No,0,Low ROE | Low ROCE | Company Has Debt,3
APOLLOHOSP,2020,12.934131736526949,13.999423298731257,1.0766467065868264,3.401500938086304,383.0,No,0,Company Has Debt,1
APOLLOHOSP,2021,2.976319791440365,6.470386853817185,0.9037584184227676,2.7683741648106905,383.0,No,0,Low ROE | Low ROCE | Company Has Debt,3
APOLLOHOSP,2022,19.704783923172684,16.386337839232276,0.723457229237062,6.746701846965699,383.0,No,0,Company Has Debt,1
APOLLOHOSP,2023,13.61729590190384,13.770180436847104,0.6989351403678606,5.616797900262467,383.0,No,0,Company Has Debt,1
APOLLOHOSP,2024,13.480392156862743,13.913114353248025,0.7688869665513264,5.565701559020044,383.0,No,0,Company Has Debt,1
ASIANPAINT,2013,34.2789598108747,43.5213204951857,0.0741725768321513,44.07142857142857,3556.0,No,0,Company Has Debt,1
ASIANPAINT,2014,31.27011636543699,40.99813432835821,0.0616489230007427,44.333333333333336,3556.0,No,0,Company Has Debt,1
ASIANPAINT,2015,30.09278785322649,38.31395348837209,0.0881484605651623,56.785714285714285,3556.0,No,0,Company Has Debt,1
ASIANPAINT,2016,27.632183908045977,35.762266355140184,0.0495019157088122,59.95918367346939,3556.0,No,0,Company Has Debt,1
ASIANPAINT,2017,26.512361914781696,32.56981871631553,0.0736454497632824,90.05405405405405,3556.0,No,0,Company Has Debt,1
ASIANPAINT,2018,24.94649227110583,31.80140892318014,0.0633769322235434,86.34146341463415,3556.0,No,0,Company Has Debt,1
ASIANPAINT,2019,23.3132720937599,29.126123621536465,0.1393728222996515,36.71818181818182,3556.0,No,0,Company Has Debt,1
ASIANPAINT,2020,27.38400789733465,30.023115220483643,0.1103652517275419,44.23529411764706,3556.0,No,0,Company Has Debt,1
ASIANPAINT,2021,25.042948617835396,29.246708396287502,0.0853506168983289,56.391304347826086,3556.0,No,0,Company Has Debt,1
ASIANPAINT,2022,22.335650159281784,25.89778557049159,0.114900086880973,53.68421052631579,3556.0,No,0,Company Has Debt,1
ASIANPAINT,2023,26.23186593296648,30.13668061366806,0.1208729364682341,46.46527777777778,3556.0,No,0,Company Has Debt,1
ASIANPAINT,2024,29.677488252883386,31.75172153570418,0.1321016659547202,41.00487804878049,3556.0,No,0,Company Has Debt,1
ATGL,2018,15.94488188976378,12.918254976704786,1.3238188976377954,3.568,203.0,No,0,Company Has Debt,1
ATGL,2019,20.780399274047188,25.935828877005346,0.3575317604355716,5.711111111111111,203.0,No,0,Company Has Debt,1
ATGL,2020,29.63970088375255,28.64665613480779,0.2909585316111489,15.585365853658535,203.0,No,0,Company Has Debt,1
ATGL,2021,23.94002068252327,26.02517255379618,0.2735263702171664,18.35,203.0,No,0,Company Has Debt,1
ATGL,2022,21.06788079470199,19.99420457838308,0.4283940397350993,15.452830188679243,203.0,No,0,Company Has Debt,1
ATGL,2023,18.56511390683441,17.350446940178777,0.4835090105406324,11.846153846153848,203.0,No,0,Company Has Debt,1
ATGL,2024,18.65921787709497,18.41541755888651,0.4349162011173184,10.504504504504505,203.0,No,0,Company Has Debt,1
BAJAJ-AUTO,2013,38.84686918784873,42.63537464857597,0.0143831370117792,4446.0,6486.0,No,0,Company Has Debt,1
BAJAJ-AUTO,2014,33.24481164551982,38.93995697242323,0.0058030884233303,4837.0,6486.0,No,0,Company Has Debt,1
BAJAJ-AUTO,2015,27.273546642631818,34.45168198447399,0.0100946372239747,726.0,6486.0,No,0,Company Has Debt,1
BAJAJ-AUTO,2016,28.96576319543509,31.73008912151648,0.008416547788873,5987.0,6486.0,No,0,Company Has Debt,1
BAJAJ-AUTO,2017,22.843862007168457,22.9305740987984,0.0067204301075268,5897.0,6486.0,No,0,Company Has Debt,1
BAJAJ-AUTO,2018,20.656058751529983,22.052954346344787,0.0059241126070991,6250.0,6486.0,No,0,Company Has Debt,1
BAJAJ-AUTO,2019,21.21120819523953,21.114821474441307,0.0053802780527697,1806.5,6486.0,No,0,Company Has Debt,1
BAJAJ-AUTO,2020,24.06056689133044,22.319625481916653,0.0058166374296002,2313.6666666666665,6486.0,No,0,Company Has Debt,1
BAJAJ-AUTO,2021,17.808821911780882,17.080382565525298,0.0044366223004436,929.7142857142856,6486.0,No,0,Company Has Debt,1
BAJAJ-AUTO,2022,20.650390167118797,16.639983990394235,0.0041193609966844,881.1111111111111,6486.0,No,0,Company Has Debt,1
BAJAJ-AUTO,2023,20.638921054424088,20.95570779352913,0.0042231455622913,204.2,6486.0,No,0,Company Has Debt,1
BAJAJ-AUTO,2024,26.61418410330778,27.207358942799765,0.0660175402251225,174.41666666666666,6486.0,No,0,Company Has Debt,1
AXISBANK,2013,15.6191567645817,2.4167304166211308,8.93461608058387,1.2697298122424057,-14556.0,No,0,Low ROCE | High Debt | Weak Interest Coverage | Negative Free Cash Flow | Company Has Debt,5
AXISBANK,2014,16.194395249505156,2.4967982866797964,8.680070840712574,1.3034436191762322,-14556.0,No,0,Low ROCE | High Debt | Weak Interest Coverage | Negative Free Cash Flow | Company Has Debt,5
AXISBANK,2015,16.369663396293575,2.374071884265933,9.046652873256358,1.331261207411835,-14556.0,No,0,Low ROCE | High Debt | Weak Interest Coverage | Negative Free Cash Flow | Company Has Debt,5
AXISBANK,2016,15.355029033402417,2.4582040634647684,8.815511865419444,1.4272756376053783,-14556.0,No,0,Low ROCE | High Debt | Weak Interest Coverage | Negative Free Cash Flow | Company Has Debt,5
AXISBANK,2017,6.525363604114934,3.990805337974057,9.3550372472508,2.0353263193909847,-14556.0,No,0,Low ROE | Low ROCE | High Debt | Negative Free Cash Flow | Company Has Debt,5
AXISBANK,2018,0.4298596726213652,4.192667013995785,9.522715591757908,2.632716330810614,-14556.0,No,0,Low ROE | Low ROCE | High Debt | Negative Free Cash Flow | Company Has Debt,5
AXISBANK,2019,6.898026606884752,3.391262865511325,10.501106162060116,2.0674028941355678,-14556.0,No,0,Low ROE | Low ROCE | High Debt | Negative Free Cash Flow | Company Has Debt,5
AXISBANK,2020,1.8844104702339584,3.880716596675029,9.234850590687978,2.255905258415396,-14556.0,No,0,Low ROE | Low ROCE | High Debt | Negative Free Cash Flow | Company Has Debt,5
AXISBANK,2021,6.359441666505782,3.2281257041644613,8.210427244821128,2.588470319634703,-14556.0,No,0,Low ROE | Low ROCE | High Debt | Negative Free Cash Flow | Company Has Debt,5
AXISBANK,2022,11.01377461716035,2.5415992219128443,8.632964375406939,1.968793114775639,-14556.0,No,0,Low ROCE | High Debt | Weak Interest Coverage | Negative Free Cash Flow | Company Has Debt,5
AXISBANK,2023,7.381666037401469,1.2478360829415074,8.876784737365254,1.8029486464721551,-14556.0,No,0,Low ROE | Low ROCE | High Debt | Weak Interest Coverage | Negative Free Cash Flow | Company Has Debt,6
AXISBANK,2024,15.832712405189048,2.5207167817120824,8.249122739980766,1.691203992514036,-14556.0,No,0,Low ROCE | High Debt | Weak Interest Coverage | Negative Free Cash Flow | Company Has Debt,5
BAJAJFINSV,2013,28.37733914380928,18.79959601789064,1.6650858754165598,3.266611295681064,-79634.0,No,0,Negative Free Cash Flow | Company Has Debt,2
BAJAJFINSV,2014,23.528780068728523,15.475901315104618,2.094823883161512,2.87708066581306,-79634.0,No,0,High Debt | Negative Free Cash Flow | Company Has Debt,3
BAJAJFINSV,2015,21.72423122012805,14.633298574904414,2.372801875732708,2.4748878923766817,-79634.0,No,0,High Debt | Negative Free Cash Flow | Company Has Debt,3
BAJAJFINSV,2016,20.405912199426428,13.45321278266648,2.651812633281859,2.3423705248522766,-79634.0,No,0,High Debt | Negative Free Cash Flow | Company Has Debt,3
BAJAJFINSV,2017,21.36090644542133,13.409277854515544,2.989412420283574,2.344725511302476,-79634.0,No,0,High Debt | Negative Free Cash Flow | Company Has Debt,3
BAJAJFINSV,2018,20.38763852951228,12.332613892176658,3.2072938534394377,2.381152063562128,-79634.0,No,0,High Debt | Negative Free Cash Flow | Company Has Debt,3
BAJAJFINSV,2019,22.636899747262003,11.993295220820444,4.201937657961246,2.259125732311852,-79634.0,No,0,High Debt | Negative Free Cash Flow | Company Has Debt,3
BAJAJFINSV,2020,19.148936170212767,11.2299229090175,4.064021468276788,1.921894736842105,-79634.0,No,0,High Debt | Weak Interest Coverage | Negative Free Cash Flow | Company Has Debt,4
BAJAJFINSV,2021,20.56098241696902,11.651885982798811,3.585291655037678,2.1171015742937245,-79634.0,No,0,High Debt | Negative Free Cash Flow | Company Has Debt,3
BAJAJFINSV,2022,20.657440306109773,10.372047302731524,4.004745695331329,2.2289957420292867,-79634.0,No,0,High Debt | Negative Free Cash Flow | Company Has Debt,3
BAJAJFINSV,2023,26.31068588790485,11.284561143069215,4.573986683043507,2.4126817447495963,-79634.0,No,0,High Debt | Negative Free Cash Flow | Company Has Debt,3
BAJAJFINSV,2024,25.850351412279537,11.44874463510097,4.789368120938867,2.197130112323319,-79634.0,No,0,High Debt | Negative Free Cash Flow | Company Has Debt,3
BAJAJHLDNG,2013,17.941034316094733,3.0932817786370226,0.0,,1469.0,Yes,0,Low ROCE,1
BAJAJHLDNG,2014,16.56804733727811,3.291940995082924,0.0,,1469.0,Yes,0,Low ROCE,1
BAJAJHLDNG,2015,15.149705069812589,3.569028597028298,0.0,,1469.0,Yes,0,Low ROCE,1
BAJAJHLDNG,2016,14.810697704832275,2.7725102988295296,0.0,,1469.0,Yes,0,Low ROCE,1
BAJAJHLDNG,2017,13.879223257380175,3.4964642496352005,0.0,,1469.0,Yes,0,Low ROCE,1
BAJAJHLDNG,2018,10.535296218404032,1.388833776437443,0.0,,1469.0,Yes,0,Low ROCE,1
BAJAJHLDNG,2019,11.308993766696348,1.2726328287325617,0.0,,1469.0,Yes,0,Low ROCE,1
BAJAJHLDNG,2020,11.093901955840508,0.9595073574164904,0.0060512192486402,258.38461538461536,1469.0,No,0,Low ROCE | Company Has Debt,2
BAJAJHLDNG,2021,9.831301961417386,0.8524783529474842,0.0036591600075335,950.75,1469.0,No,0,Low ROE | Low ROCE | Company Has Debt,3
BAJAJHLDNG,2022,9.630736193455022,0.7752118446782754,0.0026609401988702,1421.0,1469.0,No,0,Low ROE | Low ROCE | Company Has Debt,3
BAJAJHLDNG,2023,11.194604137431536,0.7814793901750423,0.0021049296093431,721.8571428571429,1469.0,No,0,Low ROCE | Company Has Debt,2
BAJAJHLDNG,2024,13.576787656460263,2.8134781808138465,0.0011613545449517,3764.5,1469.0,No,0,Low ROCE | Company Has Debt,2
BAJFINANCE,2015,18.70833333333333,5.455412494039103,5.553125,68.34615384615384,-79931.0,No,0,Low ROCE | High Debt | Negative Free Cash Flow | Company Has Debt,4
BAJFINANCE,2016,17.220950585700823,5.169621164402051,4.985189174633096,68.02857142857142,-79931.0,No,0,Low ROCE | High Debt | Negative Free Cash Flow | Company Has Debt,4
BAJFINANCE,2017,19.125,5.401869158878505,5.130208333333333,149.04545454545453,-79931.0,No,0,Low ROCE | High Debt | Negative Free Cash Flow | Company Has Debt,4
BAJFINANCE,2018,15.749621403331652,4.8698501304532495,4.1997097425542655,414.6,-79931.0,No,0,Low ROCE | High Debt | Negative Free Cash Flow | Company Has Debt,4
BAJFINANCE,2019,20.2822764888054,4.3781176567588735,5.157536680712799,422.1538461538461,-79931.0,No,0,Low ROCE | High Debt | Negative Free Cash Flow | Company Has Debt,4
BAJFINANCE,2020,16.283098243009157,5.467082783376713,4.015280871071517,1020.8888888888888,-79931.0,No,0,Low ROCE | High Debt | Negative Free Cash Flow | Company Has Debt,4
BAJFINANCE,2021,11.97247954927136,6.237837581280554,3.5655777669429547,3621.0,-79931.0,No,0,Low ROCE | High Debt | Negative Free Cash Flow | Company Has Debt,4
BAJFINANCE,2022,16.07759705350811,5.501447749407739,3.779928167821929,,-79931.0,No,0,Low ROCE | High Debt | Negative Free Cash Flow | Company Has Debt,4
BAJFINANCE,2023,21.16530567203708,4.503766665928828,3.985323328183624,,-79931.0,No,0,Low ROCE | High Debt | Negative Free Cash Flow | Company Has Debt,4
BAJFINANCE,2024,18.841921351830603,4.166013587646808,3.824788776468134,2689.1666666666665,-79931.0,No,0,Low ROCE | High Debt | Negative Free Cash Flow | Company Has Debt,4
BANKBARODA,2013,14.509344390361155,1.9591722368260969,15.299320954269575,2.4280647306583907,-7559.0,No,0,Low ROCE | High Debt | Negative Free Cash Flow | Company Has Debt,4
BANKBARODA,2014,13.306206568552328,1.7838489966708406,16.301767643406347,2.169396939693969,-7559.0,No,0,Low ROCE | High Debt | Negative Free Cash Flow | Company Has Debt,4
BANKBARODA,2015,9.400733019182256,1.8513048038094648,15.838045599504976,2.4716461736098365,-7559.0,No,0,Low ROE | Low ROCE | High Debt | Negative Free Cash Flow | Company Has Debt,5
BANKBARODA,2016,-11.841517069383338,3.7503072971574825,14.599816483542336,4.233144192256342,-7559.0,No,0,Low ROE | Low ROCE | High Debt | Negative Free Cash Flow | Company Has Debt,5
BANKBARODA,2017,4.307242204007709,2.705453998606062,15.057909768500243,2.4240897064382008,-7559.0,No,0,Low ROE | Low ROCE | High Debt | Negative Free Cash Flow | Company Has Debt,5
BANKBARODA,2018,-3.942790877464245,3.504354708802758,14.437808701627796,3.2623873873873874,-7559.0,No,0,Low ROE | Low ROCE | High Debt | Negative Free Cash Flow | Company Has Debt,5
BANKBARODA,2019,2.1201541930322207,3.149906517432346,13.354716706669576,3.271839736274883,-7559.0,No,0,Low ROE | Low ROCE | High Debt | Negative Free Cash Flow | Company Has Debt,5
BANKBARODA,2020,1.2890255439924314,3.3959051074811044,14.046318196152631,3.327700762857846,-7559.0,No,0,Low ROE | Low ROCE | High Debt | Negative Free Cash Flow | Company Has Debt,5
BANKBARODA,2021,1.966258041024396,3.1936483689889115,12.95270057045758,2.591475454483557,-7559.0,No,0,Low ROE | Low ROCE | High Debt | Negative Free Cash Flow | Company Has Debt,5
BANKBARODA,2022,8.635121749447583,2.8249295333542124,12.902404510770772,2.6060437651962487,-7559.0,No,0,Low ROE | Low ROCE | High Debt | Negative Free Cash Flow | Company Has Debt,5
BANKBARODA,2023,14.282994621864736,2.4999879114176315,12.77989624482414,2.349493087557604,-7559.0,No,0,Low ROCE | High Debt | Negative Free Cash Flow | Company Has Debt,4
BANKBARODA,2024,15.761863790899902,2.712278690337432,12.143718727289434,1.8967477242617208,-7559.0,No,0,Low ROCE | High Debt | Weak Interest Coverage | Negative Free Cash Flow | Company Has Debt,5
BHARTIARTL,2013,4.50498787806526,6.9580891523859965,1.326179404634156,5.337242752821421,27809.0,No,0,Low ROE | Low ROCE | Company Has Debt,3
BHARTIARTL,2014,5.05221233014258,8.00725385545366,1.2700984001606532,4.999659806089471,27809.0,No,0,Low ROE | Low ROCE | Company Has Debt,3
BHARTIARTL,2015,12.690750936470824,11.156568608351192,2.097066143751414,7.837381916329285,27809.0,No,0,High Debt | Company Has Debt,2
BHARTIARTL,2016,10.323498577205331,9.875997515171788,1.5073536019170286,4.545050315937281,27809.0,No,0,Low ROCE | Company Has Debt,2
BHARTIARTL,2017,6.286967994426079,8.90268677215371,1.5904650369865247,3.880067036765476,27809.0,No,0,Low ROE | Low ROCE | Company Has Debt,3
BHARTIARTL,2018,3.1408643129359315,5.991076414421488,1.60112173725462,3.413574951747802,27809.0,No,0,Low ROE | Low ROCE | Company Has Debt,3
BHARTIARTL,2019,2.3633843439788302,2.243321090571041,1.756128978060289,2.8467331952551307,27809.0,No,0,Low ROE | Low ROCE | Company Has Debt,3
BHARTIARTL,2020,-39.74852550392119,3.957883153705191,1.9214207012768163,-0.0832618639222412,27809.0,No,0,Low ROE | Low ROCE | Weak Interest Coverage | Company Has Debt,4
BHARTIARTL,2021,-20.972639221074417,7.1593502241383975,2.7612674503417978,2.7210920416142077,27809.0,No,0,Low ROE | Low ROCE | High Debt | Company Has Debt,4
BHARTIARTL,2022,12.478588815097517,10.34703173151817,2.549478618865884,3.742778045257583,27809.0,No,0,High Debt | Company Has Debt,2
BHARTIARTL,2023,15.84131609143535,11.476927232420788,2.914018281912768,3.745751295336788,27809.0,No,0,High Debt | Company Has Debt,2
BHARTIARTL,2024,10.35839213740181,12.995496477326457,2.6094723973904306,3.3055457435535147,27809.0,No,0,High Debt | Company Has Debt,2
BEL,2013,15183.333333333334,1776.6666666666663,4.0,184.42857142857144,-1265.0,No,0,High Debt | Negative Free Cash Flow | Company Has Debt,3
BEL,2014,13600.0,2767.8571428571427,3.0,194.7142857142857,-1265.0,No,0,High Debt | Negative Free Cash Flow | Company Has Debt,3
BEL,2015,17100.0,3069.696969696969,3.7142857142857135,240.8571428571429,-1265.0,No,0,High Debt | Negative Free Cash Flow | Company Has Debt,3
BEL,2016,11141.666666666668,3245.945945945946,2.083333333333333,196.6,-1265.0,No,0,High Debt | Negative Free Cash Flow | Company Has Debt,3
BEL,2017,10153.333333333334,3590.9090909090905,1.9333333333333331,122.88888888888889,-1265.0,No,0,Negative Free Cash Flow | Company Has Debt,2
BEL,2018,4616.129032258064,2236.7088607594937,1.5483870967741935,372.5,-1265.0,No,0,Negative Free Cash Flow | Company Has Debt,2
BEL,2019,3851.020408163265,2678.125,0.9591836734693876,186.375,-1265.0,No,0,Negative Free Cash Flow | Company Has Debt,2
BEL,2020,3318.181818181818,2411.111111111111,0.8,357.25,-1265.0,No,0,Negative Free Cash Flow | Company Has Debt,2
BEL,2021,3559.322033898305,2617.5925925925926,0.8305084745762712,333.9,-1265.0,No,0,Negative Free Cash Flow | Company Has Debt,2
BEL,2022,3478.260869565217,2317.322834645669,0.8405797101449275,397.3333333333333,-1265.0,No,0,Negative Free Cash Flow | Company Has Debt,2
BEL,2023,3981.333333333333,3211.4035087719303,0.52,230.05263157894737,-1265.0,No,0,Negative Free Cash Flow | Company Has Debt,2
BEL,2024,4744.047619047619,3628.346456692913,0.5119047619047619,476.75,-1265.0,No,0,Negative Free Cash Flow | Company Has Debt,2
BHEL,2013,21.90906412648532,25.6444190453274,0.0883171298569511,82.9296875,-2382.0,No,0,Negative Free Cash Flow | Company Has Debt,2
BHEL,2014,10.557414609146544,9.49186562433974,0.1414790027433601,46.58646616541353,-2382.0,No,0,Low ROCE | Negative Free Cash Flow | Company Has Debt,3
BHEL,2015,4.238898471073172,2.933843085106383,0.0552226152541877,36.54347826086956,-2382.0,No,0,Low ROE | Low ROCE | Negative Free Cash Flow | Company Has Debt,4
BHEL,2016,-2.1847439269689,-7.0528192830351095,0.0065294754757852,0.375,-2382.0,No,0,Low ROE | Low ROCE | Weak Interest Coverage | Negative Free Cash Flow | Company Has Debt,5
BHEL,2017,1.4047979252215257,0.7528038101090797,0.0048164500293309,4.47457627118644,-2382.0,No,0,Low ROE | Low ROCE | Negative Free Cash Flow | Company Has Debt,4
BHEL,2018,1.3545693520952529,2.6691323778702416,0.0034018865006958,7.066666666666666,-2382.0,No,0,Low ROE | Low ROCE | Negative Free Cash Flow | Company Has Debt,4
BHEL,2019,3.2422987315557856,4.644498835890395,0.0840667874708775,7.126984126984127,-2382.0,No,0,Low ROE | Low ROCE | Negative Free Cash Flow | Company Has Debt,4
BHEL,2020,-5.12212142358688,-1.885002963841138,0.1772505233775296,0.7455138662316476,-2382.0,No,0,Low ROE | Low ROCE | Weak Interest Coverage | Negative Free Cash Flow | Company Has Debt,5
BHEL,2021,-10.391409767925182,-11.385530484256805,0.1905476657814725,-5.687366167023555,-2382.0,No,0,Low ROE | Low ROCE | Weak Interest Coverage | Negative Free Cash Flow | Company Has Debt,5
BHEL,2022,1.678865162604693,1.6402859331120754,0.1822228929299026,2.752232142857143,-2382.0,No,0,Low ROE | Low ROCE | Negative Free Cash Flow | Company Has Debt,4
BHEL,2023,2.682746738862909,2.628050415661036,0.2237263106079251,2.594771241830065,-2382.0,No,0,Low ROE | Low ROCE | Negative Free Cash Flow | Company Has Debt,4
BHEL,2024,1.1539405843358703,1.3876374121463328,0.3623864473361158,1.5929951690821256,-2382.0,No,0,Low ROE | Low ROCE | Weak Interest Coverage | Negative Free Cash Flow | Company Has Debt,5
BOSCHLTD,2012,17.19002332675399,16.93951404445976,0.0412704109097434,286.5,1536.0,No,0,Company Has Debt,1
BOSCHLTD,2013,14.061010486177311,13.972518141114715,0.0290753098188751,,1536.0,No,0,Company Has Debt,1
BOSCHLTD,2015,18.211514904042467,19.214266559399302,0.0151082074316047,179.85714285714286,1536.0,No,0,Company Has Debt,1
BOSCHLTD,2016,16.056633455689564,15.565988523735005,0.0052438384897745,192.3846153846154,1536.0,No,0,Company Has Debt,1
BOSCHLTD,2017,19.786339356745085,17.12694624389135,0.0,106.48148148148148,1536.0,Yes,0,Financially Healthy,0
BOSCHLTD,2018,13.7360985873159,16.290952810339647,0.0,837.0,1536.0,Yes,0,Financially Healthy,0
BOSCHLTD,2019,17.508491289580366,19.19579270296921,0.0,211.84615384615384,1536.0,Yes,0,Financially Healthy,0
BOSCHLTD,2020,7.011866235167206,11.772260273972602,0.0079827400215749,137.8,1536.0,No,0,Low ROE | Company Has Debt,2
BOSCHLTD,2021,4.906851267433575,8.322365090614559,0.0054973022498218,65.85714285714286,1536.0,No,0,Low ROE | Low ROCE | Company Has Debt,3
BOSCHLTD,2022,11.386601796407184,10.575225350803828,0.0068300898203592,63.89655172413793,1536.0,No,0,Company Has Debt,1
BOSCHLTD,2023,12.930173431399256,12.86824507500452,0.0048124943248887,190.08333333333331,1536.0,No,0,Company Has Debt,1
BOSCHLTD,2024,20.639920424403183,13.756919771957364,0.0032327586206896,71.7843137254902,1536.0,No,0,Company Has Debt,1
BPCL,2013,11.540983606557376,8.503564848193543,1.9765722801788372,3.256949960285941,25415.0,No,0,Low ROCE | Company Has Debt,2
BPCL,2014,20.84876543209877,12.93542744143596,1.705349794238683,5.4278506559031285,25415.0,No,0,Company Has Debt,1
BPCL,2015,22.524598883077743,14.052940442002749,1.1298643737257337,10.082203389830507,25415.0,No,0,Company Has Debt,1
BPCL,2016,29.103403612290425,21.294595756320582,0.8414765776786357,21.88823529411765,25415.0,No,0,Company Has Debt,1
BPCL,2017,30.847853596807163,17.54478239961529,1.1591875141957884,23.71264367816092,25415.0,No,0,Company Has Debt,1
BPCL,2018,26.74021682733008,16.737122701203585,1.0284005570878505,15.382799325463743,25415.0,No,0,Company Has Debt,1
BPCL,2019,21.999226106023475,13.987369025405483,1.1566877337804722,10.253401360544215,25415.0,No,0,Company Has Debt,1
BPCL,2020,10.035037775101282,4.798643243667163,1.792291689477718,3.931740614334471,25415.0,No,0,Low ROCE | Company Has Debt,2
BPCL,2021,32.340584445896745,15.41998575221812,1.0182429278312015,16.535113174695297,25415.0,No,0,Company Has Debt,1
BPCL,2022,22.50650226375108,11.768393751234552,1.243309893073885,9.23867996930161,25415.0,No,0,Company Has Debt,1
BPCL,2023,3.98154030118456,3.6859834985109607,1.2962146407084938,3.4539385847797064,25415.0,No,0,Low ROE | Low ROCE | Company Has Debt,3
BPCL,2024,35.511337343822305,28.649200669564017,0.7218747934157467,11.355507351168956,25415.0,No,0,Company Has Debt,1
BRITANNIA,2013,46.59498207885305,37.10021321961621,0.6810035842293907,11.53658536585366,3050.0,No,0,Company Has Debt,1
BRITANNIA,2014,49.49874686716792,57.38396624472573,0.18796992481203,82.625,3050.0,No,0,Company Has Debt,1
BRITANNIA,2015,55.34136546184739,52.230215827338135,0.1164658634538152,274.5,3050.0,No,0,Company Has Debt,1
BRITANNIA,2016,39.4359464627151,49.97750787224472,0.0626195028680688,267.8,3050.0,No,0,Company Has Debt,1
BRITANNIA,2017,32.826409495548965,41.08472172988302,0.0463649851632047,285.8,3050.0,No,0,Company Has Debt,1
BRITANNIA,2018,29.47739283617146,37.67673967285833,0.059013505578391,208.375,3050.0,No,0,Company Has Debt,1
BRITANNIA,2019,27.157300728897248,35.608981628487186,0.0366799905948742,215.33333333333331,3050.0,No,0,Company Has Debt,1
BRITANNIA,2020,31.66023166023166,27.90775963642485,0.3493072904837611,27.350649350649352,3050.0,No,0,Company Has Debt,1
BRITANNIA,2021,52.17023675310034,40.75837742504409,0.5980834272829764,25.423423423423426,3050.0,No,0,Company Has Debt,1
BRITANNIA,2022,59.26505082095387,39.69041476483429,0.9698983580922595,16.82638888888889,3050.0,No,0,Company Has Debt,1
BRITANNIA,2023,65.53480475382003,39.88669422753024,0.8480475382003395,20.28402366863905,3050.0,No,0,Company Has Debt,1
BRITANNIA,2024,54.14869322506978,47.735597735597736,0.5239786856127886,20.59756097560976,3050.0,No,0,Company Has Debt,1
CANBK,2013,11.896250397203689,1.751176423672037,14.936447410231969,2.1822853688029022,13296.0,No,0,Low ROCE | High Debt | Company Has Debt,3
CANBK,2014,8.854718981972429,1.96741610871616,14.843352332979851,2.3248069498069497,13296.0,No,0,Low ROE | Low ROCE | High Debt | Company Has Debt,4
CANBK,2015,9.020682014034223,1.855896838227001,15.37264557429521,2.1764208747094864,13296.0,No,0,Low ROE | Low ROCE | High Debt | Company Has Debt,4
CANBK,2016,-7.821659981487196,3.2669785317609,15.634433816723234,3.3739080896315987,13296.0,No,0,Low ROE | Low ROCE | High Debt | Company Has Debt,4
CANBK,2017,4.06804093988756,2.6968990927814054,15.420441112873,1.9965613856342328,13296.0,No,0,Low ROE | Low ROCE | High Debt | Weak Interest Coverage | Company Has Debt,5
CANBK,2018,-10.496788356776973,4.183114044215213,15.279182589370407,3.4536361178696944,13296.0,No,0,Low ROE | Low ROCE | High Debt | Company Has Debt,4
CANBK,2019,1.8466926689484997,3.9496647513111207,16.98548648146674,2.7433128091248613,13296.0,No,0,Low ROE | Low ROCE | High Debt | Company Has Debt,4
CANBK,2020,-4.661942435567636,3.716364805124504,16.215356986846576,2.2699381303500297,13296.0,No,0,Low ROE | Low ROCE | High Debt | Company Has Debt,4
CANBK,2021,4.73802275276398,3.791943799581274,17.000448646050312,1.8804037078749023,13296.0,No,0,Low ROE | Low ROCE | High Debt | Weak Interest Coverage | Company Has Debt,5
CANBK,2022,8.802046854676176,3.3589253833610373,16.18939123225797,1.7432643911517152,13296.0,No,0,Low ROE | Low ROCE | High Debt | Weak Interest Coverage | Company Has Debt,5
CANBK,2023,14.534809234632434,3.174464383742874,15.850052527737208,1.6884501480750247,13296.0,No,0,Low ROCE | High Debt | Weak Interest Coverage | Company Has Debt,4
CANBK,2024,16.716051794688113,3.0948490094827803,14.867419925542425,1.6106611743349857,13296.0,No,0,Low ROCE | High Debt | Weak Interest Coverage | Company Has Debt,4
CHOLAFIN,2013,15.778688524590164,3.8673712327971663,7.822233606557377,706.0,-38538.0,No,0,Low ROCE | High Debt | Negative Free Cash Flow | Company Has Debt,4
CHOLAFIN,2014,16.09094884127678,4.454375798055201,7.903366856143419,950.0,-38538.0,No,0,Low ROCE | High Debt | Negative Free Cash Flow | Company Has Debt,4
CHOLAFIN,2015,16.598130841121495,4.556906077348066,7.457943925233645,,-38538.0,No,0,Low ROCE | High Debt | Negative Free Cash Flow | Company Has Debt,4
CHOLAFIN,2016,15.66757493188011,4.745193774794019,6.143324250681199,643.5,-38538.0,No,0,Low ROCE | High Debt | Negative Free Cash Flow | Company Has Debt,4
CHOLAFIN,2017,16.70544439274081,4.522542211568966,5.600511865984179,448.6666666666667,-38538.0,No,0,Low ROCE | High Debt | Negative Free Cash Flow | Company Has Debt,4
CHOLAFIN,2018,17.912195121951218,3.221723622137844,7.479024390243903,,-38538.0,No,0,Low ROCE | High Debt | Negative Free Cash Flow | Company Has Debt,4
CHOLAFIN,2019,19.281572164948454,2.7741083223249667,8.145457474226804,1659.0,-38538.0,No,0,Low ROCE | High Debt | Negative Free Cash Flow | Company Has Debt,4
CHOLAFIN,2020,12.853658536585366,3.654774147614904,6.707926829268293,,-38538.0,No,0,Low ROCE | High Debt | Negative Free Cash Flow | Company Has Debt,4
CHOLAFIN,2021,15.84375,3.8333560616391655,6.638541666666667,52.410714285714285,-38538.0,No,0,Low ROCE | High Debt | Negative Free Cash Flow | Company Has Debt,4
CHOLAFIN,2022,18.30231965332653,3.490110324549374,5.87764465969921,35.17857142857143,-38538.0,No,0,Low ROCE | High Debt | Negative Free Cash Flow | Company Has Debt,4
CHOLAFIN,2023,18.576606719643102,3.133280813578744,6.786421302105117,16.581818181818182,-38538.0,No,0,Low ROCE | High Debt | Negative Free Cash Flow | Company Has Debt,4
CHOLAFIN,2024,17.455213596692694,3.3666952254848512,6.863420609401317,21.211764705882352,-38538.0,No,0,Low ROCE | High Debt | Negative Free Cash Flow | Company Has Debt,4
CIPLA,2013,17.130502272979268,57.43040256358902,0.107218095132498,24.86530612244898,1152.0,No,0,Company Has Debt,1
CIPLA,2014,13.968759327430105,67.73165766882025,0.1241667495771565,32.059760956175296,1152.0,No,0,Company Has Debt,1
CIPLA,2015,11.377522680985004,69.39624150339864,0.1576559896315497,56.109756097560975,1152.0,No,0,Company Has Debt,1
CIPLA,2016,12.00833550403751,63.13774747293498,0.4516801250325605,54.46153846153846,1152.0,No,0,Company Has Debt,1
CIPLA,2017,8.250956632653061,63.486822356967046,0.3278858418367347,57.28365384615385,1152.0,No,0,Low ROE | Company Has Debt,2
CIPLA,2018,9.958535385480358,60.05347301795165,0.2880033733923677,44.1,1152.0,No,0,Low ROE | Company Has Debt,2
CIPLA,2019,9.938715694111377,61.77048841059602,0.2875033306687983,27.849056603773583,1152.0,No,0,Low ROE | Company Has Debt,2
CIPLA,2020,9.515955084692,68.63125033640132,0.1786461967899511,40.53779069767442,1152.0,No,0,Low ROE | Company Has Debt,2
CIPLA,2021,13.03612354032522,68.03834808259587,0.109898504856488,56.12406015037594,1152.0,No,0,Company Has Debt,1
CIPLA,2022,12.221102634230602,73.79549710005936,0.0506693536778465,174.06060606060606,1152.0,No,0,Company Has Debt,1
CIPLA,2023,12.103216986371596,68.37670384138785,0.0343059768445336,60.57337883959045,1152.0,No,0,Company Has Debt,1
CIPLA,2024,15.554557028383137,67.603154227031,0.0209316258518684,35.33876811594203,1152.0,No,0,Company Has Debt,1
COALINDIA,2013,35.80623865324311,97.23968901299796,0.0269227595312757,5.740630712979891,13617.0,No,0,Company Has Debt,1
COALINDIA,2014,35.63814734459013,119.40726128411066,0.0041977171964908,7.374389733575115,13617.0,No,0,Company Has Debt,1
COALINDIA,2015,34.01729735087849,133.60074581094673,0.0101107724332763,8.645357686453577,13617.0,No,0,Company Has Debt,1
COALINDIA,2016,40.95828668216921,156.30828152753108,0.0344213820227944,9.963125105236571,13617.0,No,0,Company Has Debt,1
COALINDIA,2017,37.84974304592544,228.13090222286792,0.1229300921771759,12.364936042136945,13617.0,No,0,Company Has Debt,1
COALINDIA,2018,34.87957181088314,335.6649475041444,0.0762216275151154,15.269748743718592,13617.0,No,0,Company Has Debt,1
COALINDIA,2019,66.01398601398601,248.13884528170243,0.0835380835380835,12.787795680493655,13617.0,No,0,Company Has Debt,1
COALINDIA,2020,51.93270516528283,184.10769350366664,0.2000808533134309,11.56455617628802,13617.0,No,0,Company Has Debt,1
COALINDIA,2021,34.78284681526918,159.61511249469365,0.1611260200449093,19.08578300374132,13617.0,No,0,Company Has Debt,1
COALINDIA,2022,40.27999907285075,172.67719741946544,0.0814500614236376,21.99120538023797,13617.0,No,0,Company Has Debt,1
COALINDIA,2023,52.13911214108443,133.77573879154264,0.0711832092434626,14.33719512195122,13617.0,No,0,Company Has Debt,1
COALINDIA,2024,45.16982956605826,98.1670083918748,0.0788468512027076,11.24178180085755,13617.0,No,0,Company Has Debt,1
DABUR,2013,36.56324582338903,27.942082563154653,0.5494033412887828,18.508474576271187,1042.0,No,0,Company Has Debt,1
DABUR,2014,34.48795180722892,31.658739595719386,0.2665662650602409,23.85185185185185,1042.0,No,0,Company Has Debt,1
DABUR,2015,31.84257602862254,29.47651663405088,0.2188431723315444,36.85,1042.0,No,0,Company Has Debt,1
DABUR,2016,30.064732678014867,27.833601286173632,0.192999280748022,36.145833333333336,1042.0,No,0,Company Has Debt,1
DABUR,2017,26.408087476789767,23.51425626932325,0.2011553538271095,33.48148148148148,1042.0,No,0,Company Has Debt,1
DABUR,2018,23.79950928846828,21.899458157736305,0.1643883631265334,36.0,1042.0,No,0,Company Has Debt,1
DABUR,2019,25.67471590909091,24.688042963196967,0.1241122159090909,32.7,1042.0,No,0,Company Has Debt,1
DABUR,2020,21.91946715107478,22.05387205387205,0.0790190735694822,39.94,1042.0,No,0,Company Has Debt,1
DABUR,2021,22.11638830897704,21.558791141563685,0.0664144050104384,75.06451612903226,1042.0,No,0,Company Has Debt,1
DABUR,2022,20.78262944404677,21.23884402889928,0.1228823669768551,65.64102564102564,1042.0,No,0,Company Has Debt,1
DABUR,2023,18.956870611835505,18.24184488026017,0.1308369553103755,33.42307692307692,1042.0,No,0,Company Has Debt,1
DABUR,2024,18.355969997972835,17.816757189920754,0.1383539428339752,23.241935483870968,1042.0,No,0,Company Has Debt,1
DIVISLAB,2013,24.07037185125949,29.16337805840568,0.0131947221111555,287.0,992.0,No,0,Company Has Debt,1
DIVISLAB,2014,26.07962213225371,31.05298457411133,0.0060728744939271,362.0,992.0,No,0,Company Has Debt,1
DIVISLAB,2015,24.37070938215103,29.435140505251205,0.0077231121281464,403.6666666666667,992.0,No,0,Company Has Debt,1
DIVISLAB,2016,26.22874446773818,30.103806228373703,0.0097833682739343,303.2,992.0,No,0,Company Has Debt,1
DIVISLAB,2017,19.787194325182007,24.605970702762843,0.0067201792047787,507.3333333333333,992.0,No,0,Company Has Debt,1
DIVISLAB,2018,14.80168776371308,18.820975283901134,0.010632911392405,688.0,992.0,No,0,Company Has Debt,1
DIVISLAB,2019,19.44803794739112,24.13988390202464,0.015236452493891,405.6,992.0,No,0,Company Has Debt,1
DIVISLAB,2020,18.83720930232558,22.315961355286436,0.0053351573187414,287.42857142857144,992.0,No,0,Company Has Debt,1
DIVISLAB,2021,21.34480903711673,28.075268817204304,0.0005379236148466,1462.0,992.0,No,0,Company Has Debt,1
DIVISLAB,2022,25.2387448840382,30.455165359699965,0.0003410641200545,1998.5,992.0,No,0,Company Has Debt,1
DIVISLAB,2023,14.286833241951909,15.871897267246103,0.000313307746534,1357.0,992.0,No,0,Company Has Debt,1
DIVISLAB,2024,11.78984599513669,13.49639015765434,0.0002210596124088,636.25,992.0,No,0,Company Has Debt,1
DLF,2013,2.592405456877453,3.5104817596361486,1.0338528508686695,1.6905790838375108,1010.0,No,0,Low ROE | Low ROCE | Weak Interest Coverage | Company Has Debt,4
DLF,2014,2.153677678408469,3.551467163483931,0.8809271764920606,1.4721883881445392,1010.0,No,0,Low ROE | Low ROCE | Weak Interest Coverage | Company Has Debt,4
DLF,2015,1.8524608133289489,4.760527533549283,0.8949906828894004,1.5264756944444444,1010.0,No,0,Low ROE | Low ROCE | Weak Interest Coverage | Company Has Debt,4
DLF,2016,1.2671901616186798,6.486530314394017,1.049648926004404,1.6686567164179105,1010.0,No,0,Low ROE | Low ROCE | Weak Interest Coverage | Company Has Debt,4
DLF,2017,2.881211085337566,5.344490934449094,1.1883774874862654,1.537248322147651,1010.0,No,0,Low ROE | Low ROCE | Weak Interest Coverage | Company Has Debt,4
DLF,2018,12.678768655659708,3.49229195863793,0.4953413950327093,4.1003049813622505,1010.0,No,0,Low ROCE | Company Has Debt,2
DLF,2019,3.913509649749821,3.785582109531872,0.5129258994519895,1.4219204655674105,1010.0,No,0,Low ROE | Low ROCE | Weak Interest Coverage | Company Has Debt,4
DLF,2020,-1.7127761488663744,2.2232667450058754,0.2352309344790547,1.598458304134548,1010.0,No,0,Low ROE | Low ROCE | Weak Interest Coverage | Company Has Debt,4
DLF,2021,3.0641693073789047,3.1020601468150604,0.1948279764599366,2.17116060961313,1010.0,No,0,Low ROE | Low ROCE | Company Has Debt,3
DLF,2022,4.125185633353501,3.931531176006314,0.1150101754578956,3.1008,1010.0,No,0,Low ROE | Low ROCE | Company Has Debt,3
DLF,2023,5.397086528511158,3.844372394627142,0.0884655186138456,5.211734693877551,1010.0,No,0,Low ROE | Low ROCE | Company Has Debt,3
DLF,2024,6.908270142781061,4.464023494860499,0.1225938982019223,7.457865168539326,1010.0,No,0,Low ROE | Low ROCE | Company Has Debt,3
DMART,2013,11.913814955640053,12.85171102661597,0.6666666666666666,5.348837209302325,278.0,No,0,Company Has Debt,1
DMART,2014,16.84100418410042,17.78334376956794,0.6705020920502092,6.375,278.0,No,0,Company Has Debt,1
DMART,2015,17.666666666666668,17.775665399239543,0.7533333333333333,6.611111111111111,278.0,No,0,Company Has Debt,1
DMART,2016,21.038790269559502,20.862513822336897,0.7836949375410914,7.483516483516484,278.0,No,0,Company Has Debt,1
DMART,2017,12.467464862051015,15.752013485671473,0.3896408120770432,8.172131147540984,278.0,No,0,Company Has Debt,1
DMART,2018,17.262797172842152,23.37509788566954,0.0940244163632469,24.016666666666666,278.0,No,0,Company Has Debt,1
DMART,2019,16.144621442634687,22.602195005567044,0.1252908537676749,35.765957446808514,278.0,No,0,Company Has Debt,1
DMART,2020,11.74187725631769,15.368439498817136,0.0300541516245487,31.71014492753623,278.0,No,0,Company Has Debt,1
DMART,2021,9.020026263952726,10.582809891071005,0.0322554169402495,46.16666666666666,278.0,No,0,Low ROE | Company Has Debt,2
DMART,2022,10.908027489399034,13.989528795811518,0.0473022371691767,48.44444444444444,278.0,No,0,Company Has Debt,1
DMART,2023,14.790396815524318,17.941510675198852,0.0399925363851225,56.223880597014926,278.0,No,0,Company Has Debt,1
DMART,2024,13.56294790886726,17.49611197511664,0.0316611402289014,73.29310344827586,278.0,No,0,Company Has Debt,1
DRREDDY,2013,23.97550635892605,21.08247935528803,0.5781127335531481,28.15,509.0,No,0,Company Has Debt,1
DRREDDY,2014,24.958677685950413,21.09058499432831,0.5692307692307692,26.937007874015748,509.0,No,0,Company Has Debt,1
DRREDDY,2015,23.708515173043743,19.397190654337543,0.4378361920227342,34.888888888888886,509.0,No,0,Company Has Debt,1
DRREDDY,2016,16.95441164770467,16.619559072922556,0.2666878828864667,46.74698795180723,509.0,No,0,Company Has Debt,1
DRREDDY,2017,10.536617191322788,8.41094295692666,0.4010764964932311,33.46835443037975,509.0,No,0,Low ROCE | Company Has Debt,2
DRREDDY,2018,7.532612153993,7.220994161990592,0.4033566656061088,31.72151898734177,509.0,No,0,Low ROE | Low ROCE | Company Has Debt,3
DRREDDY,2019,13.904734740444953,11.43768894860598,0.2736737022247575,39.98876404494382,509.0,No,0,Company Has Debt,1
DRREDDY,2020,12.988012052054618,7.378291874894716,0.1416757484454131,32.11224489795919,509.0,No,0,Low ROCE | Company Has Debt,2
DRREDDY,2021,11.06513236211099,12.795085139318886,0.1718156567088033,43.39175257731959,509.0,No,0,Company Has Debt,1
DRREDDY,2022,11.35748490526754,11.519738006726854,0.1761399125546533,45.03125,509.0,No,0,Company Has Debt,1
DRREDDY,2023,19.35497723954307,21.191085129704053,0.0578459160010306,52.03496503496503,509.0,No,0,Company Has Debt,1
DRREDDY,2024,19.74233736816026,21.361052353252248,0.0708572237559283,51.707602339181285,509.0,No,0,Company Has Debt,1
EICHERMOT,2012,27.065527065527068,26.321709786276717,0.0131054131054131,171.5,890.0,No,0,Company Has Debt,1
EICHERMOT,2013,25.547445255474454,27.349228611500703,0.0408759124087591,101.0,890.0,No,0,Company Has Debt,1
EICHERMOT,2014,27.90143084260731,34.88733488733489,0.0230524642289348,122.3,890.0,No,0,Company Has Debt,1
EICHERMOT,2016,36.627429509991785,42.247007616974976,0.0062961949082945,1008.0,890.0,No,0,Company Has Debt,1
EICHERMOT,2017,31.18802619270346,37.016675829210186,0.0209541627689429,647.5,890.0,No,0,Company Has Debt,1
EICHERMOT,2018,27.880512091038405,36.011697535162234,0.021479374110953,669.0,890.0,No,0,Company Has Debt,1
EICHERMOT,2019,24.702848172235928,28.599670510708403,0.020968827091276,515.0,890.0,No,0,Company Has Debt,1
EICHERMOT,2020,18.30477908025248,17.605083088954057,0.0249474000601142,145.0,890.0,No,0,Company Has Debt,1
EICHERMOT,2021,11.7765343591537,11.426610620228187,0.0191467039692253,141.5625,890.0,No,0,Company Has Debt,1
EICHERMOT,2022,13.301078680203046,13.573450770682603,0.0085659898477157,140.73684210526315,890.0,No,0,Company Has Debt,1
EICHERMOT,2023,19.43962641761174,19.112449273465117,0.019212808539026,155.5,890.0,No,0,Company Has Debt,1
EICHERMOT,2024,22.172346910501524,20.20688908145581,0.0232197284566361,114.70588235294116,890.0,No,0,Company Has Debt,1
GAIL,2013,15.166354101548936,13.493571333892987,0.5720636243661874,19.02517162471396,4360.0,No,0,Company Has Debt,1
GAIL,2014,14.746117821050037,12.440923263977409,0.5711424698052748,13.804185351270553,4360.0,No,0,Company Has Debt,1
GAIL,2015,9.288107695020868,8.02477395676027,0.5376227147140086,10.085889570552148,4360.0,No,0,Low ROE | Low ROCE | Company Has Debt,3
GAIL,2016,5.147927368623465,6.687933120668793,0.2486608246573084,6.407542579075426,4360.0,No,0,Low ROE | Low ROCE | Company Has Debt,3
GAIL,2017,8.584149599287622,9.769287801474116,0.1667217911207225,14.210216110019646,4360.0,No,0,Low ROE | Low ROCE | Company Has Debt,3
GAIL,2018,11.528587538088724,13.774558226319831,0.0929964730439789,29.661016949152543,4360.0,No,0,Company Has Debt,1
GAIL,2019,14.244413529258326,17.149788504603137,0.0483436222937135,73.31446540880503,4360.0,No,0,Company Has Debt,1
GAIL,2020,19.31273849151579,12.356710573157708,0.1402939027360558,41.48220064724919,4360.0,No,0,Company Has Debt,1
GAIL,2021,11.550900680681432,8.305626074850544,0.148038810123726,56.30167597765363,4360.0,No,0,Low ROCE | Company Has Debt,2
GAIL,2022,19.19081635836167,17.37488067639438,0.1437439560782356,89.53465346534654,4360.0,No,0,Company Has Debt,1
GAIL,2023,8.61891046868021,5.798677833774459,0.274400480539683,28.27945205479452,4360.0,No,0,Low ROE | Low ROCE | Company Has Debt,3
GAIL,2024,12.86154006000234,10.772236337318176,0.2830499889606088,23.624478442280942,4360.0,No,0,Company Has Debt,1
GODREJCP,2013,25.505584062782976,15.912636505460217,0.7413220645940235,13.666666666666666,-1365.0,No,0,Negative Free Cash Flow | Company Has Debt,2
GODREJCP,2014,21.6953642384106,17.680546519193232,0.6286092715231788,10.258333333333333,-1365.0,No,0,Negative Free Cash Flow | Company Has Debt,2
GODREJCP,2015,22.639758756668986,18.326693227091635,0.6302482022732545,12.964285714285714,-1365.0,No,0,Negative Free Cash Flow | Company Has Debt,2
GODREJCP,2016,19.475041012420903,21.73791561888796,0.67752519334427,10.8984375,-1365.0,No,0,Negative Free Cash Flow | Company Has Debt,2
GODREJCP,2017,24.669935873255376,18.972374502848545,0.7546208977744248,12.876623376623376,-1365.0,No,0,Negative Free Cash Flow | Company Has Debt,2
GODREJCP,2018,26.110578459571748,19.74196190866271,0.5605624800255673,13.68208092485549,-1365.0,No,0,Negative Free Cash Flow | Company Has Debt,2
GODREJCP,2019,32.22787945507087,18.424265189219646,0.4653914958029448,10.478991596638656,-1365.0,No,0,Negative Free Cash Flow | Company Has Debt,2
GODREJCP,2020,18.95416561154723,17.057439205090212,0.4526462395543175,9.587719298245617,-1365.0,No,0,Negative Free Cash Flow | Company Has Debt,2
GODREJCP,2021,18.23286365081047,19.41962310890914,0.1974785464561924,17.55072463768116,-1365.0,No,0,Negative Free Cash Flow | Company Has Debt,2
GODREJCP,2022,15.429214260989962,16.583710407239817,0.1474558670820353,20.385245901639344,-1365.0,No,0,Negative Free Cash Flow | Company Has Debt,2
GODREJCP,2023,12.338697984631,14.788260519967835,0.0819196752211106,13.601063829787234,-1365.0,No,0,Negative Free Cash Flow | Company Has Debt,2
GODREJCP,2024,-4.45308779171297,17.168141592920357,0.2557548817272583,2.412903225806452,-1365.0,No,0,Low ROE | Negative Free Cash Flow | Company Has Debt,3
GRASIM,2013,19.21961642163097,15.99616530283836,0.4858320191280459,20.82716049382716,-33833.0,No,0,Negative Free Cash Flow | Company Has Debt,2
GRASIM,2014,13.66643534582466,11.049335378323107,0.447883414295628,12.284116331096197,-33833.0,No,0,Negative Free Cash Flow | Company Has Debt,2
GRASIM,2015,11.158167675021607,10.211006558311947,0.5155574762316335,8.506746626686656,-33833.0,No,0,Negative Free Cash Flow | Company Has Debt,2
GRASIM,2016,12.596157351708046,10.209345419942906,0.4559043348281016,10.071030640668525,-33833.0,No,0,Negative Free Cash Flow | Company Has Debt,2
GRASIM,2017,13.527893713958008,13.74137931034483,0.2935291681269315,12.055555555555555,-33833.0,No,0,Negative Free Cash Flow | Company Has Debt,2
GRASIM,2018,6.429455553424801,7.142914547018026,1.1692613448161644,3.282009282009282,-33833.0,No,0,Low ROE | Low ROCE | Negative Free Cash Flow | Company Has Debt,4
GRASIM,2019,4.731127197518097,9.17077757583838,1.4561702861082386,2.441254125412541,-33833.0,No,0,Low ROE | Low ROCE | Negative Free Cash Flow | Company Has Debt,4
GRASIM,2020,11.722847103279006,4.503924757796479,1.4969540727137889,2.532510885341074,-33833.0,No,0,Low ROCE | Negative Free Cash Flow | Company Has Debt,3
GRASIM,2021,10.6681528078908,10.100157706886534,1.2074083122118056,3.453608247422681,-33833.0,No,0,Negative Free Cash Flow | Company Has Debt,2
GRASIM,2022,14.803365962562252,10.81472717241746,0.9873842454986196,4.622906197654942,-33833.0,No,0,Negative Free Cash Flow | Company Has Debt,2
GRASIM,2023,14.068730791699474,9.372266628525534,1.3085646795864976,4.1896095301125085,-33833.0,No,0,Low ROCE | Negative Free Cash Flow | Company Has Debt,3
GRASIM,2024,11.196462612658342,9.82870403174378,1.547099364939709,3.015845639754231,-33833.0,No,0,Low ROCE | Negative Free Cash Flow | Company Has Debt,3
HAL,2016,1664.9999999999998,1170.2898550724638,0.15,679.3333333333334,1814.0,No,0,Company Has Debt,1
HAL,2017,1966.9172932330828,1892.5925925925928,0.0150375939849624,267.5,1814.0,No,0,Company Has Debt,1
HAL,2018,1528.4615384615386,1889.4736842105265,0.023076923076923,120.6,1814.0,No,0,Company Has Debt,1
HAL,2019,1763.9097744360904,2514.1843971631206,0.0601503759398496,27.937853107344637,1814.0,No,0,Company Has Debt,1
HAL,2020,2059.4202898550725,2772.8571428571427,0.0144927536231884,14.749303621169917,1814.0,No,0,Company Has Debt,1
HAL,2021,2249.305555555556,2789.333333333333,0.0416666666666666,21.352059925093634,1814.0,No,0,Company Has Debt,1
HAL,2022,3324.183006535948,2612.121212121212,0.0784313725490196,98.55384615384617,1814.0,No,0,Company Has Debt,1
HAL,2023,3283.050847457627,2180.803571428572,0.2655367231638418,130.328125,1814.0,No,0,Company Has Debt,1
HAL,2024,3816.582914572864,2590.993788819876,0.6180904522613065,270.8837209302326,1814.0,No,0,Company Has Debt,1
HAVELLS,2013,40.29126213592233,23.26732673267327,0.680998613037448,7.284552845528455,335.0,No,0,Company Has Debt,1
HAVELLS,2014,26.77070828331333,24.301470588235293,0.6326530612244898,7.96078431372549,335.0,No,0,Company Has Debt,1
HAVELLS,2015,21.17711771177117,27.475468331846564,0.2332233223322332,8.364583333333334,335.0,No,0,Company Has Debt,1
HAVELLS,2016,42.94681202510737,20.942739639354635,0.0442682523951106,19.17582417582417,335.0,No,0,Company Has Debt,1
HAVELLS,2017,15.07936507936508,19.91963260619977,0.0634920634920634,65.92307692307692,335.0,No,0,Company Has Debt,1
HAVELLS,2018,17.721179624664877,23.224967490247074,0.0308310991957104,45.2,335.0,No,0,Company Has Debt,1
HAVELLS,2019,18.77084325869461,24.231127679403546,0.0223916150547879,82.0625,335.0,No,0,Company Has Debt,1
HAVELLS,2020,17.045454545454543,19.36587591240876,0.0166975881261595,23.01960784313725,335.0,No,0,Company Has Debt,1
HAVELLS,2021,20.16611937415492,23.51702351702352,0.1006374348078037,19.73333333333333,335.0,No,0,Company Has Debt,1
HAVELLS,2022,19.923371647509576,22.87354585284786,0.102615358987173,28.86567164179105,335.0,No,0,Company Has Debt,1
HAVELLS,2023,16.178690009055238,19.345889910935902,0.033655297313613,32.70909090909091,335.0,No,0,Company Has Debt,1
HAVELLS,2024,17.067275412917954,19.90967741935484,0.040687525177924,25.357142857142858,335.0,No,0,Company Has Debt,1
HCLTECH,2013,30.689759951382555,35.49408783783784,0.0793072014585232,56.71698113207548,15840.0,No,0,Company Has Debt,1
HCLTECH,2014,33.39130434782609,35.754570206145466,0.0520716112531969,76.42105263157895,15840.0,No,0,Company Has Debt,1
HCLTECH,2015,30.30878467635403,32.49437118044387,0.0267503302509907,105.62637362637362,15840.0,No,0,Company Has Debt,1
HCLTECH,2016,20.451973275893543,21.923387521505568,0.0397940929502391,101.6891891891892,15840.0,No,0,Company Has Debt,1
HCLTECH,2017,26.11915384381924,28.516894813754437,0.0176636620231266,128.75280898876406,15840.0,No,0,Company Has Debt,1
HCLTECH,2018,23.97075798383994,26.69788593238232,0.0153080855274006,180.81159420289856,15840.0,No,0,Company Has Debt,1
HCLTECH,2019,24.46453609244307,26.015671297820504,0.101411787458299,85.45402298850574,15840.0,No,0,Company Has Debt,1
HCLTECH,2020,21.56748005539626,23.45197711508278,0.1557727192931125,35.45544554455446,15840.0,No,0,Company Has Debt,1
HCLTECH,2021,18.64203094487006,23.11724096620094,0.1145661208752691,41.04696673189824,15840.0,No,0,Company Has Debt,1
HCLTECH,2022,21.841586717059148,23.73822465095155,0.1024485576767774,67.69905956112852,15840.0,No,0,Company Has Debt,1
HCLTECH,2023,22.69704151058788,26.32943489223493,0.0732971485360446,67.94900849858357,15840.0,No,0,Company Has Debt,1
HCLTECH,2024,23.01393141233172,27.05313357020305,0.0843502336551279,46.46112115732369,15840.0,No,0,Company Has Debt,1
HDFCBANK,2013,18.838523046693776,3.2152077607722087,9.158311273640258,1.7721856161502874,35669.0,No,0,Low ROCE | High Debt | Weak Interest Coverage | Company Has Debt,4
HDFCBANK,2014,19.851925645844183,2.781635434116534,9.434125025471506,1.6294287780187997,35669.0,No,0,Low ROCE | High Debt | Weak Interest Coverage | Company Has Debt,4
HDFCBANK,2015,16.947461760141874,2.702664963101048,8.071729423314437,1.6947412528807877,35669.0,No,0,Low ROCE | High Debt | Weak Interest Coverage | Company Has Debt,4
HDFCBANK,2016,17.25479112833764,2.668495671309631,8.742288436692506,1.7899571887263646,35669.0,No,0,Low ROCE | High Debt | Weak Interest Coverage | Company Has Debt,4
HDFCBANK,2017,16.686275791446064,2.7563647185316027,8.078414711201168,1.849825648973266,35669.0,No,0,Low ROCE | High Debt | Weak Interest Coverage | Company Has Debt,4
HDFCBANK,2018,16.935373497933377,2.7090825632387974,8.620671721457313,1.840194307778539,35669.0,No,0,Low ROCE | High Debt | Weak Interest Coverage | Company Has Debt,4
HDFCBANK,2019,14.60633943503413,2.72589204381526,7.02943913374503,1.8405024542143875,35669.0,No,0,Low ROCE | High Debt | Weak Interest Coverage | Company Has Debt,4
HDFCBANK,2020,15.477608047267491,2.9271252995397505,7.558721464294219,1.8276860002411672,35669.0,No,0,Low ROCE | High Debt | Weak Interest Coverage | Company Has Debt,4
HDFCBANK,2021,15.183737667413377,2.967183894289426,7.20374624660407,1.9196575567994727,35669.0,No,0,Low ROCE | High Debt | Weak Interest Coverage | Company Has Debt,4
HDFCBANK,2022,15.425327602728371,2.70019588672325,7.217044641304831,1.7812903428949274,35669.0,No,0,Low ROCE | High Debt | Weak Interest Coverage | Company Has Debt,4
HDFCBANK,2023,15.944347321360706,2.4992073785848103,7.39091618930479,1.859518754423213,35669.0,No,0,Low ROCE | High Debt | Weak Interest Coverage | Company Has Debt,4
HDFCBANK,2024,14.33974005030719,4.801033923800871,6.808786667718385,1.4007688224792112,35669.0,No,0,Low ROCE | High Debt | Weak Interest Coverage | Company Has Debt,4
HDFCLIFE,2013,33.43305908750935,1009.7232610321616,0.0,483.5357142857143,-2893.0,Yes,0,Negative Free Cash Flow,1
HDFCLIFE,2014,37.60373443983403,856.8464730290456,0.0,68.7344398340249,-2893.0,Yes,0,Negative Free Cash Flow,1
HDFCLIFE,2015,30.932703659976383,1034.9468713105075,0.0,333.46835443037975,-2893.0,Yes,0,Negative Free Cash Flow,1
HDFCLIFE,2016,26.32935868514341,552.4331292297776,0.0,159.1851851851852,-2893.0,Yes,0,Negative Free Cash Flow,1
HDFCLIFE,2017,23.183481442760066,774.5164662833246,0.0,213.50359712230212,-2893.0,Yes,0,Negative Free Cash Flow,1
HDFCLIFE,2018,23.52816153028693,661.8916046758767,0.0,110.59929078014184,-2893.0,Yes,0,Negative Free Cash Flow,1
HDFCLIFE,2019,22.65154200638072,666.3417227933356,0.0,276.7867647058824,-2893.0,Yes,0,Negative Free Cash Flow,1
HDFCLIFE,2020,19.05391508741002,414.1618921698252,0.0,76.53929539295393,-2893.0,Yes,0,Negative Free Cash Flow,1
HDFCLIFE,2021,15.752314814814811,760.2056277056276,0.0694444444444444,157.9685393258427,-2893.0,No,0,Negative Free Cash Flow | Company Has Debt,2
HDFCLIFE,2022,8.498783143332906,408.8565437276428,0.0384270526450621,86.61749347258485,-2893.0,No,0,Low ROE | Negative Free Cash Flow | Company Has Debt,3
HDFCLIFE,2023,10.52874624797968,502.4098113748835,0.0731162933887477,48.80097425191371,-2893.0,No,0,Negative Free Cash Flow | Company Has Debt,2
HDFCLIFE,2024,10.732306013909724,645.952868852459,0.0647756716214373,192.2895238095238,-2893.0,No,0,Negative Free Cash Flow | Company Has Debt,2
HEROMOTOCO,2014,37.38218033078428,348.9927205011004,0.0505068468788902,50.54883720930233,3095.0,No,0,Company Has Debt,1
HEROMOTOCO,2015,36.14678899082569,353.58433734939763,0.0152905198776758,73.94153846153846,3095.0,No,0,Company Has Debt,1
HEROMOTOCO,2016,35.22752999773602,260.2029560997132,0.0262621688929137,57.12351543942993,3095.0,No,0,Company Has Debt,1
HEROMOTOCO,2017,34.373788290034895,222.3976552897797,0.0253005040713454,28.96506024096385,3095.0,No,0,Company Has Debt,1
HEROMOTOCO,2018,31.089208152355496,217.61475409836063,0.0190444370197126,48.12056737588652,3095.0,No,0,Company Has Debt,1
HEROMOTOCO,2019,26.417682926829265,210.85467540202504,0.023780487804878,39.08367071524966,3095.0,No,0,Company Has Debt,1
HEROMOTOCO,2020,25.39913924753575,163.79298741503464,0.0314452311536859,17.571827057182706,3095.0,No,0,Company Has Debt,1
HEROMOTOCO,2021,19.04514789828749,163.66875000000002,0.0378827192527244,48.67088607594937,3095.0,No,0,Company Has Debt,1
HEROMOTOCO,2022,14.696788035590332,155.63457330415756,0.0381775730422161,48.26788990825688,3095.0,No,0,Company Has Debt,1
HEROMOTOCO,2023,16.810758885686838,170.47724105898746,0.0341018251681075,53.03703703703704,3095.0,No,0,Company Has Debt,1
HEROMOTOCO,2024,21.14243742584327,173.7066375307293,0.0342392225549466,47.26850507982584,3095.0,No,0,Company Has Debt,1
HINDALCO,2013,8.511180300028306,75.49983203476339,1.6119728276252476,65.26012601260126,9789.0,No,0,Low ROE | Company Has Debt,2
HINDALCO,2014,5.405871342724855,72.44115413819287,1.5948182445079302,117.69571639586412,9789.0,No,0,Low ROE | Company Has Debt,2
HINDALCO,2015,0.6757285606198962,86.09230596365066,1.7863236713715462,,9789.0,No,0,Low ROE | Company Has Debt,2
HINDALCO,2016,-1.7286808342978155,80.09726241436377,1.663473614223448,60.659333333333336,9789.0,No,0,Low ROE | Company Has Debt,2
HINDALCO,2017,4.086063527215094,75.91284720958171,1.3855489697996048,73.35475792988314,9789.0,No,0,Low ROE | Company Has Debt,2
HINDALCO,2018,11.089841755997956,90.70011035669528,0.9493546269962808,35.2552969781174,9789.0,No,0,Company Has Debt,1
HINDALCO,2019,9.556355541642754,100.30750755122094,0.9115493643588808,102.07897071872227,9789.0,No,0,Low ROE | Company Has Debt,2
HINDALCO,2020,6.459522952140885,77.92780706461694,1.172882692868289,114.62472406181016,9789.0,No,0,Low ROE | Company Has Debt,2
HINDALCO,2021,5.234996167315468,80.62046224362376,1.010115281138683,,9789.0,No,0,Low ROE | Company Has Debt,2
HINDALCO,2022,17.559565678914453,112.1294952935652,0.8247240731030425,133.06225059856345,9789.0,No,0,Company Has Debt,1
HINDALCO,2023,10.650169820475496,124.72839577812596,0.6359407632428328,153.43993879112472,9789.0,No,0,Company Has Debt,1
HINDALCO,2024,9.567011474761175,113.57952517507476,0.5309290976579428,126.46543778801843,9789.0,No,0,Low ROE | Company Has Debt,2
HINDUNILVR,2013,133.99650959860384,779.6885813148789,0.0087260034904013,20.302760463045413,10145.0,No,0,Company Has Debt,1
HINDUNILVR,2014,111.84619734238056,674.8255651688529,0.0130053717839977,30.9229797979798,10145.0,No,0,Company Has Debt,1
HINDUNILVR,2015,108.66650111745716,644.6683046683047,0.0106779240129128,21.312750601443465,10145.0,No,0,Company Has Debt,1
HINDUNILVR,2016,63.15228966986155,384.0444444444445,0.0269283432222729,54.10288065843621,10145.0,No,0,Company Has Debt,1
HINDUNILVR,2017,66.57769869513642,376.0432986754024,0.041073546856465,44.31188118811881,10145.0,No,0,Company Has Debt,1
HINDUNILVR,2018,71.78958934212334,378.0524653206977,0.0,79.5099150141643,10145.0,Yes,0,Financially Healthy,0
HINDUNILVR,2019,77.03063429515699,374.9058498619131,0.0125842125333672,94.57453416149067,10145.0,No,0,Company Has Debt,1
HINDUNILVR,2020,82.09989063069631,351.4400291651476,0.0,70.62971698113208,10145.0,Yes,0,Financially Healthy,0
HINDUNILVR,2021,16.778537567646936,72.00570541594999,0.0,208.39411764705883,10145.0,Yes,0,Financially Healthy,0
HINDUNILVR,2022,18.12437577709382,76.83618074405237,0.0212592486904058,180.8858447488585,10145.0,No,0,Company Has Debt,1
HINDUNILVR,2023,20.16340648854962,87.91413543466024,0.024232665394402,103.69642857142856,10145.0,No,0,Company Has Debt,1
HINDUNILVR,2024,20.074973642078955,87.32306174338734,0.0289741887617634,57.847001223990205,10145.0,No,0,Company Has Debt,1
ICICIBANK,2013,14.731759812689964,5.581914446229661,7.091880807992671,1.079467939972715,12547.0,No,0,Low ROCE | High Debt | Weak Interest Coverage | Company Has Debt,4
ICICIBANK,2014,15.278032186314276,5.187050533911233,7.105259714771687,1.0911085258434436,12547.0,No,0,Low ROCE | High Debt | Weak Interest Coverage | Company Has Debt,4
ICICIBANK,2015,15.278909155303705,5.567873860556787,7.050433858686028,1.0988596391694088,12547.0,No,0,Low ROCE | High Debt | Weak Interest Coverage | Company Has Debt,4
ICICIBANK,2016,11.610757509749126,6.715162376594572,7.134713264124279,1.2400123509571992,12547.0,No,0,Low ROCE | High Debt | Weak Interest Coverage | Company Has Debt,4
ICICIBANK,2017,10.837984555394144,7.812356456686853,6.698467008181054,1.2158107438331618,12547.0,No,0,Low ROCE | High Debt | Weak Interest Coverage | Company Has Debt,4
ICICIBANK,2018,8.225616921269095,7.764293151643718,7.368688420862334,1.280370376890172,12547.0,No,0,Low ROE | Low ROCE | High Debt | Weak Interest Coverage | Company Has Debt,5
ICICIBANK,2019,4.979300324717951,8.234366643006123,7.804092671527225,1.4109397387273497,12547.0,No,0,Low ROE | Low ROCE | High Debt | Weak Interest Coverage | Company Has Debt,5
ICICIBANK,2020,9.128985035783996,7.400694095267564,8.251756668835394,1.3134411085450346,12547.0,No,0,Low ROE | Low ROCE | High Debt | Weak Interest Coverage | Company Has Debt,5
ICICIBANK,2021,12.922385729787356,7.132319190884609,7.004638707507599,1.2644304043007175,12547.0,No,0,Low ROCE | High Debt | Weak Interest Coverage | Company Has Debt,4
ICICIBANK,2022,14.577073709304432,5.537758680883416,6.882435334765151,1.3000370197492317,12547.0,No,0,Low ROCE | High Debt | Weak Interest Coverage | Company Has Debt,4
ICICIBANK,2023,16.53208887728557,5.348700935088876,6.526373206276982,1.3492136626121145,12547.0,No,0,Low ROCE | High Debt | Weak Interest Coverage | Company Has Debt,4
ICICIBANK,2024,17.99027109750765,5.11888931768417,6.445624336310825,1.3009461331381824,12547.0,No,0,Low ROCE | High Debt | Weak Interest Coverage | Company Has Debt,4
ICICIGI,2013,18.877005347593585,221.49732620320856,0.0,7.145051194539249,486.0,Yes,0,Financially Healthy,0
ICICIGI,2014,21.72096908939014,189.1395154553049,0.0,5.597307221542228,486.0,Yes,0,Financially Healthy,0
ICICIGI,2015,20.27027027027027,152.52945252945253,0.0,4.486895161290323,486.0,Yes,0,Financially Healthy,0
ICICIGI,2016,15.66265060240964,161.01328390485017,0.0,,486.0,Yes,0,Financially Healthy,0
ICICIGI,2017,17.9953857985132,150.3419972640219,0.1243270956165085,,486.0,No,0,Company Has Debt,1
ICICIGI,2018,18.982602950891877,141.72304019100676,0.1068046685752037,4.569789674952199,486.0,No,0,Company Has Debt,1
ICICIGI,2019,19.425925925925927,161.32540356839422,0.0898148148148148,,486.0,No,0,Company Has Debt,1
ICICIGI,2020,19.46527551353114,145.8679558845747,0.0790674926638408,650.6666666666666,486.0,No,0,Company Has Debt,1
ICICIGI,2021,19.38412949072246,123.2063334982682,0.063824187393078,842.25,486.0,No,0,Company Has Debt,1
ICICIGI,2022,13.8257369737844,157.37722269263338,0.0277384966822582,18.56118665018541,486.0,No,0,Company Has Debt,1
ICICIGI,2023,16.554959785522787,157.17148582880046,0.0033512064343163,16.769929364278507,486.0,No,0,Company Has Debt,1
ICICIGI,2024,15.7230643179025,145.22875816993462,0.0028676771814829,160.02678571428572,486.0,No,0,Company Has Debt,1
ICICIPRULI,2013,38.24791719262812,485.710679121434,0.0,21.426666666666662,105.0,Yes,0,Financially Healthy,0
ICICIPRULI,2014,35.614875655943415,463.9972621492129,0.0,158.06976744186048,105.0,Yes,0,Financially Healthy,0
ICICIPRULI,2015,31.14909781576448,622.1842355175688,0.0,762.8604651162791,105.0,Yes,0,Financially Healthy,0
ICICIPRULI,2016,30.99755776817584,299.2443324937028,0.1933120420815329,,105.0,No,0,Company Has Debt,1
ICICIPRULI,2017,26.256634405245084,561.2238526381518,0.0,277.03846153846155,105.0,Yes,0,Financially Healthy,0
ICICIPRULI,2018,24.627319744447824,563.0970489808336,0.0,280.81060606060606,105.0,Yes,0,Financially Healthy,0
ICICIPRULI,2019,16.57691747926066,594.7460340561781,0.0,50.33579335793358,105.0,Yes,0,Financially Healthy,0
ICICIPRULI,2020,14.792735338971305,295.0644669347013,0.0,13.524714828897338,105.0,Yes,0,Financially Healthy,0
ICICIPRULI,2021,10.495114721703809,810.0882723833543,0.1317378416950269,50.07309766327142,105.0,No,0,Company Has Debt,1
ICICIPRULI,2022,8.287835772002621,633.9158138636802,0.1310329766324525,20.5969915387026,105.0,No,0,Low ROE | Company Has Debt,2
ICICIPRULI,2023,8.057482656095145,461.92205491585474,0.1189296333002973,17.857094017094017,105.0,No,0,Low ROE | Company Has Debt,2
ICICIPRULI,2024,7.732848705134029,753.9778779188856,0.109041344843253,31.021548821548823,105.0,No,0,Low ROE | Company Has Debt,2
INDUSINDBK,2013,13.905635648754917,2.6318006909530096,8.332372214941023,1.4314013206162877,-17468.0,No,0,Low ROCE | High Debt | Weak Interest Coverage | Negative Free Cash Flow | Company Has Debt,5
INDUSINDBK,2014,15.570054185557892,2.9143487492141817,8.3229016919164,1.3532522474881017,-17468.0,No,0,Low ROCE | High Debt | Weak Interest Coverage | Negative Free Cash Flow | Company Has Debt,5
INDUSINDBK,2015,16.85456595264938,2.852100648980986,8.901916572717024,1.2307692307692308,-17468.0,No,0,Low ROCE | High Debt | Weak Interest Coverage | Negative Free Cash Flow | Company Has Debt,5
INDUSINDBK,2016,12.918173598553343,2.9706983462547534,6.667947558770344,1.2711555959963603,-17468.0,No,0,Low ROCE | High Debt | Weak Interest Coverage | Negative Free Cash Flow | Company Has Debt,5
INDUSINDBK,2017,13.891310665504214,3.2374227922108543,7.218153637508476,1.3634619995204986,-17468.0,No,0,Low ROCE | High Debt | Weak Interest Coverage | Negative Free Cash Flow | Company Has Debt,5
INDUSINDBK,2018,15.125204479677864,2.9672216270834406,7.966444360555346,1.3810526315789473,-17468.0,No,0,Low ROCE | High Debt | Weak Interest Coverage | Negative Free Cash Flow | Company Has Debt,5
INDUSINDBK,2019,12.369781908116616,3.367364016736402,9.075507756876265,1.6435275367451745,-17468.0,No,0,Low ROCE | High Debt | Weak Interest Coverage | Negative Free Cash Flow | Company Has Debt,5
INDUSINDBK,2020,12.729420577981386,4.145546218487395,7.57175785864523,1.813983599482089,-17468.0,No,0,Low ROCE | High Debt | Weak Interest Coverage | Negative Free Cash Flow | Company Has Debt,5
INDUSINDBK,2021,6.539836273492448,4.472018535564973,7.091617664014758,2.4375667022411958,-17468.0,No,0,Low ROE | Low ROCE | High Debt | Negative Free Cash Flow | Company Has Debt,5
INDUSINDBK,2022,9.6670719946329,3.992508419024294,7.149251540945113,2.1593946004908644,-17468.0,No,0,Low ROE | Low ROCE | High Debt | Negative Free Cash Flow | Company Has Debt,5
INDUSINDBK,2023,13.5293471495002,3.443080775602119,7.056662150781737,1.90191036002939,-17468.0,No,0,Low ROCE | High Debt | Weak Interest Coverage | Negative Free Cash Flow | Company Has Debt,5
INDUSINDBK,2024,14.252273197764223,3.475962286021232,6.885742949503957,1.8795270558159352,-17468.0,No,0,Low ROCE | High Debt | Weak Interest Coverage | Negative Free Cash Flow | Company Has Debt,5
INFY,2013,24.81707638048113,27.475390851187036,0.0,2780.6,20117.0,Yes,0,Financially Healthy,0
INFY,2014,23.92993487536492,27.11205928587469,0.0,1783.7777777777778,20117.0,Yes,0,Financially Healthy,0
INFY,2015,24.385052034058656,27.329706717123937,0.0,1526.0833333333333,20117.0,Yes,0,Financially Healthy,0
INFY,2016,21.84665716506867,25.29800466442084,0.0,,20117.0,Yes,0,Financially Healthy,0
INFY,2017,20.80687715635963,24.50059435794845,0.0,,20117.0,Yes,0,Financially Healthy,0
INFY,2018,24.689247262141308,26.12171341435239,0.0,,20117.0,Yes,0,Financially Healthy,0
INFY,2019,23.726673646609598,27.959290509330543,0.0,,20117.0,Yes,0,Financially Healthy,0
INFY,2020,25.422459893048128,27.644364539189247,0.0707868601986249,147.47058823529412,20117.0,No,0,Company Has Debt,1
INFY,2021,25.43909051616875,30.14594250453009,0.0697436837762439,154.30769230769232,20117.0,No,0,Company Has Debt,1
INFY,2022,29.39084273390843,34.66173413837474,0.0726476443264764,168.93,20117.0,No,0,Company Has Debt,1
INFY,2023,31.970506716883047,36.92088978089982,0.1100560955879427,133.20774647887325,20117.0,No,0,Company Has Debt,1
INFY,2024,29.788006718416632,32.906970717802544,0.0948635889055336,87.52340425531915,20117.0,No,0,Company Has Debt,1
IOC,2013,5.753763662610847,5.3494250464939626,1.422513761758967,2.4232272473478504,39635.0,No,0,Low ROE | Low ROCE | Company Has Debt,3
IOC,2014,10.258713353849778,6.670801884185249,1.39761165019952,3.7468056489576327,39635.0,No,0,Low ROCE | Company Has Debt,2
IOC,2015,7.078103207810321,4.005234623294074,0.942773709902371,3.912163770530826,39635.0,No,0,Low ROE | Low ROCE | Company Has Debt,3
IOC,2016,13.79528784174261,11.000996418280236,0.6507223827517226,7.816747920848867,39635.0,No,0,Company Has Debt,1
IOC,2017,19.966502115655853,16.534737886035302,0.6197206550697383,10.287202778519903,39635.0,No,0,Company Has Debt,1
IOC,2018,19.869329258654304,18.93562977652013,0.5765143931011468,11.868129032258064,39635.0,No,0,Company Has Debt,1
IOC,2019,15.358898896584837,12.787596662110364,0.8603704131805209,7.991675126903553,39635.0,No,0,Company Has Debt,1
IOC,2020,-1.966498249439192,2.56674423148658,1.3605107025304517,1.5345303867403317,39635.0,No,0,Low ROE | Low ROCE | Weak Interest Coverage | Company Has Debt,4
IOC,2021,19.458502476796795,12.686936237072567,1.043017578998194,15.214797136038186,39635.0,No,0,Company Has Debt,1
IOC,2022,19.26611000861197,13.33433751953456,0.9886546598270116,9.550788412174551,39635.0,No,0,Company Has Debt,1
IOC,2023,8.37669355358178,6.062390456463156,1.0662463051366653,4.718898260411176,39635.0,No,0,Low ROE | Low ROCE | Company Has Debt,3
IOC,2024,23.53162465856491,18.915027923238775,0.7230954600718581,10.282324578099226,39635.0,No,0,Company Has Debt,1
IRCTC,2015,29.504504504504503,29.72972972972973,0.0,,667.0,Yes,0,Financially Healthy,0
IRCTC,2016,34.87084870848708,31.18081180811808,0.0,,667.0,Yes,0,Financially Healthy,0
IRCTC,2017,29.09783989834816,37.10292249047014,0.0,127.0,667.0,Yes,0,Financially Healthy,0
IRCTC,2018,23.141361256544503,26.17801047120419,0.0,124.33333333333331,667.0,Yes,0,Financially Healthy,0
IRCTC,2019,28.851540616246496,33.0532212885154,0.0,254.5,667.0,Yes,0,Financially Healthy,0
IRCTC,2020,39.04109589041096,50.456621004566216,0.0,78.0,667.0,Yes,0,Financially Healthy,0
IRCTC,2021,12.843406593406591,9.250814332247558,0.0542582417582417,39.0,667.0,No,0,Low ROCE | Company Has Debt,2
IRCTC,2022,35.294117647058826,41.77215189873418,0.0561497326203208,86.0,667.0,No,0,Company Has Debt,1
IRCTC,2023,40.597255851493145,47.69711163153786,0.0338983050847457,89.0,667.0,No,0,Company Has Debt,1
IRCTC,2024,34.39628482972136,42.82674772036474,0.0185758513931888,82.73684210526316,667.0,No,0,Company Has Debt,1
IRFC,2013,8.163903659680951,8.485425269007015,9.188770722552391,1.3570552147239263,7906.0,No,0,Low ROE | Low ROCE | High Debt | Weak Interest Coverage | Company Has Debt,5
IRFC,2014,9.270034382438508,7.973773538636275,9.245834435334569,1.3412198827870632,7906.0,No,0,Low ROE | Low ROCE | High Debt | Weak Interest Coverage | Company Has Debt,5
IRFC,2015,8.730707210320203,8.636431859115469,8.208938032711357,1.3834134615384617,7906.0,No,0,Low ROE | Low ROCE | High Debt | Weak Interest Coverage | Company Has Debt,5
IRFC,2016,7.366594360086768,7.541301450094923,7.592451193058569,1.353324877695235,7906.0,No,0,Low ROE | Low ROCE | High Debt | Weak Interest Coverage | Company Has Debt,5
IRFC,2017,7.7775002081772,7.618830444917402,8.85960529602798,1.3096689895470384,7906.0,No,0,Low ROE | Low ROCE | High Debt | Weak Interest Coverage | Company Has Debt,5
IRFC,2018,14.754451464675476,6.238592886016738,9.621338311315336,1.3904790599578187,7906.0,No,0,Low ROCE | High Debt | Weak Interest Coverage | Company Has Debt,4
IRFC,2019,9.009908902029728,5.571443649760506,6.94953651909861,1.354637663448613,7906.0,No,0,Low ROE | Low ROCE | High Debt | Weak Interest Coverage | Company Has Debt,5
IRFC,2020,10.535001155153637,5.045791836056159,7.735469817485725,1.3140804880448689,7906.0,No,0,Low ROCE | High Debt | Weak Interest Coverage | Company Has Debt,4
IRFC,2021,12.29604054129309,4.359450675237217,8.997744612128974,1.3933434190620273,7906.0,No,0,Low ROCE | High Debt | Weak Interest Coverage | Company Has Debt,4
IRFC,2022,14.854745469180672,4.695217226275332,9.474839622411396,1.433676731793961,7906.0,No,0,Low ROCE | High Debt | Weak Interest Coverage | Company Has Debt,4
IRFC,2023,13.802287325708914,5.084811568194367,9.376133031937512,1.354330257350834,7906.0,No,0,Low ROCE | High Debt | Weak Interest Coverage | Company Has Debt,4
IRFC,2024,13.038085361638096,5.746523336036321,8.378352548852153,1.3194865927068304,7906.0,No,0,Low ROCE | High Debt | Weak Interest Coverage | Company Has Debt,4
ITC,2013,33.26712151308403,44.54858125537403,0.0044045254339753,111.78703703703704,18742.0,No,0,Company Has Debt,1
ITC,2014,33.04695818188493,44.0882128170603,0.0088849726475015,484.3448275862069,18742.0,No,0,Company Has Debt,1
ITC,2015,30.813587093521555,41.31854397750352,0.0084761784723972,170.12087912087912,18742.0,No,0,Company Has Debt,1
ITC,2016,22.2610121836926,31.4610419979422,0.0019681349578256,205.30769230769232,18742.0,No,0,Company Has Debt,1
ITC,2017,22.57341693060134,30.816418777847133,0.0009911016310085,351.6122448979592,18742.0,No,0,Company Has Debt,1
ITC,2018,21.88725956960579,29.088798386175924,0.0006855836983431,163.1391304347826,18742.0,No,0,Company Has Debt,1
ITC,2019,21.70406317106576,28.975217229604084,0.0002198136656465,290.38028169014086,18742.0,No,0,Company Has Debt,1
ITC,2020,23.88889740015014,27.00076277650648,0.0042437148591301,268.6543209876544,18742.0,No,0,Company Has Debt,1
ITC,2021,22.17674449434106,25.43633904120888,0.0044906954778199,338.6551724137931,18742.0,No,0,Company Has Debt,1
ITC,2022,24.82267232407333,30.12726460831845,0.0039868705467936,375.55,18742.0,No,0,Company Has Debt,1
ITC,2023,28.16426867182416,34.4005988972229,0.0044248427445593,356.43589743589746,18742.0,No,0,Company Has Debt,1
ITC,2024,27.851074395694365,32.63868466782516,0.0040667319849141,362.9625,18742.0,No,0,Company Has Debt,1
JINDALSTEL,2013,13.890457368718238,9.956398517549598,1.1583850931677018,6.034676663542643,-2336.0,No,0,Low ROCE | Negative Free Cash Flow | Company Has Debt,3
JINDALSTEL,2014,8.385670057496682,6.7313235443724775,1.6084918177797434,3.4023242944106253,-2336.0,No,0,Low ROE | Low ROCE | Negative Free Cash Flow | Company Has Debt,4
JINDALSTEL,2015,-6.900484744796122,4.104113129855882,2.162389506700884,1.413913043478261,-2336.0,No,0,Low ROE | Low ROCE | High Debt | Weak Interest Coverage | Negative Free Cash Flow | Company Has Debt,6
JINDALSTEL,2016,-9.517203107658158,-0.7963853444903009,1.4427487976322604,1.031960663798402,-2336.0,No,0,Low ROE | Low ROCE | Weak Interest Coverage | Negative Free Cash Flow | Company Has Debt,5
JINDALSTEL,2017,-8.44564240790656,1.00130433064123,1.5257395760540415,1.2632955536181345,-2336.0,No,0,Low ROE | Low ROCE | Weak Interest Coverage | Negative Free Cash Flow | Company Has Debt,5
JINDALSTEL,2018,-5.3184136909659365,3.525706572865966,1.413921342767813,1.5222452146921883,-2336.0,No,0,Low ROE | Low ROCE | Weak Interest Coverage | Negative Free Cash Flow | Company Has Debt,5
JINDALSTEL,2019,-7.517531556802244,4.092457149237898,1.2329437431821724,1.6280487804878048,-2336.0,No,0,Low ROE | Low ROCE | Weak Interest Coverage | Negative Free Cash Flow | Company Has Debt,5
JINDALSTEL,2020,-1.2446712512057752,4.933223126114761,1.1458443538600367,1.8325371549893843,-2336.0,No,0,Low ROE | Low ROCE | Weak Interest Coverage | Negative Free Cash Flow | Company Has Debt,5
JINDALSTEL,2021,13.411912619833414,13.801539084649656,0.94012258368694,4.084998183799492,-2336.0,No,0,Negative Free Cash Flow | Company Has Debt,2
JINDALSTEL,2022,18.992280701754385,27.31288293606367,0.3790035087719298,7.243114406779661,-2336.0,No,0,Negative Free Cash Flow | Company Has Debt,2
JINDALSTEL,2023,10.267142045160956,14.011052712938628,0.3370536867669095,6.502766251728907,-2336.0,No,0,Negative Free Cash Flow | Company Has Debt,2
JINDALSTEL,2024,13.410506363390198,12.14055405672172,0.3716941962270963,8.004636785162287,-2336.0,No,0,Negative Free Cash Flow | Company Has Debt,2
JIOFIN,2023,0.0271643883631265,0.0339534924214063,0.0065106905012267,,763.0,No,0,Low ROE | Low ROCE | Company Has Debt,3
JIOFIN,2024,1.153456416595399,1.104587235082323,0.0,198.8,763.0,Yes,0,Low ROE | Low ROCE,2
JSWENERGY,2013,14.522888459058672,12.900307580966167,1.672630560928433,2.917964693665628,-1963.0,No,0,Negative Free Cash Flow | Company Has Debt,2
JSWENERGY,2014,11.565971693806118,14.660910235653896,1.5379698676000608,2.5505804311774463,-1963.0,No,0,Negative Free Cash Flow | Company Has Debt,2
JSWENERGY,2015,18.063314711359403,16.85700689983345,1.2362330407023143,3.3597185576077395,-1963.0,No,0,Negative Free Cash Flow | Company Has Debt,2
JSWENERGY,2016,15.045342126957957,12.924367011316454,1.5315333882934872,2.916555407209613,-1963.0,No,0,Negative Free Cash Flow | Company Has Debt,2
JSWENERGY,2017,6.00829395312952,9.527469860021036,1.3838364355289807,2.1038575667655786,-1963.0,No,0,Low ROE | Low ROCE | Negative Free Cash Flow | Company Has Debt,4
JSWENERGY,2018,0.7650765076507651,7.597964597921106,1.0695769576957697,1.8956043956043955,-1963.0,No,0,Low ROE | Low ROCE | Weak Interest Coverage | Negative Free Cash Flow | Company Has Debt,5
JSWENERGY,2019,5.785823041786499,7.556866425347455,0.8928269328370834,2.729026845637584,-1963.0,No,0,Low ROE | Low ROCE | Negative Free Cash Flow | Company Has Debt,4
JSWENERGY,2020,9.282156963764384,5.673461789071954,0.844925296239052,3.1712654614652718,-1963.0,No,0,Low ROE | Low ROCE | Negative Free Cash Flow | Company Has Debt,4
JSWENERGY,2021,5.67312331977666,7.631785995279309,0.5770317777624595,3.5279017857142856,-1963.0,No,0,Low ROE | Low ROCE | Negative Free Cash Flow | Company Has Debt,4
JSWENERGY,2022,10.008613264427218,9.260945443508612,0.5135228251507321,5.337194337194338,-1963.0,No,0,Low ROCE | Negative Free Cash Flow | Company Has Debt,3
JSWENERGY,2023,7.944602501476193,4.837454212454213,1.3447313328681088,4.687203791469194,-1963.0,No,0,Low ROE | Low ROCE | Negative Free Cash Flow | Company Has Debt,4
JSWENERGY,2024,8.280529953917052,7.15389752886175,1.5156009984639016,2.8514369215781783,-1963.0,No,0,Low ROE | Low ROCE | Negative Free Cash Flow | Company Has Debt,4
JSWSTEEL,2013,5.443891004980955,11.049366761437064,1.2672135950776442,3.154550076258261,-2389.0,No,0,Low ROE | Negative Free Cash Flow | Company Has Debt,3
JSWSTEEL,2014,1.898554831396996,10.55713303116347,1.6778596391801266,2.473425196850393,-2389.0,No,0,Low ROE | Negative Free Cash Flow | Company Has Debt,3
JSWSTEEL,2015,7.7254374158815615,9.71430443614442,1.738627187079408,2.71027769825365,-2389.0,No,0,Low ROE | Low ROCE | Negative Free Cash Flow | Company Has Debt,4
JSWSTEEL,2016,-2.536117262469683,5.06620892594409,2.225245175577349,1.237434046098306,-2389.0,No,0,Low ROE | Low ROCE | High Debt | Weak Interest Coverage | Negative Free Cash Flow | Company Has Debt,6
JSWSTEEL,2017,15.30887093213229,13.455388672496628,1.9134543206605727,3.271231422505308,-2389.0,No,0,Negative Free Cash Flow | Company Has Debt,2
JSWSTEEL,2018,21.83370240731481,17.107625647341635,1.4069933566683337,3.982437179140773,-2389.0,No,0,Negative Free Cash Flow | Company Has Debt,2
JSWSTEEL,2019,21.623796522488863,18.11512209365989,1.3621497341572064,4.882818483533316,-2389.0,No,0,Negative Free Cash Flow | Company Has Debt,2
JSWSTEEL,2020,10.707942839968306,7.719695578543592,1.678269898084647,2.7019929660023445,-2389.0,No,0,Low ROCE | Negative Free Cash Flow | Company Has Debt,3
JSWSTEEL,2021,16.835600034214355,14.198944629704275,1.3341886921563595,5.218852666161233,-2389.0,No,0,Negative Free Cash Flow | Company Has Debt,2
JSWSTEEL,2022,31.112828209281247,23.731133630512996,1.0734059467732588,8.19524959742351,-2389.0,No,0,Negative Free Cash Flow | Company Has Debt,2
JSWSTEEL,2023,6.300327269959662,7.503343614378906,1.2307329324910572,2.9022022602144304,-2389.0,No,0,Low ROE | Low ROCE | Negative Free Cash Flow | Company Has Debt,4
JSWSTEEL,2024,11.5528718021347,12.064375531985537,1.1328071688833383,3.659099321406539,-2389.0,No,0,Negative Free Cash Flow | Company Has Debt,2
KOTAKBANK,2013,14.65906857928866,6.371246082437418,5.60430994956442,1.288341158059468,6766.0,No,0,Low ROCE | High Debt | Weak Interest Coverage | Company Has Debt,4
KOTAKBANK,2014,13.2414588136659,6.517744070233572,4.503091595053448,1.3330177962892844,6766.0,No,0,Low ROCE | High Debt | Weak Interest Coverage | Company Has Debt,4
KOTAKBANK,2015,14.014262502256724,7.499960447418799,4.70563278570139,1.1890333660451422,6766.0,No,0,Low ROCE | High Debt | Weak Interest Coverage | Company Has Debt,4
KOTAKBANK,2016,10.562282699916077,5.2552771036832935,5.38541541781561,1.5109422094089895,6766.0,No,0,Low ROCE | High Debt | Weak Interest Coverage | Company Has Debt,4
KOTAKBANK,2017,13.03907305414112,5.93709226085458,5.331757248259379,1.2704974271012006,6766.0,No,0,Low ROCE | High Debt | Weak Interest Coverage | Company Has Debt,4
KOTAKBANK,2018,12.395024560291551,5.468021629684878,4.948502614482649,1.2270866832334455,6766.0,No,0,Low ROCE | High Debt | Weak Interest Coverage | Company Has Debt,4
KOTAKBANK,2019,12.467766220729995,5.521479413178312,5.049462626122774,1.2225043349021552,6766.0,No,0,Low ROCE | High Debt | Weak Interest Coverage | Company Has Debt,4
KOTAKBANK,2020,12.89523838107958,5.6250858529586845,4.899335204165854,1.335721051385271,6766.0,No,0,Low ROCE | High Debt | Weak Interest Coverage | Company Has Debt,4
KOTAKBANK,2021,11.845053889659589,7.133569409574456,3.878514091938486,1.262591148041377,6766.0,No,0,Low ROCE | High Debt | Weak Interest Coverage | Company Has Debt,4
KOTAKBANK,2022,12.50607769099467,6.535081269517227,3.783654890601562,1.2298624754420433,6766.0,No,0,Low ROCE | High Debt | Weak Interest Coverage | Company Has Debt,4
KOTAKBANK,2023,13.348060171356002,6.197643892721924,3.745568533457349,1.2877919279750685,6766.0,No,0,Low ROCE | High Debt | Weak Interest Coverage | Company Has Debt,4
KOTAKBANK,2024,14.013018188532914,7.113136699541475,4.003739266919029,1.2363751084470385,6766.0,No,0,Low ROCE | High Debt | Weak Interest Coverage | Company Has Debt,4
LICI,2019,324.32098765432096,2.0665331907287268,332.59382716049384,,853.0,No,0,Low ROCE | High Debt | Company Has Debt,3
LICI,2020,270.45908183632736,-2.879535878246651,252.9081836327345,,853.0,No,0,Low ROCE | High Debt | Company Has Debt,3
LICI,2021,43.201626961069145,-9.712543554006968,0.0005810575246949,,853.0,No,0,Low ROCE | Company Has Debt,2
LICI,2022,36.38207796789557,25.48725637181409,8.819897689186806e-05,,853.0,No,0,Company Has Debt,1
LICI,2023,77.85997015119071,72.98033871909675,0.0,545.5454545454545,853.0,Yes,0,Financially Healthy,0
LICI,2024,49.44710986501021,39.05035832114759,0.0,371.9375,853.0,Yes,0,Financially Healthy,0
LODHA,2011,35.483870967741936,7.7760252365930596,7.521505376344086,2.314487632508834,-435.0,No,1,Low ROCE | High Debt | Negative Free Cash Flow | Company Has Debt | High Leverage,5
LODHA,2012,33.83658969804618,12.757660167130918,3.782415630550622,3.338582677165354,-435.0,No,0,High Debt | Negative Free Cash Flow | Company Has Debt,3
LODHA,2015,24.225865209471767,8.84061798494652,3.5980570734669097,3.841463414634146,-435.0,No,0,Low ROCE | High Debt | Negative Free Cash Flow | Company Has Debt,4
LODHA,2016,17.694437452806444,9.411500449236298,3.4822552227535866,2.668016194331984,-435.0,No,0,Low ROCE | High Debt | Negative Free Cash Flow | Company Has Debt,4
LODHA,2017,14.480535581453012,5.708349821923229,4.012645673196132,2.9864130434782608,-435.0,No,0,Low ROCE | High Debt | Negative Free Cash Flow | Company Has Debt,4
LODHA,2018,15.411490683229816,4.634831460674158,4.389751552795032,5.043589743589743,-435.0,No,0,Low ROCE | High Debt | Negative Free Cash Flow | Company Has Debt,4
LODHA,2019,42.80135381411091,10.12482192524252,6.675605311116897,5.723591549295775,-435.0,No,1,High Debt | Negative Free Cash Flow | Company Has Debt | High Leverage,4
LODHA,2020,16.300527240773285,7.072905331882481,4.047231985940246,2.7513513513513512,-435.0,No,0,Low ROCE | High Debt | Negative Free Cash Flow | Company Has Debt,4
LODHA,2021,1.0437051532941943,5.747630747630748,3.9558599695586,1.0941901408450705,-435.0,No,0,Low ROE | Low ROCE | High Debt | Weak Interest Coverage | Negative Free Cash Flow | Company Has Debt,6
LODHA,2022,9.97852304642326,8.928646956815971,0.9529985131339832,3.6031976744186047,-435.0,No,0,Low ROE | Low ROCE | Negative Free Cash Flow | Company Has Debt,4
LODHA,2023,3.8695411829740185,9.073332412650188,0.7154702677090736,2.130705394190872,-435.0,No,0,Low ROE | Low ROCE | Negative Free Cash Flow | Company Has Debt,4
LODHA,2024,8.895758200240426,9.77867842810029,0.4406663232010991,5.628630705394191,-435.0,No,0,Low ROE | Low ROCE | Negative Free Cash Flow | Company Has Debt,4
LT,2013,395.1456310679612,620.2797202797202,0.174757281553398,2.998061180525636,20445.0,No,0,Company Has Debt,1
LT,2014,303.41614906832297,734.8837209302326,0.0683229813664596,2.374961502925778,20445.0,No,0,Company Has Debt,1
LT,2015,245.11352418558735,582.0409982174688,0.1076011846001974,2.3542526837324527,20445.0,No,0,Company Has Debt,1
LT,2016,216.0941176470588,628.394495412844,0.0258823529411764,2.4213654152775765,20445.0,No,0,Company Has Debt,1
LT,2017,206.2977099236641,453.24427480916034,0.0,2.648411187582369,20445.0,Yes,0,Financially Healthy,0
LT,2018,207.3575129533679,463.419689119171,0.0,2.796992481203008,20445.0,Yes,0,Financially Healthy,0
LT,2019,208.80850194154917,428.0196198651134,0.0,2.737659278295321,20445.0,Yes,0,Financially Healthy,0
LT,2020,201.59141376757955,349.7625079164028,0.1687638786084382,2.501406405952273,20445.0,No,0,Company Has Debt,1
LT,2021,176.90306681270536,253.7151320661565,0.1092552026286966,2.6868936170212767,20445.0,No,0,Company Has Debt,1
LT,2022,72.92133258678611,146.8857417846831,0.018057110862262,2.8887926367081755,20445.0,No,0,Company Has Debt,1
LT,2023,75.52434908389586,130.502398941157,0.0928760848601735,3.1823186871360507,20445.0,No,0,Company Has Debt,1
LT,2024,77.66510140873214,118.53411200144868,0.1034568888000799,3.5441547518923464,20445.0,No,0,Company Has Debt,1
LTIM,2013,41.97162061239731,47.488874761602034,0.174757281553398,42.47619047619048,1752.0,No,0,Company Has Debt,1
LTIM,2014,61.86335403726708,59.127906976744185,0.0683229813664596,44.0,1752.0,No,0,Company Has Debt,1
LTIM,2015,37.95656465942744,37.74509803921568,0.1076011846001974,110.4,1752.0,No,0,Company Has Debt,1
LTIM,2016,39.34117647058824,39.17431192660551,0.0258823529411764,202.5,1752.0,No,0,Company Has Debt,1
LTIM,2017,30.884223918575067,33.460559796437664,0.0,472.3333333333333,1752.0,Yes,0,Financially Healthy,0
LTIM,2018,28.80829015544041,26.70984455958549,0.0,100.8125,1752.0,Yes,0,Financially Healthy,0
LTIM,2019,30.983036991620683,35.47925608011445,0.0,198.63636363636363,1752.0,Yes,0,Financially Healthy,0
LTIM,2020,28.127313101406365,27.80240658644712,0.1687638786084382,28.40963855421687,1752.0,No,0,Company Has Debt,1
LTIM,2021,26.533406352683457,29.535917057516663,0.1092552026286966,37.962025316455694,1752.0,No,0,Company Has Debt,1
LTIM,2022,27.645576707726764,31.981300701223702,0.018057110862262,48.90243902439025,1752.0,No,0,Company Has Debt,1
LTIM,2023,26.57907425265188,29.697237081564,0.0928760848601735,44.43333333333333,1752.0,No,0,Company Has Debt,1
LTIM,2024,22.904386052552702,25.20711666440309,0.1034568888000799,31.93243243243243,1752.0,No,0,Company Has Debt,1
M&M,2013,20.685336405991684,14.45595003287311,1.438354791844096,4.334784501523727,-11245.0,No,0,Negative Free Cash Flow | Company Has Debt,2
M&M,2014,22.11352812459776,13.68129425043609,1.5088599991418887,3.7044685172647256,-11245.0,No,0,Negative Free Cash Flow | Company Has Debt,2
M&M,2015,13.075762849518505,10.458223560406472,1.4661793711567468,3.0386442825467217,-11245.0,No,0,Negative Free Cash Flow | Company Has Debt,2
M&M,2016,13.41537067794051,11.227863913586598,1.5685112486788464,3.4088479809976246,-11245.0,No,0,Negative Free Cash Flow | Company Has Debt,2
M&M,2017,13.604002955201826,10.086580086580089,1.6375176304654442,3.513024403619413,-11245.0,No,0,Negative Free Cash Flow | Company Has Debt,2
M&M,2018,21.63970088375255,10.732360018559882,1.52,4.412340105342363,-11245.0,No,0,Negative Free Cash Flow | Company Has Debt,2
M&M,2019,15.0488957807068,10.11991229890554,1.771953080059025,3.5616411073491334,-11245.0,No,0,Negative Free Cash Flow | Company Has Debt,2
M&M,2020,-0.8031224198754034,5.5636116368045485,2.053891766118742,1.8340807174887888,-11245.0,No,0,Low ROE | Low ROCE | High Debt | Weak Interest Coverage | Negative Free Cash Flow | Company Has Debt,6
M&M,2021,3.636188735510557,6.635462780364463,1.9389399259294888,2.071288102261553,-11245.0,No,0,Low ROE | Low ROCE | Negative Free Cash Flow | Company Has Debt,4
M&M,2022,15.391634658234832,8.959495862997883,1.6468603442055896,3.564567556795536,-11245.0,No,0,Low ROCE | Negative Free Cash Flow | Company Has Debt,3
M&M,2023,20.17883121030409,10.717770316190371,1.6365716921548452,4.158833619210978,-11245.0,No,0,Negative Free Cash Flow | Company Has Debt,2
M&M,2024,18.537543435564285,11.535315751242589,1.6414413053331318,3.7646901709401703,-11245.0,No,0,Negative Free Cash Flow | Company Has Debt,2
MARUTI,2013,12.980870296405298,11.99689275137156,0.0824574311540887,26.05050505050505,4936.0,No,0,Company Has Debt,1
MARUTI,2014,13.276888723483438,13.591489361702129,0.0932266468180126,32.79347826086956,4936.0,No,0,Company Has Debt,1
MARUTI,2015,15.66329467883872,17.51921229586936,0.0273871206513693,35.36238532110092,4936.0,No,0,Company Has Debt,1
MARUTI,2016,17.954664227854717,20.10568288650436,0.0075450744708649,127.90243902439023,4936.0,No,0,Company Has Debt,1
MARUTI,2017,20.25893459204316,20.81258819457387,0.0130546190155091,144.04494382022472,4936.0,No,0,Company Has Debt,1
MARUTI,2018,18.517822317253696,21.925960637300843,0.0028431119152235,41.2514450867052,4936.0,No,0,Company Has Debt,1
MARUTI,2019,16.24692092075087,17.004571235079997,0.0033976046886944,180.52631578947367,4936.0,No,0,Company Has Debt,1
MARUTI,2020,11.490903203610388,7.716192511643849,0.0037237164308987,80.33582089552239,4936.0,No,0,Low ROCE | Company Has Debt,2
MARUTI,2021,8.359840764937811,4.481354398401267,0.0103045656273213,82.91176470588235,4936.0,No,0,Low ROE | Low ROCE | Company Has Debt,3
MARUTI,2022,7.012090434279725,5.313940350436701,0.0076988415592865,59.94488188976378,4936.0,No,0,Low ROE | Low ROCE | Company Has Debt,3
MARUTI,2023,11.07774798927614,10.911296276764054,0.0167292225201072,61.65476190476191,4936.0,No,0,Company Has Debt,1
MARUTI,2024,15.750385351954783,15.59092764270305,0.0013896025036199,117.90721649484536,4936.0,No,0,Company Has Debt,1
MOTHERSON,2013,19.74661424202709,10.649242318921171,2.142420270860638,7.192,925.0,No,0,High Debt | Company Has Debt,2
MOTHERSON,2014,37.07333558634674,20.259007565072444,1.6356877323420074,9.210884353741497,925.0,No,0,Company Has Debt,1
MOTHERSON,2015,38.86883273164862,22.74393849793022,1.5436221419975933,9.61006289308176,925.0,No,0,Company Has Debt,1
MOTHERSON,2016,40.34569024334774,23.514236575578064,1.3802592676825107,10.797101449275363,925.0,No,0,Company Has Debt,1
MOTHERSON,2017,26.25725338491296,16.712314054025025,1.251088007736944,12.045333333333334,925.0,No,0,Company Has Debt,1
MOTHERSON,2018,22.86523674625657,17.538750123408036,1.0495750708215297,12.781021897810218,925.0,No,0,Company Has Debt,1
MOTHERSON,2019,19.13709750980571,14.624172111837131,1.0520842834990425,13.430260047281324,925.0,No,0,Company Has Debt,1
MOTHERSON,2020,11.490986590888909,7.923105299831946,1.166503862889619,8.930860033726812,925.0,No,0,Low ROCE | Company Has Debt,2
MOTHERSON,2021,12.491043706711247,5.896043444530644,0.949765146087095,9.64453125,925.0,No,0,Low ROCE | Company Has Debt,2
MOTHERSON,2022,5.741208470953954,5.057895040036868,0.6863221293957645,9.740331491712707,925.0,No,0,Low ROE | Low ROCE | Company Has Debt,3
MOTHERSON,2023,7.438090147871014,8.594525990508775,0.6142882593978265,8.093469910371319,925.0,No,0,Low ROE | Low ROCE | Company Has Debt,3
MOTHERSON,2024,11.546549416937488,11.96258436964212,0.7616899254444657,5.224737713970182,925.0,No,0,Company Has Debt,1
NAUKRI,2013,12.5,17.898193760262725,0.0016447368421052,48.333333333333336,-150.0,No,0,Negative Free Cash Flow | Company Has Debt,2
NAUKRI,2014,8.928571428571429,11.292719167904904,0.0014880952380952,48.333333333333336,-150.0,No,0,Low ROE | Negative Free Cash Flow | Company Has Debt,3
NAUKRI,2015,-0.9893992932862192,-1.8361581920903955,0.0007067137809187,27.5,-150.0,No,0,Low ROE | Low ROCE | Negative Free Cash Flow | Company Has Debt,4
NAUKRI,2016,7.647440051847052,4.339378238341969,0.000648088139987,67.33333333333333,-150.0,No,0,Low ROE | Low ROCE | Negative Free Cash Flow | Company Has Debt,4
NAUKRI,2017,-2.701005025125628,-2.6365348399246704,0.0006281407035175,10.25,-150.0,No,0,Low ROE | Low ROCE | Negative Free Cash Flow | Company Has Debt,4
NAUKRI,2018,24.49877750611247,9.237536656891496,0.0004889975550122,124.0,-150.0,No,0,Low ROCE | Negative Free Cash Flow | Company Has Debt,3
NAUKRI,2019,23.27959103421156,-0.511006289308176,0.0003932363350373,106.57142857142856,-150.0,No,0,Low ROCE | Negative Free Cash Flow | Company Has Debt,3
NAUKRI,2020,-11.20728929384966,-17.517605633802816,0.0350797266514806,-4.571428571428571,-150.0,No,0,Low ROE | Low ROCE | Weak Interest Coverage | Negative Free Cash Flow | Company Has Debt,5
NAUKRI,2021,26.278724981467757,0.5310382713788684,0.0120459599703484,150.72727272727272,-150.0,No,0,Low ROCE | Negative Free Cash Flow | Company Has Debt,3
NAUKRI,2022,74.71291033522793,2.155321853692361,0.0037118663728105,1296.0,-150.0,No,0,Low ROCE | Negative Free Cash Flow | Company Has Debt,3
NAUKRI,2023,-0.522466039707419,2.0361320894417294,0.0080609046126287,12.88888888888889,-150.0,No,0,Low ROE | Low ROCE | Negative Free Cash Flow | Company Has Debt,4
NAUKRI,2024,1.9661621835965897,1.999475547397404,0.008129006675038,28.97142857142857,-150.0,No,0,Low ROE | Low ROCE | Negative Free Cash Flow | Company Has Debt,4
NESTLEIND,2013,47.170608108108105,45.48777059319652,0.5021114864864865,55.270270270270274,2938.0,No,0,Company Has Debt,1
NESTLEIND,2014,41.76947479732112,59.53797689884495,0.0070497003877335,151.85714285714286,2938.0,No,0,Company Has Debt,1
NESTLEIND,2015,19.98580049698261,42.61022927689594,0.0063897763578274,388.0,2938.0,No,0,Company Has Debt,1
NESTLEIND,2016,30.499695307739184,45.12820512820513,0.0100548446069469,21.86813186813187,2938.0,No,0,Company Has Debt,1
NESTLEIND,2017,35.8187134502924,50.7959479015919,0.0102339181286549,24.717391304347824,2938.0,No,0,Company Has Debt,1
NESTLEIND,2018,43.75170160631636,61.54261057173679,0.0095289953716308,25.6875,2938.0,No,0,Company Has Debt,1
NESTLEIND,2019,102.60688216892598,121.30991931656384,0.0985401459854014,24.5968992248062,2938.0,No,0,Company Has Debt,1
NESTLEIND,2020,103.12035661218424,130.74792243767314,0.0728083209509658,20.414634146341463,2938.0,No,0,Company Has Debt,1
NESTLEIND,2021,108.83864337101748,143.35443037974684,0.1366906474820144,17.07920792079208,2938.0,No,0,Company Has Debt,1
NESTLEIND,2022,97.2346482309882,120.98901098901098,0.1102074013826758,24.6,2938.0,No,0,Company Has Debt,1
NESTLEIND,2023,121.96014640097602,148.05860805860806,0.1102074013826758,38.54621848739496,2938.0,No,0,Company Has Debt,1
NESTLEIND,2024,117.75449101796409,143.14789687924016,0.1032934131736526,41.18620689655173,2938.0,No,0,Company Has Debt,1
NHPC,2013,9.64255747608659,5.806322928094146,0.6826648766571572,9.405891980360066,970.0,No,0,Low ROE | Low ROCE | Company Has Debt,3
NHPC,2014,5.781349571620761,5.794354427799857,0.7370601147065071,4.348295926849543,970.0,No,0,Low ROE | Low ROCE | Company Has Debt,3
NHPC,2015,9.096820339423893,6.659265318842274,0.669224266857403,5.193672839506172,970.0,No,0,Low ROE | Low ROCE | Company Has Debt,3
NHPC,2016,7.474006889359416,6.496578197398267,0.6300919634674336,5.135344827586207,970.0,No,0,Low ROE | Low ROCE | Company Has Debt,3
NHPC,2017,11.993796312252284,7.093404087724389,0.6626572462519387,6.292144748455428,970.0,No,0,Low ROCE | Company Has Debt,2
NHPC,2018,9.270663426650245,5.713052237732048,0.6192203987883226,5.87987012987013,970.0,No,0,Low ROE | Low ROCE | Company Has Debt,3
NHPC,2019,9.208390155204883,6.664126423872935,0.6190661731281252,7.493303571428571,970.0,No,0,Low ROE | Low ROCE | Company Has Debt,3
NHPC,2020,10.659316146712978,7.0174153496804434,0.7401293776488959,6.56442417331813,970.0,No,0,Low ROCE | Company Has Debt,2
NHPC,2021,10.891598342056696,7.063348576695382,0.7068949868393186,11.02946273830156,970.0,No,0,Low ROCE | Company Has Debt,2
NHPC,2022,10.807250651470463,4.626579477850435,0.7472867329114287,8.522184300341298,970.0,No,0,Low ROCE | Company Has Debt,2
NHPC,2023,11.5283677389681,7.472068089201667,0.7992208003030221,14.583157894736845,970.0,No,0,Low ROCE | Company Has Debt,2
NHPC,2024,10.40773086662188,5.083984676480081,0.8413260296625498,11.24342105263158,970.0,No,0,Low ROCE | Company Has Debt,2
NTPC,2013,15.492368291482029,9.44619178551883,0.8668020679468242,9.203532717784022,8644.0,No,0,Low ROCE | Company Has Debt,2
NTPC,2014,13.057518121128147,8.86162195468765,0.9327371205441491,6.901317805700276,8644.0,No,0,Low ROCE | Company Has Debt,2
NTPC,2015,12.171413257972567,6.393954845779133,1.2455477866835578,5.366584900517852,8644.0,No,0,Low ROCE | Company Has Debt,2
NTPC,2016,11.772863772863772,6.700035078717689,1.0857111657111658,5.869281045751634,8644.0,No,0,Low ROCE | Company Has Debt,2
NTPC,2017,10.950755330239785,7.36634674000879,1.1628712770089331,6.179056754596323,8644.0,No,0,Low ROCE | Company Has Debt,2
NTPC,2018,10.140687311105316,6.431604540862628,1.2557477091239149,6.31009669440072,8644.0,No,0,Low ROCE | Company Has Debt,2
NTPC,2019,12.602710202322262,4.936800098447691,1.5540828147310004,4.554504906333631,8644.0,No,0,Low ROCE | Company Has Debt,2
NTPC,2020,10.015146415348369,6.596773391667496,1.708044429485022,4.859567712785444,8644.0,No,0,Low ROCE | Company Has Debt,2
NTPC,2021,11.90481871177598,6.427799623154843,1.671780434073756,4.235147441457069,8644.0,No,0,Low ROCE | Company Has Debt,2
NTPC,2022,12.528255056362376,7.678549241362571,1.5564805649533884,4.817726109215017,8644.0,No,0,Low ROCE | Company Has Debt,2
NTPC,2023,11.645116750440408,8.867479780286319,1.5161777408976826,4.381672053813226,8644.0,No,0,Low ROCE | Company Has Debt,2
NTPC,2024,13.273598407068633,8.86082631000827,1.475521125007778,4.604991464108609,8644.0,No,0,Low ROCE | Company Has Debt,2
ONGC,2013,15.730882198678277,18.32299929566894,0.1356210007342914,101.21694214876032,42060.0,No,0,Company Has Debt,1
ONGC,2014,15.489218829871277,14.854586129753915,0.285288582183187,90.22435897435898,42060.0,No,0,Company Has Debt,1
ONGC,2015,9.810201989415644,10.357979342915286,0.2989332520572996,16.85300279329609,42060.0,No,0,Low ROE | Company Has Debt,2
ONGC,2016,6.623393693065202,9.350468941367945,0.2300140536059126,10.67498672331386,42060.0,No,0,Low ROE | Low ROCE | Company Has Debt,3
ONGC,2017,15.005710287777926,11.91079204853962,0.4117014599816859,18.247841826789195,42060.0,No,0,Company Has Debt,1
ONGC,2018,12.777241335365824,10.875844015339586,0.5222552801454766,13.46629325865173,42060.0,No,0,Company Has Debt,1
ONGC,2019,15.64438953783178,15.743387253754513,0.4966579697050716,14.457084118554052,42060.0,No,0,Company Has Debt,1
ONGC,2020,5.585459084171932,7.612597399103943,0.6312553631328497,7.088663372946989,42060.0,No,0,Low ROE | Low ROCE | Company Has Debt,3
ONGC,2021,9.665989383702671,6.758092204829347,0.6027079251157339,11.959834613112818,42060.0,No,0,Low ROE | Low ROCE | Company Has Debt,3
ONGC,2022,18.995541477362497,13.890570894573631,0.4700754904567577,15.216116573033707,42060.0,No,0,Company Has Debt,1
ONGC,2023,11.679440720905625,12.052437680597397,0.5068823112308345,9.569907466092026,42060.0,No,0,Company Has Debt,1
ONGC,2024,16.940398136885513,15.108995188179115,0.4544486308481917,11.361290955463998,42060.0,No,0,Company Has Debt,1
PFC,2013,18.741554054054056,3.665884170073489,5.889907094594594,0.5456116416552979,-101229.0,No,0,Low ROCE | High Debt | Weak Interest Coverage | Negative Free Cash Flow | Company Has Debt,5
PFC,2014,19.845941428675243,4.070966118123351,5.785008356950803,0.5845399525013407,-101229.0,No,0,Low ROCE | High Debt | Weak Interest Coverage | Negative Free Cash Flow | Company Has Debt,5
PFC,2015,18.52457498997254,3.824146481022316,5.794174817191694,0.546972049689441,-101229.0,No,0,Low ROCE | High Debt | Weak Interest Coverage | Negative Free Cash Flow | Company Has Debt,5
PFC,2016,17.164427667369825,3.862468735212601,5.569557011213501,0.5515398931380201,-101229.0,No,0,Low ROCE | High Debt | Weak Interest Coverage | Negative Free Cash Flow | Company Has Debt,5
PFC,2017,6.068666033383091,2.1823063901466826,5.5093771203691135,0.3163764312977099,-101229.0,No,0,Low ROE | Low ROCE | High Debt | Weak Interest Coverage | Negative Free Cash Flow | Company Has Debt,6
PFC,2018,22.08414921925993,2.4402008378639666,11.074735150876135,0.3893822839974908,-101229.0,No,0,Low ROCE | High Debt | Weak Interest Coverage | Negative Free Cash Flow | Company Has Debt,5
PFC,2019,26.824558052672906,3.0289340940899305,11.448993017975,0.5162734282496317,-101229.0,No,0,Low ROCE | High Debt | Weak Interest Coverage | Negative Free Cash Flow | Company Has Debt,5
PFC,2020,19.18421052631579,2.1654558092516423,12.076133603238866,0.3456236993512058,-101229.0,No,0,Low ROCE | High Debt | Weak Interest Coverage | Negative Free Cash Flow | Company Has Debt,5
PFC,2021,25.86272154294272,2.7546710454175107,10.855925090921058,0.4457300152179751,-101229.0,No,0,Low ROCE | High Debt | Weak Interest Coverage | Negative Free Cash Flow | Company Has Debt,5
PFC,2022,26.18449690272895,3.1828090341896216,9.214744126346336,0.523764790087007,-101229.0,No,0,Low ROCE | High Debt | Weak Interest Coverage | Negative Free Cash Flow | Company Has Debt,5
PFC,2023,25.165759642577058,3.1663466281024184,8.925568573397657,0.564646829870047,-101229.0,No,0,Low ROCE | High Debt | Weak Interest Coverage | Negative Free Cash Flow | Company Has Debt,5
PFC,2024,26.1609340860332,3.4803988753078574,8.521864217426122,0.5804147544943239,-101229.0,No,0,Low ROCE | High Debt | Weak Interest Coverage | Negative Free Cash Flow | Company Has Debt,5
PIDILITIND,2013,25.681405208964264,27.75255391600454,0.0672319806178073,41.5625,955.0,No,0,Company Has Debt,1
PIDILITIND,2014,23.05327868852459,29.57957957957958,0.0235655737704918,44.375,955.0,No,0,Company Has Debt,1
PIDILITIND,2015,22.6431718061674,28.04982817869416,0.0255506607929515,50.6875,955.0,No,0,Company Has Debt,1
PIDILITIND,2016,30.591357088703564,39.4775570272259,0.0303260045489006,96.46153846153848,955.0,No,0,Company Has Debt,1
PIDILITIND,2017,24.863151829443964,32.13785374054357,0.0282339383462978,98.35714285714286,955.0,No,0,Company Has Debt,1
PIDILITIND,2018,27.02853945159485,33.008921330089215,0.0349748181309457,93.375,955.0,No,0,Company Has Debt,1
PIDILITIND,2019,22.372227579556416,29.0542126261441,0.027242044358727,57.73076923076923,955.0,No,0,Company Has Debt,1
PIDILITIND,2020,25.17953321364452,29.63743676222597,0.0646319569120287,49.20588235294117,955.0,No,0,Company Has Debt,1
PIDILITIND,2021,20.13230824244592,25.06752194463201,0.0591811192562131,47.567567567567565,955.0,No,0,Company Has Debt,1
PIDILITIND,2022,18.847595252966894,23.6950146627566,0.0649594003747657,45.11904761904762,955.0,No,0,Company Has Debt,1
PIDILITIND,2023,17.872989462007766,22.570038142838357,0.0542151968940654,42.520833333333336,955.0,No,0,Company Has Debt,1
PIDILITIND,2024,20.780302129178065,26.93139151211742,0.0454383252051861,54.333333333333336,955.0,No,0,Company Has Debt,1
PNB,2013,812.2977346278317,,10.833333333333334,,-29445.0,No,0,High Debt | Negative Free Cash Flow | Company Has Debt,3
PNB,2014,393.3618843683083,,10.822269807280517,,-29445.0,No,0,High Debt | Negative Free Cash Flow | Company Has Debt,3
PNB,2015,223.2425585813806,,10.437618746041798,,-29445.0,No,0,High Debt | Negative Free Cash Flow | Company Has Debt,3
PNB,2016,-163.56011183597388,,12.122087604846223,,-29445.0,No,0,Low ROE | High Debt | Negative Free Cash Flow | Company Has Debt,4
PNB,2017,22.212262459662963,,6.363750448189316,,-29445.0,No,0,High Debt | Negative Free Cash Flow | Company Has Debt,3
PNB,2018,-184.36596133353632,,8.186481960724615,,-29445.0,No,0,Low ROE | High Debt | Negative Free Cash Flow | Company Has Debt,4
PNB,2019,-128.4465366509751,,9.664963012777404,,-29445.0,No,0,Low ROE | High Debt | Negative Free Cash Flow | Company Has Debt,4
PNB,2020,6.1029319239964765,,8.523467975336604,,-29445.0,No,0,Low ROE | High Debt | Negative Free Cash Flow | Company Has Debt,4
PNB,2021,30.393594225780983,,6.69831961204466,,-29445.0,No,0,High Debt | Negative Free Cash Flow | Company Has Debt,3
PNB,2022,39.87348229772472,,5.403632282420161,,-29445.0,No,0,High Debt | Negative Free Cash Flow | Company Has Debt,3
PNB,2023,30.667397060166163,,4.895553729571807,,-29445.0,No,0,High Debt | Negative Free Cash Flow | Company Has Debt,3
PNB,2024,61.320565191187306,,3.684256345007701,,-29445.0,No,0,High Debt | Negative Free Cash Flow | Company Has Debt,3
POWERGRID,2013,16.3352649320153,7.747082688527334,2.6221641480134834,4.541362062331666,24176.0,No,0,Low ROCE | High Debt | Company Has Debt,3
POWERGRID,2014,13.107383710876707,7.474057754082645,2.427229235114416,4.207744314689613,24176.0,No,0,Low ROCE | High Debt | Company Has Debt,3
POWERGRID,2015,13.127292593459766,7.242244694910975,2.503785218137829,3.836804704729233,24176.0,No,0,Low ROCE | High Debt | Company Has Debt,3
POWERGRID,2016,13.552422105981352,7.869389896075796,2.468614964748692,3.7042862760519073,24176.0,No,0,Low ROCE | High Debt | Company Has Debt,3
POWERGRID,2017,14.94204467974171,8.722328165160434,2.386154895118919,3.769019987105093,24176.0,No,0,Low ROCE | High Debt | Company Has Debt,3
POWERGRID,2018,15.073678021533826,8.998058398636038,2.416179767023114,4.099672310212998,24176.0,No,0,Low ROCE | High Debt | Company Has Debt,3
POWERGRID,2019,16.981164006837144,7.971674007738544,2.477212340706392,3.253405058944718,24176.0,No,0,Low ROCE | High Debt | Company Has Debt,3
POWERGRID,2020,17.0937925064919,9.99173577002902,2.2917954742178805,3.75496897675886,24176.0,No,0,Low ROCE | High Debt | Company Has Debt,3
POWERGRID,2021,17.210020590253947,10.72721984538017,2.0480439258750858,4.385371850030731,24176.0,No,0,High Debt | Company Has Debt,2
POWERGRID,2022,22.06513043136124,10.881612568324146,1.7665744226002336,5.042060726729717,24176.0,No,0,Company Has Debt,1
POWERGRID,2023,18.57249536289837,12.401587826662256,1.5487196781731023,4.22140336308906,24176.0,No,0,Company Has Debt,1
POWERGRID,2024,17.870011245496066,12.689046909266978,1.4173456039290386,4.60298643565485,24176.0,No,0,Company Has Debt,1
RECLTD,2013,21.86537364517969,10.588066277176516,6.147290359383914,1.6422120499814423,-59554.0,No,0,High Debt | Weak Interest Coverage | Negative Free Cash Flow | Company Has Debt,4
RECLTD,2014,22.78998221410373,11.324978227737862,6.065134836321684,1.6597907324364722,-59554.0,No,0,High Debt | Weak Interest Coverage | Negative Free Cash Flow | Company Has Debt,4
RECLTD,2015,21.31461391193363,11.012149888384617,6.021817166560306,1.638597972972973,-59554.0,No,0,High Debt | Weak Interest Coverage | Negative Free Cash Flow | Company Has Debt,4
RECLTD,2016,19.69681237670024,11.319754675550843,5.856505035821825,1.5718386780562947,-59554.0,No,0,High Debt | Weak Interest Coverage | Negative Free Cash Flow | Company Has Debt,4
RECLTD,2017,18.749071901636423,11.120318772547051,4.9850613287398655,1.6694399049175457,-59554.0,No,0,High Debt | Weak Interest Coverage | Negative Free Cash Flow | Company Has Debt,4
RECLTD,2018,13.658401865717442,8.133189846173323,6.271234810359641,1.4473111827795695,-59554.0,No,0,Low ROCE | High Debt | Weak Interest Coverage | Negative Free Cash Flow | Company Has Debt,5
RECLTD,2019,16.618421814392402,8.499793755268207,7.0702541538817805,1.5178719866999169,-59554.0,No,0,Low ROCE | High Debt | Weak Interest Coverage | Negative Free Cash Flow | Company Has Debt,5
RECLTD,2020,14.046388111986891,8.066561802503063,8.087945306099387,1.3708072244747511,-59554.0,No,0,Low ROCE | High Debt | Weak Interest Coverage | Negative Free Cash Flow | Company Has Debt,5
RECLTD,2021,19.143588337446303,8.635909683603446,7.534114797550498,1.5021638978081808,-59554.0,No,0,Low ROCE | High Debt | Weak Interest Coverage | Negative Free Cash Flow | Company Has Debt,5
RECLTD,2022,19.558015356432943,8.955216114185511,6.490295046186226,1.5645548954695931,-59554.0,No,0,Low ROCE | High Debt | Weak Interest Coverage | Negative Free Cash Flow | Company Has Debt,5
RECLTD,2023,19.2136958017894,8.567587888177531,6.551789401238816,1.5866514979142965,-59554.0,No,0,Low ROCE | High Debt | Weak Interest Coverage | Negative Free Cash Flow | Company Has Debt,5
RECLTD,2024,20.39653929343908,9.294489608054098,6.4249170872386445,1.6004741552023507,-59554.0,No,0,Low ROCE | High Debt | Weak Interest Coverage | Negative Free Cash Flow | Company Has Debt,5
RELIANCE,2013,11.472357254675783,7.578627875301618,0.5889374090247452,11.814034074501876,45207.0,No,0,Low ROCE | Company Has Debt,2
RELIANCE,2014,11.348502921680836,7.033379957800906,0.698389929889726,11.418143899895725,45207.0,No,0,Low ROCE | Company Has Debt,2
RELIANCE,2015,10.81927148408002,6.697349709114415,0.7700309841234971,13.865199034981906,45207.0,No,0,Low ROCE | Company Has Debt,2
RELIANCE,2016,12.89580058387604,7.088465057358012,0.8408937794745116,14.628285017610404,45207.0,No,0,Low ROCE | Company Has Debt,2
RELIANCE,2017,11.31284863239404,7.203273591806876,0.8246779594173881,14.426864120550793,45207.0,No,0,Low ROCE | Company Has Debt,2
RELIANCE,2018,12.292764032081116,8.926425286257217,0.8171655775350418,9.21311475409836,45207.0,No,0,Low ROCE | Company Has Debt,2
RELIANCE,2019,10.290820227737708,9.11249722952221,0.7948965674016822,5.617217338587451,45207.0,No,0,Low ROCE | Company Has Debt,2
RELIANCE,2020,8.878677370949715,8.338068305443622,0.7906497820404929,4.441639805693013,45207.0,No,0,Low ROE | Low ROCE | Company Has Debt,3
RELIANCE,2021,7.675114114817502,5.537342181968964,0.398419245556806,4.871489924017179,45207.0,No,0,Low ROE | Low ROCE | Company Has Debt,3
RELIANCE,2022,8.703823678454365,7.172393580080154,0.4094472632571505,8.789152495885903,45207.0,No,0,Low ROE | Low ROCE | Company Has Debt,3
RELIANCE,2023,10.349336194179966,8.737632073015307,0.6309284341334763,7.886055899034285,45207.0,No,0,Low ROCE | Company Has Debt,2
RELIANCE,2024,9.958650553699458,8.915648413697072,0.5784524141094746,7.728912535686478,45207.0,No,0,Low ROE | Low ROCE | Company Has Debt,3
SBILIFE,2013,23.026315789473685,14.692982456140353,0.0,179.75,-2099.0,Yes,0,Negative Free Cash Flow,1
SBILIFE,2014,21.69249106078665,14.183551847437425,0.0,171.0,-2099.0,Yes,0,Negative Free Cash Flow,1
SBILIFE,2015,20.09368836291913,18.73767258382643,0.0,244.25,-2099.0,Yes,0,Negative Free Cash Flow,1
SBILIFE,2016,17.832241707162478,18.656243397422354,0.0,209.8,-2099.0,Yes,0,Negative Free Cash Flow,1
SBILIFE,2017,17.201008645533143,18.37175792507205,0.0,241.4,-2099.0,Yes,0,Negative Free Cash Flow,1
SBILIFE,2018,17.61642156862745,19.50061274509804,0.0,248.0,-2099.0,Yes,0,Negative Free Cash Flow,1
SBILIFE,2019,17.51583949313622,18.24181626187962,0.0,217.5,-2099.0,Yes,0,Negative Free Cash Flow,1
SBILIFE,2020,16.264440123527393,14.434404666590414,0.0,,-2099.0,Yes,0,Negative Free Cash Flow,1
SBILIFE,2021,14.000000000000002,7.432692307692308,0.0,,-2099.0,Yes,0,Low ROCE | Negative Free Cash Flow,2
SBILIFE,2022,12.958182756840475,5.635863018413354,0.0,,-2099.0,Yes,0,Low ROCE | Negative Free Cash Flow,2
SBILIFE,2023,13.220156706099248,0.4148102627131664,0.0,198.4,-2099.0,Yes,0,Low ROCE | Negative Free Cash Flow,2
SBILIFE,2024,12.704588140595655,1.140327341024953,0.0,240.33333333333331,-2099.0,Yes,0,Low ROCE | Negative Free Cash Flow,2
SHREECEM,2013,26.11862643080125,21.921278254091973,0.3350676378772112,9.05699481865285,1929.0,No,0,Company Has Debt,1
SHREECEM,2014,16.705582678836763,14.210793435966842,0.2547229887497346,11.581395348837209,1929.0,No,0,Company Has Debt,1
SHREECEM,2015,8.074298711144806,6.765703213305345,0.173805913570887,11.950413223140496,1929.0,No,0,Low ROE | Low ROCE | Company Has Debt,3
SHREECEM,2016,16.695880806310253,7.49320564255209,0.1286882851300029,27.36842105263158,1929.0,No,0,Low ROCE | Company Has Debt,2
SHREECEM,2017,17.394128345024683,14.436658881103329,0.1679657053780202,22.286821705426355,1929.0,No,0,Company Has Debt,1
SHREECEM,2018,15.55580532763853,12.796747967479677,0.3824884792626728,21.2,1929.0,No,0,Company Has Debt,1
SHREECEM,2019,10.495295212490952,10.622093955427289,0.2898355909419915,11.556451612903226,1929.0,No,0,Company Has Debt,1
SHREECEM,2020,11.72450451818665,12.03187250996016,0.2388943731490622,13.86254295532646,1929.0,No,0,Company Has Debt,1
SHREECEM,2021,15.17828148340586,16.049242639133148,0.1448334091056699,17.99601593625498,1929.0,No,0,Company Has Debt,1
SHREECEM,2022,7.268041237113403,13.08897850834652,0.1219358533791523,16.174904942965778,1929.0,No,0,Low ROE | Company Has Debt,2
SHREECEM,2023,12.711955355226442,6.081175974907542,0.1462223653144451,13.0,1929.0,No,0,Low ROCE | Company Has Debt,2
SHREECEM,2024,8.370767521615225,11.722348942260387,0.0799884074771772,19.82558139534884,1929.0,No,0,Low ROE | Company Has Debt,2
SHRIRAMFIN,2013,19.937312619242302,5.2941754248109225,4.549741073862088,0.7069857697283312,-31359.0,No,0,Low ROCE | High Debt | Weak Interest Coverage | Negative Free Cash Flow | Company Has Debt,5
SHRIRAMFIN,2014,15.957696827262044,4.170555791260076,4.539365452408931,0.4731868651074887,-31359.0,No,0,Low ROCE | High Debt | Weak Interest Coverage | Negative Free Cash Flow | Company Has Debt,5
SHRIRAMFIN,2015,11.094323332613858,2.9449080609710334,5.039391323116771,0.3597535061623459,-31359.0,No,0,Low ROCE | High Debt | Weak Interest Coverage | Negative Free Cash Flow | Company Has Debt,5
SHRIRAMFIN,2016,11.635220125786164,2.9783544008271354,4.892885220125786,0.3590801886792453,-31359.0,No,0,Low ROCE | High Debt | Weak Interest Coverage | Negative Free Cash Flow | Company Has Debt,5
SHRIRAMFIN,2017,11.17190257677374,3.0072036266534186,4.684080480056477,0.3780417704541099,-31359.0,No,0,Low ROCE | High Debt | Weak Interest Coverage | Negative Free Cash Flow | Company Has Debt,5
SHRIRAMFIN,2018,18.619430241051862,3.932332161008547,5.999342585829072,0.6135122484006865,-31359.0,No,0,Low ROCE | High Debt | Weak Interest Coverage | Negative Free Cash Flow | Company Has Debt,5
SHRIRAMFIN,2019,16.13731754682704,3.617740211981478,5.507360771784752,0.5051560021152829,-31359.0,No,0,Low ROCE | High Debt | Weak Interest Coverage | Negative Free Cash Flow | Company Has Debt,5
SHRIRAMFIN,2020,13.84632344835189,3.0333903275246508,5.221860875316944,0.4305304944063515,-31359.0,No,0,Low ROCE | High Debt | Weak Interest Coverage | Negative Free Cash Flow | Company Has Debt,5
SHRIRAMFIN,2021,11.50711424229866,2.5455509383064485,4.906110420407975,0.3758389261744966,-31359.0,No,0,Low ROCE | High Debt | Weak Interest Coverage | Negative Free Cash Flow | Company Has Debt,5
SHRIRAMFIN,2022,10.427284920482853,2.505303637692368,4.401073002490898,0.3769569221324056,-31359.0,No,0,Low ROCE | High Debt | Weak Interest Coverage | Negative Free Cash Flow | Company Has Debt,5
SHRIRAMFIN,2023,13.835263835263836,3.946772966675333,3.773717595146167,0.6787556787556788,-31359.0,No,0,Low ROCE | High Debt | Weak Interest Coverage | Negative Free Cash Flow | Company Has Debt,5
SHRIRAMFIN,2024,15.116350338120824,4.0643421983857175,3.994034363699512,0.6766743648960739,-31359.0,No,0,Low ROCE | High Debt | Weak Interest Coverage | Negative Free Cash Flow | Company Has Debt,5
SIEMENS,2011,22.746331236897277,26.650943396226417,0.0,56.53846153846154,1168.0,Yes,0,Financially Healthy,0
SIEMENS,2014,13.782857142857145,-2.5142857142857142,0.0,35.61290322580645,1168.0,Yes,0,Low ROCE,1
SIEMENS,2015,22.94313074066836,15.052508751458577,0.0048856752003126,64.7,1168.0,No,0,Company Has Debt,1
SIEMENS,2016,42.83404380420402,11.61394258933802,0.0036748493311774,379.7272727272728,1168.0,No,0,Company Has Debt,1
SIEMENS,2017,14.785435630689204,11.157347204161248,0.0,234.25,1168.0,Yes,0,Financially Healthy,0
SIEMENS,2018,10.85672972647307,13.604048680563924,0.0,200.875,1168.0,Yes,0,Financially Healthy,0
SIEMENS,2019,12.144988396507902,14.266769808818657,0.0,157.33333333333334,1168.0,Yes,0,Financially Healthy,0
SIEMENS,2020,8.1015592077539,7.911925832279815,0.0,43.93333333333333,1168.0,Yes,0,Low ROE | Low ROCE,2
SIEMENS,2021,10.52478979414323,11.158342189160468,0.000386585483715,73.875,1168.0,No,0,Company Has Debt,1
SIEMENS,2022,13.290267011197244,13.085142469470828,0.0156761412575366,65.19444444444444,1168.0,No,0,Company Has Debt,1
SIEMENS,2023,14.991976770841292,16.332378223495702,0.0133720485978451,129.69565217391303,1168.0,No,0,Company Has Debt,1
SIEMENS,2024,17.698769290877124,17.7411102583781,0.0181676108614963,67.15,1168.0,No,0,Company Has Debt,1
SUNPHARMA,2013,23.14209472981988,29.167213114754095,0.0173448965977318,109.16279069767442,11372.0,No,0,Company Has Debt,1
SUNPHARMA,2014,20.939271255060728,31.271933984634355,0.1382456140350877,114.4318181818182,11372.0,No,0,Company Has Debt,1
SUNPHARMA,2015,21.358920352601608,19.342264826471094,0.3508854044777283,14.122625215889464,11372.0,No,0,Company Has Debt,1
SUNPHARMA,2016,17.154291604766094,17.20347155255545,0.2576175605615013,15.548757170172085,11372.0,No,0,Company Has Debt,1
SUNPHARMA,2017,21.413755458515286,19.01575142021002,0.2683406113537118,26.78,11372.0,No,0,Company Has Debt,1
SUNPHARMA,2018,6.634650519392389,8.482720384402144,0.2710497468288354,10.61003861003861,11372.0,No,0,Low ROE | Low ROCE | Company Has Debt,3
SUNPHARMA,2019,7.747108116593012,8.905494674806926,0.2539061556666425,11.025225225225226,11372.0,No,0,Low ROE | Low ROCE | Company Has Debt,3
SUNPHARMA,2020,9.216834198608195,9.201194475550578,0.1836960123715895,24.306930693069308,11372.0,No,0,Low ROE | Low ROCE | Company Has Debt,3
SUNPHARMA,2021,4.889912403417773,12.695700548358896,0.0832705593698211,35.60992907801418,11372.0,No,0,Low ROE | Company Has Debt,2
SUNPHARMA,2022,7.0587990252233865,16.45808401452303,0.026868842556914,53.173228346456696,11372.0,No,0,Low ROE | Company Has Debt,2
SUNPHARMA,2023,15.20314313778016,14.505176444394968,0.1229752656487186,70.40116279069767,11372.0,No,0,Company Has Debt,1
SUNPHARMA,2024,15.094161810671148,15.627194096293753,0.0514238145350024,58.33193277310925,11372.0,No,0,Company Has Debt,1
TATACONSUM,2013,9.251559251559252,10.727536699467656,0.2887733887733887,9.833333333333334,26.0,No,0,Low ROE | Company Has Debt,2
TATACONSUM,2014,8.719439220379552,8.549471661863594,0.2458539921354077,10.597701149425289,26.0,No,0,Low ROE | Low ROCE | Company Has Debt,3
TATACONSUM,2015,4.96996176952485,9.66700894821769,0.2410340433278718,8.71951219512195,26.0,No,0,Low ROE | Low ROCE | Company Has Debt,3
TATACONSUM,2016,-0.5922842964623019,3.2758847520063155,0.2167440371378261,3.452991452991453,26.0,No,0,Low ROE | Low ROCE | Company Has Debt,3
TATACONSUM,2017,7.262569832402235,9.429948950652298,0.1256185155626496,20.44186046511628,26.0,No,0,Low ROE | Low ROCE | Company Has Debt,3
TATACONSUM,2018,7.907836723083488,8.927028028151623,0.1518987341772152,17.53846153846154,26.0,No,0,Low ROE | Low ROCE | Company Has Debt,3
TATACONSUM,2019,6.232951445717403,7.824855423108698,0.1556192034915439,11.666666666666666,26.0,No,0,Low ROE | Low ROCE | Company Has Debt,3
TATACONSUM,2020,3.329714078899747,6.817739107850139,0.1148027506333695,16.36231884057971,26.0,No,0,Low ROE | Low ROCE | Company Has Debt,3
TATACONSUM,2021,6.398789046374019,7.972538347352795,0.1124260355029585,22.3972602739726,26.0,No,0,Low ROE | Low ROCE | Company Has Debt,3
TATACONSUM,2022,6.703209615638621,8.704844750513471,0.0932505613525293,20.770114942528732,26.0,No,0,Low ROE | Low ROCE | Company Has Debt,3
TATACONSUM,2023,8.109602506604412,8.681546120713767,0.0982982122012655,16.8,26.0,No,0,Low ROE | Low ROCE | Company Has Debt,3
TATACONSUM,2024,7.566793298872766,9.762465444865365,0.21654107242947,25.32183908045977,26.0,No,0,Low ROE | Low ROCE | Company Has Debt,3
TATAMOTORS,2013,26.505832026994717,18.603658336343635,1.427212583362117,6.968820224719101,45133.0,No,0,Company Has Debt,1
TATAMOTORS,2014,21.416377050179864,18.83227983460862,0.9243643680263398,7.305959149294588,45133.0,No,0,Company Has Debt,1
TATAMOTORS,2015,25.013330489495573,19.904213379327334,1.30834310902563,8.219090722073647,45133.0,No,0,Company Has Debt,1
TATAMOTORS,2016,14.791265579086026,14.62052969415826,0.8785084608369642,7.307220290447944,45133.0,No,0,Company Has Debt,1
TATAMOTORS,2017,13.015397333884469,8.54930999663413,1.3537942199717543,7.422840962718263,45133.0,No,0,Low ROCE | Company Has Debt,2
TATAMOTORS,2018,9.526554051221863,5.371573615073382,0.9321163599782034,7.986117043998291,45133.0,No,0,Low ROE | Low ROCE | Company Has Debt,3
TATAMOTORS,2019,-47.73093604081158,0.6450100388328505,1.7643197793250136,-0.3511026219829831,45133.0,No,0,Low ROE | Low ROCE | Weak Interest Coverage | Company Has Debt,4
TATAMOTORS,2020,-18.984131010320397,-1.8300180446805452,1.9782812029360008,2.4974458097473424,45133.0,No,0,Low ROE | Low ROCE | Company Has Debt,3
TATAMOTORS,2021,-24.245660397849655,4.428051758554651,2.572646478541821,2.6144250957144624,45133.0,No,0,Low ROE | Low ROCE | High Debt | Company Has Debt,4
TATAMOTORS,2022,-25.378694374004173,-0.0607298047222658,3.286483696505913,2.9149484536082477,45133.0,No,0,Low ROE | Low ROCE | High Debt | Company Has Debt,4
TATAMOTORS,2023,5.935307356250828,3.87661270097807,2.9591147786946737,3.763325183374083,45133.0,No,0,Low ROE | Low ROCE | High Debt | Company Has Debt,4
TATAMOTORS,2024,37.45613415294755,16.79050889790821,1.2631244259167669,6.530242339274985,45133.0,No,0,Company Has Debt,1
TATAPOWER,2013,0.9971625456019456,7.05537965230898,3.0710985002026754,2.259651778955337,3569.0,No,0,Low ROE | Low ROCE | High Debt | Company Has Debt,4
TATAPOWER,2014,0.0967663898072736,7.96211054894054,3.2394968147730023,2.07703488372093,3569.0,No,0,Low ROE | Low ROCE | High Debt | Company Has Debt,4
TATAPOWER,2015,3.1917865623690456,7.513882567137005,2.836080458164548,1.9889159232224929,3569.0,No,0,Low ROE | Low ROCE | High Debt | Weak Interest Coverage | Company Has Debt,5
TATAPOWER,2016,6.7566405914209575,0.9032922625886456,3.3395512765408752,1.9051297898640296,3569.0,No,0,Low ROE | Low ROCE | High Debt | Weak Interest Coverage | Company Has Debt,5
TATAPOWER,2017,8.32450431360678,5.669928581792387,3.694187982442864,2.011887072808321,3569.0,No,0,Low ROE | Low ROCE | High Debt | Company Has Debt,4
TATAPOWER,2018,15.92170254283798,-0.0784760263433249,2.962924568571254,2.3613400691305504,3569.0,No,0,Low ROCE | High Debt | Company Has Debt,3
TATAPOWER,2019,14.236547391423109,1.0133061920941162,2.649877082764272,2.4594724220623503,3569.0,No,0,Low ROCE | High Debt | Company Has Debt,3
TATAPOWER,2020,6.725953184094859,5.833403261447232,2.6544004906470406,2.021584334668447,3569.0,No,0,Low ROE | Low ROCE | High Debt | Company Has Debt,4
TATAPOWER,2021,6.446266182860727,6.049456041488607,2.092371097074766,2.1685785536159603,3569.0,No,0,Low ROE | Low ROCE | High Debt | Company Has Debt,4
TATAPOWER,2022,9.60698689956332,5.308472642829012,2.281213795561893,2.466182948950505,3569.0,No,0,Low ROE | Low ROCE | High Debt | Company Has Debt,4
TATAPOWER,2023,13.23468111713214,5.2489872844537455,1.8383701542309296,3.034766697163769,3569.0,No,0,Low ROCE | Company Has Debt,2
TATAPOWER,2024,13.227840276919272,8.076006740658958,1.659321300531586,3.054392402331103,3569.0,No,0,Low ROCE | Company Has Debt,2
TATASTEEL,2013,-21.280580592297788,-1.5676575690596977,2.0054137890670725,1.3634072580645162,6048.0,No,0,Low ROE | Low ROCE | High Debt | Weak Interest Coverage | Company Has Debt,5
TATASTEEL,2014,9.042238231520772,8.46669559024566,2.013939603276424,3.896702789946968,6048.0,No,0,Low ROE | Low ROCE | High Debt | Company Has Debt,4
TATASTEEL,2015,-12.564994098695331,-2.2623828647925035,2.574276691441513,1.939562706270627,6048.0,No,0,Low ROE | Low ROCE | High Debt | Weak Interest Coverage | Company Has Debt,5
TATASTEEL,2016,-1.136467575230952,-4.717663996691033,1.8747599012165008,2.3030087656953326,6048.0,No,0,Low ROE | Low ROCE | Company Has Debt,3
TATASTEEL,2017,-11.023559586451254,6.18291360803754,2.195034242047648,1.8444400630914823,6048.0,No,0,Low ROE | Low ROCE | High Debt | Weak Interest Coverage | Company Has Debt,5
TATASTEEL,2018,29.14852721328712,10.25434916153655,1.5138078888140494,5.926856095325389,6048.0,No,0,Company Has Debt,1
TATASTEEL,2019,13.234675371780922,12.946783629176217,1.4626913311570549,4.026370757180157,6048.0,No,0,Company Has Debt,1
TATASTEEL,2020,1.5956290094596066,4.7508214676889375,1.5810590409916276,1.93535112173105,6048.0,No,0,Low ROE | Low ROCE | Weak Interest Coverage | Company Has Debt,4
TATASTEEL,2021,11.031937391398053,13.069927491704558,1.19210926871321,4.033653214144866,6048.0,No,0,Company Has Debt,1
TATASTEEL,2022,36.48016916718366,28.625186838171828,0.6602500808262629,11.861955327718784,6048.0,No,0,Company Has Debt,1
TATASTEEL,2023,7.833569391358336,12.21705013964623,0.8235482431462331,5.376885219876171,6048.0,No,0,Low ROE | Company Has Debt,2
TATASTEEL,2024,-5.334926929972293,6.903867304610952,0.9461835171402184,2.16342567927544,6048.0,No,0,Low ROE | Low ROCE | Company Has Debt,3
TCS,2013,36.51740777253152,43.6236431915222,0.0086130856638821,400.375,50429.0,No,0,Company Has Debt,1
TCS,2014,39.29667649151337,48.09666208680191,0.0060371989023274,686.9230769230769,50429.0,No,0,Company Has Debt,1
TCS,2015,39.61686580428557,44.48257603984861,0.0070702083539054,271.1730769230769,50429.0,No,0,Company Has Debt,1
TCS,2016,34.2441467807294,40.36765427597908,0.0034472084646555,1023.060606060606,50429.0,No,0,Company Has Debt,1
TCS,2017,30.571600900085837,35.055431603528206,0.0033521237850001,1141.625,50429.0,No,0,Company Has Debt,1
TCS,2018,30.40127807536885,35.72708638360176,0.002901513015694,695.3461538461538,50429.0,No,0,Company Has Debt,1
TCS,2019,35.28609440332715,41.839835545426105,0.0006931556469825,221.2979797979798,50429.0,No,0,Company Has Debt,1
TCS,2020,38.56952666238737,41.79848320693391,0.0971637781423103,50.54220779220779,50429.0,No,0,Company Has Debt,1
TCS,2021,37.67311096456215,45.08320244513308,0.0901854615713905,76.0784929356358,50429.0,No,0,Company Has Debt,1
TCS,2022,43.13375739014349,49.97369968130202,0.0877057180358765,72.79974489795919,50429.0,No,0,Company Has Debt,1
TCS,2023,46.7829337344068,55.280699608610576,0.0850216756613288,80.49807445442876,50429.0,No,0,Company Has Debt,1
TCS,2024,50.944313673485176,60.2081007004365,0.0886406082507266,87.09511568123393,50429.0,No,0,Company Has Debt,1
TECHM,2013,24.087725764835973,17.954745812518365,0.254330998894213,12.436893203883496,5058.0,No,0,Company Has Debt,1
TECHM,2014,33.34785449793073,38.23991618648508,0.0395338706164234,55.2,5058.0,No,0,Company Has Debt,1
TECHM,2015,21.70966688438929,27.664504170528264,0.0571521881123448,62.30434782608695,5058.0,No,0,Company Has Debt,1
TECHM,2016,20.745665136042764,22.324958551205203,0.0747721197998766,48.58762886597938,5058.0,No,0,Company Has Debt,1
TECHM,2017,17.34501429701284,18.00820086502275,0.083105189511468,38.44186046511628,5058.0,No,0,Company Has Debt,1
TECHM,2018,20.092341983760548,17.066854990583806,0.1272090431459958,37.82098765432099,5058.0,No,0,Company Has Debt,1
TECHM,2019,21.143702243036728,23.077958798976702,0.098397830909539,51.16541353383459,5058.0,No,0,Company Has Debt,1
TECHM,2020,17.865493054600467,15.920417533257467,0.1682482923027552,34.869791666666664,5058.0,No,0,Company Has Debt,1
TECHM,2021,17.506535290569072,19.22495137938486,0.1166700180977277,43.58620689655172,5058.0,No,0,Company Has Debt,1
TECHM,2022,20.940266309603512,22.030911062906725,0.0973740980435914,56.04294478527607,5058.0,No,0,Company Has Debt,1
TECHM,2023,17.3936398796734,18.93425515262197,0.0981234780117461,26.773006134969325,5058.0,No,0,Company Has Debt,1
TECHM,2024,8.987963553189097,9.207012257755256,0.0951291761970827,13.85969387755102,5058.0,No,0,Low ROE | Low ROCE | Company Has Debt,3
TITAN,2013,36.80203045685279,48.62944162436549,0.0,21.823529411764707,1506.0,Yes,0,Financially Healthy,0
TITAN,2014,29.131985731272295,29.3993993993994,0.3198573127229488,13.379310344827584,1506.0,No,0,Company Has Debt,1
TITAN,2015,26.4591439688716,33.3856783919598,0.0324254215304799,15.061728395061728,1506.0,No,0,Company Has Debt,1
TITAN,2016,19.24721984602224,23.23204419889503,0.0322212717422298,24.0,1506.0,No,0,Company Has Debt,1
TITAN,2017,16.46586345381526,17.21995094031071,0.4446019371604063,29.526315789473685,1506.0,No,0,Company Has Debt,1
TITAN,2018,21.650294695481332,22.312343312195843,0.3322200392927308,32.33962264150944,1506.0,No,0,Company Has Debt,1
TITAN,2019,22.8830313014827,21.63535389341841,0.3942339373970346,40.9811320754717,1506.0,No,0,Company Has Debt,1
TITAN,2020,22.38716449242765,20.672466034600724,0.5341130604288499,15.759036144578314,1506.0,No,0,Company Has Debt,1
TITAN,2021,12.99186341203148,10.277883517320136,0.7520341469921302,9.38423645320197,1506.0,No,0,Company Has Debt,1
TITAN,2022,23.6267870579383,17.764507178187962,0.782005804579168,16.15137614678899,1506.0,No,0,Company Has Debt,1
TITAN,2023,27.626360644671337,20.93034216231501,0.7903974348156274,17.293333333333333,1506.0,No,0,Company Has Debt,1
TITAN,2024,37.2192057915469,18.8916977649372,1.653145959757266,9.411954765751211,1506.0,No,0,Company Has Debt,1
TORNTPHARM,2013,30.590717299578056,29.030732860520093,0.4873417721518987,20.529411764705884,3106.0,No,0,Company Has Debt,1
TORNTPHARM,2014,34.8922753547031,28.599670510708403,0.5948502364687336,16.76271186440678,3106.0,No,0,Company Has Debt,1
TORNTPHARM,2015,30.148534725010038,15.847830242783406,1.099959855479727,7.462857142857143,3106.0,No,0,Company Has Debt,1
TORNTPHARM,2016,49.59931310818546,42.67875470407116,0.6731539782484258,15.027173913043478,3106.0,No,0,Company Has Debt,1
TORNTPHARM,2017,21.466329579407034,15.59539425739688,0.5768788784187543,7.766990291262136,3106.0,No,0,Company Has Debt,1
TORNTPHARM,2018,14.665801427644388,8.479927830401444,1.3977936404931863,5.35064935064935,3106.0,No,0,Low ROCE | Company Has Debt,2
TORNTPHARM,2019,9.227513227513228,12.68233763820496,1.2778835978835978,3.3392857142857144,3106.0,No,0,Low ROE | Company Has Debt,2
TORNTPHARM,2020,21.24792703150912,14.291101055806935,1.199004975124378,5.079822616407983,3106.0,No,0,Company Has Debt,1
TORNTPHARM,2021,21.44570058239123,17.008961911874536,0.8348749571771155,7.186968838526912,3106.0,No,0,Company Has Debt,1
TORNTPHARM,2022,13.052242566773057,17.649406365359674,0.6836888963547791,8.403921568627451,3106.0,No,0,Company Has Debt,1
TORNTPHARM,2023,20.087124878993222,18.45768133483185,0.8662471765085511,8.66966966966967,3106.0,No,0,Company Has Debt,1
TORNTPHARM,2024,24.15402567094516,23.533737819452107,0.5866394399066511,9.926553672316384,3106.0,No,0,Company Has Debt,1
TRENT,2013,-2.1933387489845653,-2.541296060991105,0.2786352558895207,2.1724137931034484,841.0,No,0,Low ROE | Low ROCE | Company Has Debt,3
TRENT,2014,-1.917255297679112,-4.837490551776266,0.3350151362260343,3.1153846153846154,841.0,No,0,Low ROE | Low ROCE | Company Has Debt,3
TRENT,2015,9.071729957805909,0.7696862048549438,0.1877637130801688,13.454545454545457,841.0,No,0,Low ROE | Low ROCE | Company Has Debt,3
TRENT,2016,3.756830601092896,2.736051502145923,0.273224043715847,3.6666666666666665,841.0,No,0,Low ROE | Low ROCE | Company Has Debt,3
TRENT,2017,5.494505494505495,4.796286745745229,0.253393665158371,4.673913043478261,841.0,No,0,Low ROE | Low ROCE | Company Has Debt,3
TRENT,2018,5.454545454545454,8.157099697885197,0.245141065830721,5.340909090909091,841.0,No,0,Low ROE | Low ROCE | Company Has Debt,3
TRENT,2019,5.771567436208992,8.83177570093458,0.3001215066828676,5.313725490196078,841.0,No,0,Low ROE | Low ROCE | Company Has Debt,3
TRENT,2020,4.438860971524288,10.491071428571429,0.1256281407035175,2.570342205323194,841.0,No,0,Low ROE | Company Has Debt,2
TRENT,2021,-7.825335062689148,-5.472636815920398,0.1297016861219196,1.1992337164750957,841.0,No,0,Low ROE | Low ROCE | Weak Interest Coverage | Company Has Debt,4
TRENT,2022,1.4805414551607443,4.00620679926647,1.998730964467005,2.2984615384615386,841.0,No,0,Low ROE | Low ROCE | Company Has Debt,3
TRENT,2023,15.17719568567026,8.78186968838527,1.7195685670261942,3.557457212713937,841.0,No,0,Low ROCE | Company Has Debt,2
TRENT,2024,36.30776794493609,22.33293248582718,0.4309242871189774,8.043478260869565,841.0,No,0,Company Has Debt,1
TVSMOTOR,2013,22.024471635150167,13.319776309100154,1.1879866518353726,5.514563106796117,-2254.0,No,0,Negative Free Cash Flow | Company Has Debt,2
TVSMOTOR,2014,16.1068044788975,18.157755426151404,0.6270456503014643,6.7,-2254.0,No,0,Negative Free Cash Flow | Company Has Debt,2
TVSMOTOR,2015,24.754716981132077,17.430441898527004,0.8445283018867924,11.048387096774194,-2254.0,No,0,Negative Free Cash Flow | Company Has Debt,2
TVSMOTOR,2016,23.58438702583837,19.14089347079038,0.59978009895547,13.028571428571428,-2254.0,No,0,Negative Free Cash Flow | Company Has Debt,2
TVSMOTOR,2017,22.95895354082093,15.702947845804989,0.591339648173207,17.233333333333334,-2254.0,No,0,Negative Free Cash Flow | Company Has Debt,2
TVSMOTOR,2018,24.8319641523525,12.460961898813242,2.5870052277819267,4.8579881656804735,-2254.0,No,0,High Debt | Negative Free Cash Flow | Company Has Debt,3
TVSMOTOR,2019,22.863450015767896,13.802229529232497,2.9321980447808262,3.300150829562594,-2254.0,No,0,High Debt | Negative Free Cash Flow | Company Has Debt,3
TVSMOTOR,2020,19.70758452634785,11.483124915960737,3.5306122448979598,2.6619883040935672,-2254.0,No,0,High Debt | Negative Free Cash Flow | Company Has Debt,3
TVSMOTOR,2021,15.88711784687745,10.414844433337498,3.182388293702639,2.5743473325766173,-2254.0,No,0,High Debt | Negative Free Cash Flow | Company Has Debt,3
TVSMOTOR,2022,16.613636363636363,9.947100410342612,3.5970454545454547,2.925531914893617,-2254.0,No,0,Low ROCE | High Debt | Negative Free Cash Flow | Company Has Debt,4
TVSMOTOR,2023,23.77838328792007,11.362576665112442,4.064668483197093,3.04312865497076,-2254.0,No,0,High Debt | Negative Free Cash Flow | Company Has Debt,3
TVSMOTOR,2024,26.22346698113208,13.799939005794448,3.833431603773585,2.9076763485477177,-2254.0,No,0,High Debt | Negative Free Cash Flow | Company Has Debt,3
ULTRACEMCO,2013,17.650535163175523,16.906650126268218,0.4821065073215576,20.40873015873016,2109.0,No,0,Company Has Debt,1
ULTRACEMCO,2014,12.879757886159934,11.813657501835683,0.4267256431148877,12.069252077562329,2109.0,No,0,Company Has Debt,1
ULTRACEMCO,2015,11.03933616931884,11.160374090751644,0.5162018801533533,8.13458262350937,2109.0,No,0,Company Has Debt,1
ULTRACEMCO,2016,11.300979722032354,10.822763428641627,0.4837548416495785,9.478798586572438,2109.0,No,0,Company Has Debt,1
ULTRACEMCO,2017,11.126598884880288,11.756830767358364,0.3474089865529682,9.15625,2109.0,No,0,Company Has Debt,1
ULTRACEMCO,2018,8.429990144795694,9.369412585582836,0.7383822303085437,5.159127625201939,2109.0,No,0,Low ROE | Low ROCE | Company Has Debt,3
ULTRACEMCO,2019,7.110900417765399,8.285946385052803,0.7507036828538414,4.329021372328459,2109.0,No,0,Low ROE | Low ROCE | Company Has Debt,3
ULTRACEMCO,2020,14.729535908206126,10.510287933229138,0.5895656182768159,4.968373493975903,2109.0,No,0,Company Has Debt,1
ULTRACEMCO,2021,12.364459535936616,13.457977964609826,0.4916581777023203,8.20121130551817,2109.0,No,0,Company Has Debt,1
ULTRACEMCO,2022,14.54120072963756,14.252854944520935,0.2240264890157823,12.892063492063492,2109.0,No,0,Company Has Debt,1
ULTRACEMCO,2023,9.3382420616659,11.825703929155896,0.2035526921306948,13.520048602673148,2109.0,No,0,Low ROE | Company Has Debt,2
ULTRACEMCO,2024,11.629142591485689,13.714732448241683,0.1893305439330544,13.983471074380166,2109.0,No,0,Company Has Debt,1
UNIONBANK,2013,12.391015647554708,0.055426554895247,16.605404469080202,0.181678520625889,18536.0,No,1,Low ROCE | High Debt | Weak Interest Coverage | Company Has Debt | High Leverage,5
UNIONBANK,2014,9.053343350864012,-0.3181839218771694,17.552753032091875,0.1042996226766665,18536.0,No,1,Low ROE | Low ROCE | High Debt | Weak Interest Coverage | Company Has Debt | High Leverage,6
UNIONBANK,2015,8.899944720840242,-0.3215960613878024,17.72038795919393,0.1262267343485617,18536.0,No,1,Low ROE | Low ROCE | High Debt | Weak Interest Coverage | Company Has Debt | High Leverage,6
UNIONBANK,2016,5.844324887191947,-0.547257178194177,16.259718847622352,0.0839541307441198,18536.0,No,1,Low ROE | Low ROCE | High Debt | Weak Interest Coverage | Company Has Debt | High Leverage,6
UNIONBANK,2017,2.378284148922924,-1.145955034089394,17.366870045241356,0.0252408396785999,18536.0,No,1,Low ROE | Low ROCE | High Debt | Weak Interest Coverage | Company Has Debt | High Leverage,6
UNIONBANK,2018,-20.639949310945667,-2.507787482258671,18.05674798035799,-0.2657747859060116,18536.0,No,1,Low ROE | Low ROCE | High Debt | Weak Interest Coverage | Company Has Debt | High Leverage,6
UNIONBANK,2019,-10.888358920852587,-1.840587675547972,17.17021910866001,-0.1489370605959156,18536.0,No,1,Low ROE | Low ROCE | High Debt | Weak Interest Coverage | Company Has Debt | High Leverage,6
UNIONBANK,2020,-9.182112385995882,-1.8436769670215527,14.861724036481318,-0.144521422765801,18536.0,No,1,Low ROE | Low ROCE | High Debt | Weak Interest Coverage | Company Has Debt | High Leverage,6
UNIONBANK,2021,4.422441224628503,-1.1492697977768696,15.100497389477589,0.0733587232499093,18536.0,No,1,Low ROE | Low ROCE | High Debt | Weak Interest Coverage | Company Has Debt | High Leverage,6
UNIONBANK,2022,7.430039090614018,-0.4287169447821568,15.32031724079536,0.2317437403554184,18536.0,No,1,Low ROE | Low ROCE | High Debt | Weak Interest Coverage | Company Has Debt | High Leverage,6
UNIONBANK,2023,10.801482158266078,-0.303495635186812,14.75888279782752,0.2683779901317843,18536.0,No,1,Low ROCE | High Debt | Weak Interest Coverage | Company Has Debt | High Leverage,5
UNIONBANK,2024,14.136560175413432,0.2738728962929691,12.823705403799256,0.35356038128906,18536.0,No,1,Low ROCE | High Debt | Weak Interest Coverage | Company Has Debt | High Leverage,5
UNITDSPR,2013,-2.193440568205557,7.007444930539565,1.721746396490495,1.2558375634517769,1344.0,No,0,Low ROE | Low ROCE | Weak Interest Coverage | Company Has Debt,4
UNITDSPR,2014,-148.05408970976254,-31.493076990916308,2.739775725593668,-2.0309901738473166,1344.0,No,0,Low ROE | Low ROCE | High Debt | Weak Interest Coverage | Company Has Debt,5
UNITDSPR,2015,-255.99393019726855,-10.432164364151612,7.56752655538695,-1.056768558951965,1344.0,No,1,Low ROE | Low ROCE | High Debt | Weak Interest Coverage | Company Has Debt | High Leverage,6
UNITDSPR,2016,8.751529987760097,2.995234853641933,2.5960832313341493,2.1466083150984683,1344.0,No,0,Low ROE | Low ROCE | High Debt | Company Has Debt,4
UNITDSPR,2017,5.2100840336134455,13.526733007252489,2.3215686274509806,1.936,1344.0,No,0,Low ROE | High Debt | Weak Interest Coverage | Company Has Debt,4
UNITDSPR,2018,26.953286482017365,17.414383561643838,1.4142207523770154,4.967625899280575,1344.0,No,0,Company Has Debt,1
UNITDSPR,2019,22.135922330097088,19.7388247112004,0.933009708737864,6.177215189873418,1344.0,No,0,Company Has Debt,1
UNITDSPR,2020,16.65772532188841,20.387424579231503,0.6893776824034334,7.820754716981132,1344.0,No,0,Company Has Debt,1
UNITDSPR,2021,8.788540907987375,14.584949573312644,0.251760135955329,5.457446808510638,1344.0,No,0,Low ROE | Company Has Debt,2
UNITDSPR,2022,16.37391479911165,23.227779776898164,0.1221481930143347,16.795454545454547,1344.0,No,0,Company Has Debt,1
UNITDSPR,2023,18.76979496582764,18.343578130055,0.0305050841806967,16.01923076923077,1344.0,No,0,Company Has Debt,1
UNITDSPR,2024,19.77250386181716,23.35499593826157,0.0372138744558348,29.05263157894737,1344.0,No,0,Company Has Debt,1
VEDL,2013,13.047210300429184,1.2010397060141615,0.2769098712446352,1.048421052631579,21978.0,No,0,Low ROCE | Weak Interest Coverage | Company Has Debt,3
VEDL,2014,15.643491124260356,8.278093948194355,1.1035229015998247,4.214566156262269,21978.0,No,0,Low ROCE | Company Has Debt,2
VEDL,2015,-21.10255220417633,11.361650725155172,1.4431925754060324,0.5110443541261707,21978.0,No,0,Low ROE | Weak Interest Coverage | Company Has Debt,3
VEDL,2016,-40.55950407593269,-24.192206909503923,1.539044937441813,-2.455694011768778,21978.0,No,0,Low ROE | Low ROCE | Weak Interest Coverage | Company Has Debt,4
VEDL,2017,18.72734795200662,11.427792172371472,1.1844269755895738,4.406319385140905,21978.0,No,0,Company Has Debt,1
VEDL,2018,21.6262319939348,15.307357311621702,0.9186094263330806,6.057120500782473,21978.0,No,0,Company Has Debt,1
VEDL,2019,15.567362794356068,11.654723279101797,1.0630688476170602,4.823519071893127,21978.0,No,0,Company Has Debt,1
VEDL,2020,-8.683078612610963,10.235279647168383,1.08331655532168,1.167570825798674,21978.0,No,0,Low ROE | Weak Interest Coverage | Company Has Debt,3
VEDL,2021,24.136934390956675,16.4072465338858,0.9259931275891968,5.769865642994242,21978.0,No,0,Company Has Debt,1
VEDL,2022,36.26324885673646,30.201065850747277,0.8195249529694263,9.726078799249532,21978.0,No,0,Company Has Debt,1
VEDL,2023,36.78816934276945,19.93787160130937,2.037617634375872,5.95277108433735,21978.0,No,0,High Debt | Company Has Debt,2
VEDL,2024,24.539418006640197,20.762826358631408,2.8548271596901245,4.284310618066561,21978.0,No,0,High Debt | Company Has Debt,2
WIPRO,2013,23.272097575666315,20.388526331765064,0.240212317422075,31.47750865051903,18766.0,No,0,Company Has Debt,1
WIPRO,2014,24.871611316878838,22.99667453336194,0.1605714463568738,30.17493472584857,18766.0,No,0,Company Has Debt,1
WIPRO,2015,23.49293648226033,20.2832181046173,0.2127412919227866,36.425714285714285,18766.0,No,0,Company Has Debt,1
WIPRO,2016,19.410553689457146,15.85218265805308,0.2713620110521183,24.27956989247312,18766.0,No,0,Company Has Debt,1
WIPRO,2017,16.485388039481325,13.671466067879413,0.275614476485388,23.474747474747478,18766.0,No,0,Company Has Debt,1
WIPRO,2018,16.69831201619129,13.383903732936531,0.2900452771923967,22.19039451114923,18766.0,No,0,Company Has Debt,1
WIPRO,2019,15.98284387572444,14.56380894982673,0.176293355546497,19.27777777777778,18766.0,No,0,Company Has Debt,1
WIPRO,2020,17.663858862658614,15.767303139316793,0.1757709410361158,20.559345156889496,18766.0,No,0,Company Has Debt,1
WIPRO,2021,19.795632137848127,18.374342024727632,0.190360831314548,33.7426326129666,18766.0,No,0,Company Has Debt,1
WIPRO,2022,18.719324801614604,16.39356113547641,0.2689937770438665,35.24624060150376,18766.0,No,0,Company Has Debt,1
WIPRO,2023,14.634083535046608,14.189309927997057,0.2248931348818046,18.96230158730159,18766.0,No,0,Company Has Debt,1
WIPRO,2024,14.908832329303795,14.665157475988485,0.2209088591630553,15.444621513944224,18766.0,No,0,Company Has Debt,1
ZOMATO,2018,-10.328185328185327,-9.901800327332245,0.1795366795366795,-11.833333333333334,298.0,No,0,Low ROE | Low ROCE | Weak Interest Coverage | Company Has Debt,4
ZOMATO,2019,-42.869269949066215,-84.5414201183432,0.1477079796264855,-106.44444444444444,298.0,No,0,Low ROE | Low ROCE | Weak Interest Coverage | Company Has Debt,4
ZOMATO,2020,-522.1006564551423,-305.1085568326948,0.7133479212253829,-176.07692307692307,298.0,No,0,Low ROE | Low ROCE | Weak Interest Coverage | Company Has Debt,4
ZOMATO,2021,-10.67503924646782,-7.404234487822787,0.0689429618001046,-66.7,298.0,No,0,Low ROE | Low ROCE | Weak Interest Coverage | Company Has Debt,4
ZOMATO,2022,-7.403817025143895,-12.072398190045249,0.004241139048773,-88.16666666666667,298.0,No,0,Low ROE | Low ROCE | Weak Interest Coverage | Company Has Debt,4
ZOMATO,2023,-4.98972250770812,-8.253618470476285,0.0260534429599177,-10.79591836734694,298.0,No,0,Low ROE | Low ROCE | Weak Interest Coverage | Company Has Debt,4
ZOMATO,2024,1.719492480282173,-2.2823929685284945,0.03669230392397,12.34722222222222,298.0,No,0,Low ROE | Low ROCE | Company Has Debt,3
ZYDUSLIFE,2013,23.4375,16.120777891504606,0.9911684782608696,6.875739644970414,1736.0,No,0,Company Has Debt,1
ZYDUSLIFE,2014,24.30939226519337,16.32187652712168,0.7851119511485897,13.7,1736.0,No,0,Company Has Debt,1
ZYDUSLIFE,2015,27.946365561044463,21.28368588814836,0.6236179722418255,26.485294117647054,1736.0,No,0,Company Has Debt,1
ZYDUSLIFE,2016,34.462186348482184,25.05834664046186,0.4284962274083173,46.11320754716981,1736.0,No,0,Company Has Debt,1
ZYDUSLIFE,2017,21.79597701149425,12.566778992356372,0.7481321839080459,45.08888888888889,1736.0,No,0,Company Has Debt,1
ZYDUSLIFE,2018,20.699908508691674,16.19673521305915,0.6183668801463861,32.32967032967033,1736.0,No,0,Company Has Debt,1
ZYDUSLIFE,2019,18.284228769497403,13.081761006289309,0.7605430387059503,16.36082474226804,1736.0,No,0,Company Has Debt,1
ZYDUSLIFE,2020,11.604819277108437,11.448178203801536,0.7697349397590362,7.409356725146199,1736.0,No,0,Company Has Debt,1
ZYDUSLIFE,2021,16.81804187192118,15.460227272727272,0.354679802955665,19.87421383647799,1736.0,No,0,Company Has Debt,1
ZYDUSLIFE,2022,27.166303900229423,12.389255419415646,0.2483087240425907,46.63779527559055,1736.0,No,0,Company Has Debt,1
ZYDUSLIFE,2023,11.943366065311716,16.76553898776121,0.0682233386617949,26.446153846153845,1736.0,No,0,Company Has Debt,1
ZYDUSLIFE,2024,20.03530005042864,22.390229717941263,0.0405446293494705,70.08641975308642,1736.0,No,0,Company Has Debt,1
INDIGO,2013,17886.363636363636,53649.35064935065,2.5,28.23310810810811,9424.0,No,0,High Debt | Company Has Debt,2
INDIGO,2014,10772.727272727272,56836.956521739135,3.1818181818181817,27.33503836317136,9424.0,No,0,High Debt | Company Has Debt,2
INDIGO,2015,4939.39393939394,38552.63157894737,0.1515151515151515,30.47088607594937,9424.0,No,0,Company Has Debt,1
INDIGO,2016,1534.775888717156,9076.4192139738,0.061823802163833,25.23495145631068,9424.0,No,0,Company Has Debt,1
INDIGO,2017,1692.857142857143,10603.333333333334,0.5306122448979592,20.75285171102661,9424.0,No,0,Company Has Debt,1
INDIGO,2018,2242.0,12697.402597402595,0.54,21.123548046462517,9424.0,No,0,Company Has Debt,1
INDIGO,2019,120.93023255813952,12851.612903225809,0.6821705426356589,21.620377358490565,9424.0,No,0,Company Has Debt,1
INDIGO,2020,-138.54748603351956,10910.629921259842,0.4189944134078212,20.70411495754409,9424.0,No,0,Low ROE | Company Has Debt,2
INDIGO,2021,-1094.148936170213,1734.5549738219895,0.0159574468085106,14.12934362934363,9424.0,No,0,Low ROE | Company Has Debt,2
INDIGO,2022,-48.76923076923077,3067.2205438066467,0.0184615384615384,35.0,9424.0,No,0,Low ROE | Company Has Debt,2
INDIGO,2023,-40.7979407979408,5427.756653992396,0.0154440154440154,33.49965059399022,9424.0,No,0,Low ROE | Company Has Debt,2
INDIGO,2024,892.568306010929,4953.540772532189,0.0185792349726775,22.61263972484953,9424.0,No,0,Company Has Debt,1
