id_x,company_id,year,sales,expenses,operating_profit,opm_percentage,other_income,interest,depreciation,profit_before_tax,tax_percentage,net_profit,eps,dividend_payout,id_y,equity_capital,reserves,borrowings,other_liabilities,total_liabilities,fixed_assets,cwip,investments,other_asset,total_assets,broad_sector,net_profit_margin,operating_profit_margin,roe,ebit,roce,roa,debt_to_equity,interest_coverage,net_debt,asset_turnover,debt_free,high_leverage_flag
61,ABB,2012,1653,1451,202.0,12.22,33,0,19,215,33.0,145,68.0,25.0,136,21.0,626,0,260,907,109,1,0,798,907,Industrials,8.771929824561402,12.220205686630369,22.411128284389488,183.0,28.284389489953632,15.986769570011026,0.0,,0,1.822491730981257,Yes,False
62,ABB,2014,2276,2009,267.0,11.73,49,0,22,295,33.0,198,93.0,25.0,137,21.0,767,0,351,1139,98,1,0,1040,1139,Industrials,8.699472759226714,11.731107205623902,25.12690355329949,245.0,31.091370558375637,17.383669885864794,0.0,,0,1.9982440737489024,Yes,False
63,ABB,2015,2289,1977,312.0,13.63,48,0,15,344,34.0,229,108.0,29.0,138,21.0,916,0,436,1374,96,4,0,1274,1374,Industrials,10.004368719965049,13.630406290956751,24.439701173959445,297.0,31.696905016008536,16.666666666666664,0.0,,0,1.665938864628821,Yes,False
64,ABB,2016,2614,2250,365.0,13.96,50,3,14,398,36.0,255,120.0,29.0,139,21.0,1174,0,421,1616,108,3,0,1505,1616,Industrials,9.755164498852334,13.963274674827849,21.338912133891213,351.0,29.372384937238493,15.77970297029703,0.0,138.33333333333334,0,1.6175742574257426,Yes,False
65,ABB,2017,2903,2505,398.0,13.71,57,2,16,436,37.0,277,130.0,31.0,140,21.0,1366,0,679,2066,110,6,0,1950,2066,Industrials,9.541853255253187,13.709955218739237,19.971160778658977,382.0,27.54145638067772,13.407550822846078,0.0,227.5,0,1.40513068731849,Yes,False
66,ABB,2018,3298,2774,525.0,15.92,117,4,16,621,35.0,401,189.0,29.0,141,21.0,1672,0,723,2416,81,2,0,2333,2416,Industrials,12.15888417222559,15.918738629472406,23.685764914353218,509.0,30.06497341996456,16.5976821192053,0.0,160.5,0,1.365066225165563,Yes,False
67,ABB,2019,3679,3074,605.0,16.44,113,2,17,699,36.0,450,212.0,31.0,142,21.0,1987,0,932,2941,105,1,0,2835,2941,Industrials,12.231584669747214,16.444686055993476,22.410358565737052,588.0,29.282868525896415,15.300918055083304,0.0,359.0,0,1.2509350561033663,Yes,False
68,ABB,2020,4093,3336,757.0,18.49,114,9,60,803,26.0,593,279.0,90.0,143,21.0,2410,175,940,3547,270,2,0,3275,3547,Industrials,14.488150500855118,18.49499144881505,24.39325380501851,697.0,26.74597083653108,16.718353538201296,0.07198683669271905,96.77777777777777,175,1.153932901043135,No,False
69,ABB,2021,4310,3388,922.0,21.39,81,18,58,926,25.0,691,325.0,85.0,144,21.0,2581,153,1086,3840,251,1,0,3589,3840,Industrials,16.03248259860789,21.392111368909514,26.5564950038432,864.0,31.361161524500908,17.994791666666668,0.058800922367409685,55.72222222222222,153,1.1223958333333333,No,False
70,ABB,2022,4913,3832,1082.0,22.02,83,19,66,1080,26.0,799,376.0,73.0,145,21.0,2799,152,1253,4224,271,1,0,3952,4224,Industrials,16.26297577854671,22.023203745165887,28.333333333333332,1016.0,34.185733512786,18.915719696969695,0.05390070921985816,61.31578947368421,152,1.1631155303030303,No,False
71,ABB,2023,5349,4143,1206.0,22.55,154,16,70,1274,25.0,949,447.0,73.0,146,21.0,3167,113,1254,4556,237,4,0,4315,4556,Industrials,17.74163395027108,22.546270330902974,29.767879548306148,1136.0,34.413813995758865,20.82967515364355,0.03544542032622334,85.0,113,1.1740561896400352,No,False
72,ABB,2024,5849,4396,1453.0,24.84,248,12,71,1618,26.0,1201,565.0,73.0,147,21.0,3678,83,1411,5193,225,10,0,4958,5193,Industrials,20.533424517011454,24.84185330825782,32.46823465801568,1382.0,36.541512427287145,23.127286732139417,0.022438496891051634,141.75,83,1.1263238975544,No,False
86,ADANIENSOL,2014,0,0,0.0,,0,0,0,0,0.0,0,0.0,,149,0.1,0,0,0,0,0,0,0,0,0,Energy,,,0.0,0.0,0.0,,0.0,,0,,Yes,False
87,ADANIENSOL,2015,131,29,101.0,77.1,3,73,37,-5,34.0,-7,0.0,0.0,150,1090.0,-7,9701,708,11492,10573,10,0,909,11492,Energy,-5.343511450381679,77.09923664122137,-0.6463527239150507,64.0,0.5934718100890208,-0.06091193873999304,8.95752539242844,1.4246575342465753,9701,0.011399234249912982,No,True
88,ADANIENSOL,2016,2194,267,1927.0,87.83,70,957,560,480,23.0,368,3.0,0.0,151,1100.0,1572,8585,489,11746,10060,258,20,1407,11746,Energy,16.773017319963536,87.83044667274385,13.77245508982036,1367.0,12.143555121257885,3.1329814404903797,3.2129491017964074,2.0867293625914316,8565,0.18678699131619275,No,False
89,ADANIENSOL,2017,2876,893,1983.0,68.95,22,904,569,532,22.0,416,4.0,0.0,152,1100.0,1847,8975,890,12811,9853,1343,105,1510,12811,Energy,14.464534075104313,68.94993045897078,14.116050220563285,1414.0,11.860426103002853,3.2472094293966123,3.045469969460468,2.2179203539823007,8870,0.22449457497463118,No,False
90,ADANIENSOL,2018,3944,1118,2826.0,71.65,111,886,579,1472,22.0,1143,10.0,0.0,153,1100.0,4957,10428,781,17265,9291,2353,0,5621,17265,Energy,28.98073022312373,71.65314401622717,18.87072808320951,2247.0,13.630573248407643,6.620330147697655,1.7216443784051512,3.31489841986456,10428,0.22843903851723138,No,False
91,ADANIENSOL,2019,7305,4528,2778.0,38.03,336,1391,882,840,33.0,559,5.0,0.0,154,1100.0,6943,20137,4379,32558,24412,694,336,7117,32558,Energy,7.652292950034223,38.02874743326489,6.950142981474575,1896.0,6.728176011355572,1.716935929725413,2.50366778565212,2.2386772106398274,19801,0.2243688187235088,No,False
92,ADANIENSOL,2020,11416,7158,4258.0,37.3,261,2238,1174,1107,36.0,706,7.0,0.0,155,1100.0,7399,24246,6966,39711,24924,2212,313,12262,39711,Energy,6.184302733006307,37.29852838121934,8.30685963054477,3084.0,9.418231791113147,1.7778449296164793,2.8528062124955875,2.019213583556747,23933,0.2874770214801944,No,False
93,ADANIENSOL,2021,9926,5976,3950.0,39.79,1115,2117,1329,1620,20.0,1290,11.0,0.0,156,1100.0,7819,27095,7219,43234,26987,5255,442,10550,43234,Energy,12.996171670360667,39.79447914567802,14.46350487722839,2621.0,7.277725329038708,2.9837627792940737,3.0378966251821953,2.3925366084081245,26653,0.22958782439746495,No,False
94,ADANIENSOL,2022,11258,7051,4206.0,37.36,1286,2365,1427,1700,27.0,1236,11.0,0.0,157,1100.0,8813,29902,7650,47464,30272,5060,561,11572,47464,Energy,10.978859477704743,37.360099484810796,12.46847573892868,2779.0,6.979781489388421,2.604078880836002,3.016443054574801,2.3221987315010573,29341,0.23719029158941513,No,False
95,ADANIENSOL,2023,13293,8775,4518.0,33.99,1583,2781,1608,1712,25.0,1281,11.0,0.0,158,1115.0,10634,34270,7913,53932,32645,6200,1370,13716,53932,Energy,9.636650868878357,33.98781313473256,10.90305557919823,2910.0,6.323475086377366,2.3752132314766743,2.916843986722274,2.193815174397699,32900,0.24647704516798932,No,False
96,ADANIENSOL,2024,16607,10896,5711.0,34.39,611,2767,1776,1780,33.0,1196,10.0,0.0,159,1115.0,11526,37070,8827,58538,38920,3003,766,15849,58538,Energy,7.201782380923707,34.38911302462817,9.461276797721698,3935.0,7.915753052644284,2.043117291332126,2.93252116130053,2.284784965666787,36304,0.2836960606785336,No,False
98,ADANIENT,2013,46375,40354,6021.0,12.98,1775,3492,2298,2005,39.0,1218,15.0,10.0,170,110.0,21286,69332,21143,111871,48770,29248,323,33529,111871,Industrials,2.6264150943396225,12.983288409703503,5.692652832305104,3723.0,4.103474120447932,1.0887540113166057,3.240418769863526,2.2325315005727377,69009,0.41453996120531683,No,False
99,ADANIENT,2014,54947,45564,9383.0,17.08,1157,5703,3223,1614,-64.0,2646,20.0,7.0,171,110.0,23647,71980,22365,118102,70579,13574,288,33661,118102,Industrials,4.815549529546654,17.07645549347553,11.1377699204445,6160.0,6.434293951136969,2.240436233086654,3.0298438355011155,1.84815009644047,71692,0.4652503767929417,No,False
100,ADANIENT,2015,64465,52015,12450.0,19.31,792,7056,3522,2663,14.0,2298,18.0,8.0,172,110.0,25618,83571,21420,130718,83834,6733,744,39407,130718,Industrials,3.564725044597844,19.312805398278137,8.931902985074627,8928.0,8.168418741251065,1.757982833274683,3.248250932835821,1.876700680272109,82827,0.4931608500742055,No,False
101,ADANIENT,2016,34008,32325,1684.0,4.95,1044,1357,314,1056,7.0,1000,9.0,4.0,173,110.0,13268,19169,9132,41679,10473,7705,805,22696,41679,Industrials,2.9404845918607387,4.951776052693484,7.4749588877261175,1370.0,4.2092973238700955,2.399289810216176,1.4328748691882194,2.0103168754605747,18364,0.8159504786583172,No,False
102,ADANIENT,2017,36533,34631,1902.0,5.21,749,1257,315,1079,25.0,925,9.0,4.0,174,110.0,14026,20846,12630,47611,13668,7731,1042,25170,47611,Industrials,2.5319574083705145,5.206251881860236,6.543576683644596,1587.0,4.53661883254245,1.9428283379891202,1.4746745897000566,2.1089896579156724,19804,0.7673226775325029,No,False
103,ADANIENT,2018,35924,33886,2038.0,5.67,363,1250,664,487,23.0,594,7.0,6.0,175,110.0,14979,17637,23679,56405,10555,5526,1461,38864,56405,Industrials,1.653490702594366,5.673087629439929,3.936642587315263,1374.0,4.19849660820143,1.0530981295984398,1.1688647359003248,1.9208,16176,0.6368938923854268,No,False
104,ADANIENT,2019,40379,38409,1969.0,4.88,504,1625,390,459,32.0,506,7.0,6.0,176,110.0,14646,11243,16537,42536,9020,5765,1511,26240,42536,Industrials,1.2531266252259838,4.876297085118502,3.429113580916238,1579.0,6.0733105119427675,1.1895805905585857,0.7619273515857956,1.5218461538461538,9732,0.9492900131653188,No,False
105,ADANIENT,2020,43403,41108,2294.0,5.29,872,1572,472,1122,29.0,1040,10.0,10.0,177,110.0,16837,12419,17509,46875,10476,7347,1952,27099,46875,Industrials,2.3961477317236133,5.285348939013432,6.136779370980115,1822.0,6.204454130627256,2.2186666666666666,0.7328140673865581,2.013994910941476,10467,0.9259306666666667,No,False
106,ADANIENT,2021,39537,37031,2506.0,6.34,494,1377,537,1086,31.0,1046,8.0,12.0,178,110.0,17049,16227,18231,51617,10838,8825,5503,26451,51617,Industrials,2.645623087234742,6.338366593317652,6.0959263360335685,1969.0,5.897681662972504,2.026464149408141,0.9456844804475786,2.178649237472767,10724,0.7659685762442606,No,False
107,ADANIENT,2022,69420,65707,3714.0,5.35,1012,2526,1248,952,50.0,788,7.0,14.0,179,110.0,22147,41604,37726,101586,30123,23544,4292,43627,101586,Industrials,1.135119562085854,5.3500432152117545,3.5404591813811384,2466.0,3.861511720768544,0.7756974386234324,1.8692546165251382,1.870942201108472,37312,0.6833618805740949,No,False
108,ADANIENT,2023,127540,118722,8818.0,6.91,834,3969,2436,3247,32.0,2422,22.0,6.0,180,114.0,32937,53200,55027,141278,56881,24025,6310,54062,141278,Industrials,1.899012074643249,6.913909361768857,7.328068742246831,6382.0,7.39933450046956,1.7143504296493437,1.6096335965628876,2.431846812799194,46890,0.9027590990812441,No,False
109,ADANIENT,2024,96421,85044,11377.0,11.8,1146,4555,3042,4926,33.0,3335,28.0,5.0,181,114.0,38962,65310,56200,160586,65978,35180,8701,50728,160586,Industrials,3.458790097592848,11.799296833677312,8.534650424813185,8335.0,7.984787232004292,2.076768834144944,1.671358378544375,2.7492864983534577,56609,0.6004321671876751,No,False
111,ADANIGREEN,2017,502,98,403.0,80.28,80,334,333,-184,-75.0,-47,0.0,0.0,192,1274.0,-71,4347,610,6160,4341,267,26,1525,6160,Energy,-9.362549800796813,80.2788844621514,-3.906899418121363,70.0,1.2612612612612613,-0.762987012987013,3.6134663341645887,1.4461077844311376,4321,0.08149350649350649,No,False
112,ADANIGREEN,2018,1480,637,843.0,56.96,42,552,543,-210,-35.0,-138,-1.0,0.0,193,1564.0,-223,9864,4503,15709,9120,1725,87,4777,15709,Energy,-9.324324324324325,56.95945945945946,-10.290827740492169,300.0,2.677376171352075,-0.8784773060029283,7.355704697986577,1.6032608695652173,9777,0.09421350818002419,No,True
113,ADANIGREEN,2019,2058,532,1526.0,74.15,73,1121,1062,-585,-19.0,-475,-3.0,0.0,194,1564.0,369,11142,1582,14658,10388,743,77,3449,14658,Energy,-23.080660835762874,74.14965986394559,-24.573202276254527,464.0,3.5487571701720846,-3.240551234820576,5.764097258147957,1.4264049955396967,11065,0.14040114613180515,No,True
114,ADANIGREEN,2020,2549,1098,1450.0,56.89,-111,995,394,-50,23.0,-68,0.0,0.0,195,1564.0,793,14866,1201,18424,12554,1208,476,4186,18424,Energy,-2.6677128285602194,56.88505296194586,-2.8850233347475602,1056.0,6.131336004180456,-0.36908380373425964,6.307170131523122,1.3457286432160804,14390,0.13835214937038645,No,True
115,ADANIGREEN,2021,3124,883,2241.0,71.73,391,1953,486,193,6.0,182,1.0,0.0,196,1564.0,636,24209,2283,28692,16429,4452,502,7309,28692,Energy,5.8258642765685025,71.73495518565942,8.272727272727273,1755.0,6.645461774395092,0.6343231562804963,11.004090909090909,1.3476702508960574,23707,0.10888052418792694,No,True
116,ADANIGREEN,2022,5133,1621,3512.0,68.42,507,2617,849,553,12.0,489,3.0,0.0,197,1564.0,1050,52832,3508,58954,28452,19999,574,10029,58954,Energy,9.526592635885448,68.42002727449834,18.706962509563887,2663.0,4.802871262128918,0.8294602571496421,20.211170619739864,1.5357279327474207,52258,0.08706788343454218,No,True
117,ADANIGREEN,2023,7776,2806,4970.0,63.91,667,2911,1300,1426,32.0,973,6.0,0.0,198,1584.0,5720,54223,5382,66909,48336,5291,1149,12133,66909,Energy,12.512860082304528,63.91460905349794,13.321467688937568,3670.0,5.964860955352934,1.4542139323558863,7.423740416210296,1.936447956028856,53074,0.11621754920862665,No,True
118,ADANIGREEN,2024,9220,1902,7318.0,79.37,1262,5006,1903,1671,25.0,1260,7.0,0.0,199,1584.0,8250,64858,13394,88086,62284,6427,1515,17860,88086,Energy,13.665943600867678,79.3709327548807,12.812690665039659,5415.0,7.249772398650458,1.430420271098699,6.595281675818589,1.713943268078306,63343,0.10467043571055559,No,True
120,ADANIPORTS,2013,3577,1195,2382.0,66.59,344,542,422,1762,7.0,1639,8.0,12.0,201,401.0,5993,11620,3022,21035,11382,2951,222,6480,21035,Industrials,45.820519988817445,66.59211629857423,25.633406318423525,1960.0,10.880426335072721,7.791775612075114,1.817328745699093,5.029520295202952,11398,0.17004991680532447,No,False
121,ADANIPORTS,2014,4830,1910,2919.0,60.43,685,977,649,1978,12.0,1741,8.0,12.0,202,414.0,8351,12979,2933,24677,13163,2025,63,9426,24677,Industrials,36.04554865424431,60.43478260869565,19.86309184255562,2270.0,10.439661515820456,7.055152571220165,1.4807758128921849,3.6888433981576254,12916,0.19572881630668235,No,False
122,ADANIPORTS,2015,6152,2250,3902.0,63.43,686,1175,912,2501,7.0,2324,11.0,10.0,203,414.0,10351,17776,3541,32082,20527,1276,260,10020,32082,Industrials,37.77633289986996,63.42652795838751,21.58848118903855,2990.0,10.476157107319295,7.243937410385887,1.651277287505806,3.90468085106383,17516,0.19175861853999127,No,False
123,ADANIPORTS,2016,7109,2532,4577.0,64.38,730,1124,1063,3119,9.0,2856,14.0,8.0,204,414.0,13091,22342,2538,38385,20883,1967,545,14990,38385,Industrials,40.17442678295119,64.38317625545083,21.147723065531284,3514.0,9.802772895918766,7.44040640875342,1.6543502406516104,4.72153024911032,21797,0.18520255308063047,No,False
124,ADANIPORTS,2017,8439,3021,5418.0,64.2,1037,1116,1160,4179,7.0,3902,19.0,7.0,205,414.0,17112,22214,3629,43369,21054,4514,1161,16641,43369,Industrials,46.23770588932338,64.20191965872733,22.264064817984707,4258.0,10.714645193759436,8.997209988701607,1.2674883030925481,5.784050179211469,21053,0.19458599460444095,No,False
125,ADANIPORTS,2018,11323,4166,7157.0,63.21,844,1579,1188,5234,30.0,3690,18.0,11.0,206,414.0,20489,22370,3960,47233,22670,4545,1079,18938,47233,Industrials,32.588536606906295,63.20763048662016,17.652968473424867,5969.0,13.793820627180923,7.812334596574429,1.0701813136870306,5.067131095630145,21291,0.23972646243092752,No,False
126,ADANIPORTS,2019,10925,4330,6596.0,60.38,1289,1385,1373,5126,21.0,4045,19.0,1.0,207,414.0,23958,27712,4228,56311,28121,4483,782,22924,56311,Industrials,37.02517162471396,60.37528604118994,16.596914492040046,5223.0,10.028031641194993,7.183321198344907,1.1370425077958313,5.693140794223827,26930,0.19401182717408677,No,False
127,ADANIPORTS,2020,11873,5926,5947.0,50.09,1928,1951,1680,4244,11.0,3785,19.0,17.0,208,406.0,25051,30242,6217,61917,32715,3216,1178,24808,61917,Industrials,31.8790533142424,50.08843594710688,14.868209136976077,4267.0,7.660819763370977,6.113022271750893,1.1879640177554307,4.036391594054331,29064,0.1917567065587803,No,False
128,ADANIPORTS,2021,12550,3862,8688.0,69.23,1967,2255,2107,6292,20.0,5049,25.0,20.0,209,406.0,30035,35855,8285,74582,48291,3697,2236,20358,74582,Industrials,40.23107569721115,69.22709163346613,16.586183108307875,6581.0,9.926692409798479,6.769729961652946,1.1778522387569397,4.725055432372505,33619,0.16827116462417205,No,False
129,ADANIPORTS,2022,17119,7591,9528.0,55.66,1832,2544,3099,5717,13.0,4953,23.0,22.0,210,422.0,41399,47935,8572,98328,62553,4023,3161,28591,98328,Industrials,28.93276476429698,55.65745662713943,11.843332297171278,6429.0,7.162752350817772,5.037222357822797,1.1461944955883407,4.465408805031447,44774,0.1741009681881051,No,False
130,ADANIPORTS,2023,20852,9905,10947.0,52.5,327,2363,3425,5487,2.0,5391,25.0,20.0,211,432.0,44957,53434,13740,112563,72224,6637,7432,26271,112563,Industrials,25.85363514291195,52.498561289084975,11.8773271056864,7522.0,7.6115883954140235,4.789317981930119,1.1772455881380952,4.771053745239103,46002,0.18524737258246493,No,False
131,ADANIPORTS,2024,26711,11121,15589.0,58.36,671,2733,3888,9639,16.0,8104,38.0,16.0,212,432.0,52346,49470,14751,116999,75148,10936,4289,26627,116999,Industrials,30.339560480700833,58.36172363445772,15.3548827162833,11701.0,11.44374462092168,6.926554927819896,0.9373223691689719,5.949506037321624,45181,0.22830109659056916,No,False
146,ADANIPOWER,2013,6692,5732,960.0,14.35,215,1703,1290,-1818,26.0,-2295,-10.0,0.0,214,2393.0,1900,41795,8599,54688,29089,18976,22,6600,54688,Energy,-34.294680215182304,14.34548714883443,-53.459119496855344,-330.0,-0.7160215240409651,-4.1965330602691635,9.735616119263918,0.6899588960657663,41773,0.12236688121708601,No,True
147,ADANIPOWER,2014,15328,10735,4593.0,29.96,137,4162,1937,-1370,-79.0,-291,-1.0,0.0,215,2872.0,3671,44150,8045,58739,46365,3660,115,8599,58739,Energy,-1.8984864300626305,29.964770354906058,-4.447501146263182,2656.0,5.239382163217801,-0.49541190691023,6.747669264863212,1.1364728495915426,44035,0.2609509865676978,No,True
148,ADANIPOWER,2015,18683,14005,4678.0,25.04,1188,4864,1818,-816,0.0,-816,-3.0,0.0,216,2872.0,2853,44742,8008,58474,45080,191,357,12846,58474,Energy,-4.367606915377617,25.03880533104962,-14.253275109170305,2860.0,5.667069570214199,-1.3954920135444813,7.815196506550218,1.2060032894736843,44385,0.3195095256011219,No,True
149,ADANIPOWER,2016,25377,16575,8802.0,34.68,-201,5560,2666,375,-47.0,551,2.0,0.0,217,3334.0,4134,52729,15597,75794,56941,88,0,18765,75794,Energy,2.171257437837412,34.6849509398274,7.378146759507231,6136.0,10.19319899662774,0.7269704725967755,7.06065881092662,1.5469424460431656,52729,0.33481542074570547,No,True
150,ADANIPOWER,2017,22616,16635,5980.0,26.44,-3666,5902,2672,-6260,-1.0,-6174,-16.0,0.0,218,3857.0,-857,52484,16027,71511,54391,125,164,16831,71511,Energy,-27.299257163070394,26.44145737530951,-205.79999999999998,3308.0,5.962079157955447,-8.633636783152241,17.494666666666667,0.3920704845814978,52320,0.31625903707121983,No,True
151,ADANIPOWER,2018,20304,14868,5436.0,26.77,754,5570,2699,-2079,0.0,-2103,-5.0,0.0,219,3857.0,-2968,52835,15804,69528,52137,120,0,17271,69528,Energy,-10.35756501182033,26.773049645390074,-236.55793025871765,2737.0,5.09455736728464,-3.0246807041767347,59.43194600674916,1.111310592459605,52835,0.29202623403520883,No,True
152,ADANIPOWER,2019,23884,18901,4983.0,20.86,2448,5657,2751,-976,1.0,-984,-3.0,0.0,220,3857.0,3855,46980,13293,67985,50419,350,3,17213,67985,Energy,-4.119912912409982,20.86333947412494,-12.759336099585061,2232.0,4.081035617640605,-1.4473780981098772,6.091804979253112,1.313593777620647,46977,0.3513127895859381,No,True
153,ADANIPOWER,2020,26468,20734,5734.0,21.66,323,5315,3006,-2265,0.0,-2275,-6.0,0.0,221,3857.0,2624,55199,13346,75025,55846,2347,3,16830,75025,Energy,-8.595284872298626,21.66389602538915,-35.102607622280516,2728.0,4.422827496757458,-3.032322559146951,8.517049837987965,1.139604891815616,55196,0.3527890703098967,No,True
154,ADANIPOWER,2021,26221,17533,8688.0,33.13,1909,5106,3202,2289,45.0,1270,3.0,0.0,222,3857.0,9256,52519,13175,78806,52851,6439,20,19495,78806,Energy,4.84344609282636,33.13374775942947,9.685045374818882,5486.0,8.358727450024379,1.6115524198665077,4.005109433386716,2.0754014884449665,52499,0.3327284724513362,No,False
155,ADANIPOWER,2022,27711,17830,9881.0,35.66,3908,4095,3118,6577,25.0,4912,13.0,0.0,223,3857.0,14600,49145,14379,81981,53274,10270,183,18254,81981,Energy,17.725812854101257,35.6573201977554,26.613209080565635,6763.0,10.004141889293216,5.991632207462705,2.662675407704394,3.3672771672771673,48962,0.33801734548248985,No,False
156,ADANIPOWER,2023,38773,28677,10096.0,26.04,4216,3334,3304,7675,-40.0,10727,28.0,0.0,224,3857.0,26019,42350,13596,85821,51451,12880,654,20836,85821,Energy,27.666159440848016,26.038738297268715,35.90507430713616,6792.0,9.403815800404287,12.499271740017011,1.4175257731958764,4.2927414517096585,41696,0.4517891891262045,No,False
157,ADANIPOWER,2024,50351,32124,18228.0,36.2,9883,3388,3931,20792,0.0,20829,54.0,0.0,225,3857.0,39288,34616,14248,92009,63016,925,374,27694,92009,Energy,41.36759945184802,36.20186292228556,48.27674122146251,14297.0,18.385823227581948,22.638002804073516,0.8023177656738903,8.297225501770956,34242,0.5472399439185297,No,False
159,AMBUJACEM,2012,9749,7276,2473.0,25.37,69,78,569,1896,32.0,1292,8.0,43.0,227,308.0,8489,60,3487,12345,5951,524,1581,4289,12345,Materials,13.252641296543235,25.36670427736178,14.686825053995682,1904.0,21.497120921305182,10.46577561765897,0.006820506991019666,32.58974358974359,-1521,0.7897124341838802,No,False
160,AMBUJACEM,2013,9161,7492,1669.0,18.22,390,67,494,1498,15.0,1278,8.0,44.0,228,309.0,9153,48,3446,12956,6147,698,1714,4399,12956,Materials,13.950442091474729,18.218535094422005,13.506658211794548,1175.0,12.355415352260778,9.864155603581352,0.0050729232720355105,30.73134328358209,-1666,0.7070855202222909,No,False
161,AMBUJACEM,2014,9955,8022,1934.0,19.43,419,66,513,1774,16.0,1487,10.0,46.0,229,310.0,9760,34,3774,13878,6310,692,2097,4780,13878,Materials,14.937217478653944,19.427423405323957,14.766633565044687,1421.0,14.063737133808393,10.714800403516357,0.0033763654419066533,35.65151515151515,-2063,0.7173223807465052,No,False
162,AMBUJACEM,2015,9437,7895,1542.0,16.34,353,92,630,1173,31.0,808,5.0,54.0,230,310.0,9961,35,3827,14133,6170,416,2149,5398,14133,Materials,8.562043022146868,16.33993853979019,7.866809463538117,912.0,8.849214050067921,5.717115969716267,0.0034076526141563626,20.597826086956523,-2114,0.6677280124531239,No,False
163,AMBUJACEM,2016,20094,16913,3181.0,15.83,441,153,1461,2008,29.0,1434,6.0,50.0,231,397.0,19424,29,12974,32824,21410,582,175,10657,32824,Materials,7.136458644371454,15.830596197870012,7.234751021643711,1720.0,8.664987405541561,4.368754569826956,0.00146309469754301,23.673202614379086,-146,0.6121740190104802,No,False
164,AMBUJACEM,2017,23609,19751,3858.0,16.34,335,206,1219,2768,30.0,1945,8.0,47.0,232,397.0,20275,24,14813,35509,20898,667,153,13791,35509,Materials,8.238383667245541,16.34122580371892,9.408862229102168,2639.0,12.751256281407036,5.477484581373736,0.0011609907120743034,20.354368932038835,-129,0.6648736939930722,No,False
165,AMBUJACEM,2018,26041,22030,4011.0,15.4,232,170,1154,2919,-2.0,2973,11.0,14.0,233,397.0,21973,40,14981,37391,20636,1008,133,15613,37391,Materials,11.416612265273992,15.402634307438271,13.29012069736254,2857.0,12.748772869254795,7.951111229975128,0.001788109074653554,24.958823529411763,-93,0.6964510176245621,No,False
166,AMBUJACEM,2019,27104,22507,4597.0,16.96,601,170,1153,3875,28.0,2783,11.0,14.0,234,397.0,23681,41,16059,40178,20701,1554,150,17773,40178,Materials,10.267857142857142,16.960596221959857,11.558268959215882,3444.0,14.279198971764998,6.926676290507243,0.0017027992358169283,30.576470588235296,-109,0.6745980387276619,No,False
167,AMBUJACEM,2020,24516,19511,5006.0,20.42,288,140,1162,3992,22.0,3107,12.0,151.0,235,397.0,22360,471,16490,39718,20486,2422,167,16643,39718,Materials,12.673356175558819,20.41931799641051,13.65294195192688,3844.0,16.54899259514379,7.822649680245733,0.02069692841762974,37.81428571428572,304,0.6172516239488394,No,False
168,AMBUJACEM,2021,28965,22755,6210.0,21.44,252,146,1152,5164,28.0,3711,14.0,45.0,236,397.0,24957,477,19374,45205,22254,2168,198,20585,45205,Materials,12.812014500258934,21.439668565510097,14.636743709079436,5058.0,19.581123456312184,8.209268886185155,0.01881359943204228,44.26027397260274,279,0.6407477048999004,No,False
169,AMBUJACEM,2023,38937,33815,5122.0,13.15,447,195,1645,3729,19.0,3024,13.0,19.0,237,397.0,31301,523,19501,51721,23551,2526,214,25430,51721,Materials,7.766391863779952,13.154583044405063,9.540034071550256,3477.0,10.791098972719656,5.846754703118656,0.016499463688560794,28.55897435897436,309,0.7528276715454071,No,False
170,AMBUJACEM,2024,33160,26760,6400.0,19.3,1401,276,1623,5901,20.0,4738,16.0,12.0,238,440.0,41016,699,23107,65261,32388,2658,849,29365,65261,Materials,14.288299155609169,19.300361881785282,11.428984947896565,4777.0,11.33198908788993,7.2600787606687,0.01686125048243921,28.264492753623188,-150,0.5081135747230352,No,False
172,APOLLOHOSP,2013,3769,3157,612.0,16.24,33,103,142,399,26.0,303,22.0,25.0,240,70.0,2677,1213,854,4814,2341,403,527,1543,4814,Healthcare,8.039267710267975,16.23772884054126,11.030214779759739,470.0,11.868686868686869,6.294142085583713,0.4415726246814707,6.262135922330097,686,0.7829248026589115,No,False
173,APOLLOHOSP,2014,4357,3681,676.0,15.52,18,119,168,407,25.0,315,23.0,25.0,241,70.0,2907,1344,1029,5350,2681,491,322,1855,5350,Healthcare,7.229745237548772,15.515262795501492,10.581121934833725,508.0,11.756537838463318,5.887850467289719,0.4514612025529056,5.831932773109243,1022,0.814392523364486,No,False
174,APOLLOHOSP,2015,5129,4392,737.0,14.37,47,118,212,455,29.0,335,24.0,24.0,242,70.0,3102,1992,1296,6459,3244,533,311,2372,6459,Healthcare,6.531487619418989,14.369272762721778,10.561160151324085,525.0,10.166537567776917,5.1865613872116425,0.6279949558638083,6.6440677966101696,1681,0.7940857717912989,No,False
175,APOLLOHOSP,2016,6150,5465,684.0,11.12,92,180,264,332,29.0,235,17.0,35.0,243,70.0,3262,2834,1195,7360,3997,562,352,2448,7360,Healthcare,3.8211382113821135,11.121951219512196,7.052821128451381,420.0,6.811547194291275,3.192934782608696,0.8505402160864346,4.311111111111111,2482,0.8355978260869565,No,False
176,APOLLOHOSP,2017,7256,6522,734.0,10.12,60,257,314,222,41.0,131,16.0,38.0,244,70.0,3244,3125,1665,8103,4591,347,406,2759,8103,Healthcare,1.8054024255788312,10.115766262403527,3.952926976463488,420.0,6.5227519801211375,1.6166851783290141,0.9429692214846107,3.0894941634241246,2719,0.8954708132790324,No,False
177,APOLLOHOSP,2018,8243,7442,801.0,9.72,24,295,359,171,65.0,60,8.0,59.0,245,70.0,3182,3427,1917,8596,4773,712,352,2759,8596,Healthcare,0.7278903311901006,9.717335921387845,1.8450184501845017,442.0,6.617757149273844,0.6979990693345742,1.0538130381303814,2.7966101694915255,3075,0.9589343880874825,No,False
178,APOLLOHOSP,2019,9617,8548,1070.0,11.13,26,327,396,373,47.0,200,17.0,35.0,246,70.0,3264,3673,2159,9166,4982,822,462,2901,9166,Healthcare,2.0796506186960593,11.126130810023916,5.9988002399520095,674.0,9.618952476095332,2.181976871045167,1.1016796640671866,3.3516819571865444,3211,1.0492035784420686,No,False
179,APOLLOHOSP,2020,11247,9656,1591.0,14.15,222,533,620,660,34.0,432,33.0,18.0,247,70.0,3270,3596,4354,11289,7432,236,434,3187,11289,Healthcare,3.841024273139504,14.145994487418868,12.934131736526947,971.0,13.999423298731257,3.826733988838692,1.0766467065868264,3.401500938086304,3162,0.996279564177518,No,False
180,APOLLOHOSP,2021,10560,9420,1140.0,10.8,103,449,573,221,38.0,137,10.0,29.0,248,72.0,4531,4160,2629,11392,6778,234,1343,3037,11392,Healthcare,1.2973484848484849,10.795454545454545,2.976319791440365,567.0,6.470386853817185,1.2025983146067416,0.9037584184227677,2.7683741648106905,2817,0.9269662921348315,No,False
181,APOLLOHOSP,2022,14663,12474,2189.0,14.93,368,379,601,1578,30.0,1108,73.0,16.0,249,72.0,5551,4068,3570,13261,8296,46,816,4104,13261,Healthcare,7.556434563186251,14.928732183045762,19.704783923172684,1588.0,16.386337839232276,8.355327652514893,0.723457229237062,6.746701846965699,3252,1.1057235502601614,No,False
182,APOLLOHOSP,2023,16612,14548,2065.0,12.43,75,381,615,1144,22.0,844,57.0,26.0,250,72.0,6126,4332,3886,14416,8520,610,574,4712,14416,Healthcare,5.080664579821816,12.430772935227546,13.617295901903839,1450.0,13.770180436847104,5.854605993340733,0.6989351403678606,5.616797900262467,3758,1.152330743618202,No,False
183,APOLLOHOSP,2024,19059,16665,2394.0,12.56,105,449,687,1362,33.0,935,63.0,26.0,251,72.0,6864,5333,4474,16742,9664,873,986,5219,16742,Healthcare,4.905818773282963,12.56099480560365,13.480392156862745,1707.0,13.913114353248023,5.5847568988173455,0.7688869665513264,5.565701559020044,4347,1.1383944570541153,No,False
185,ASIANPAINT,2013,10504,8767,1737.0,16.54,114,42,155,1655,30.0,1160,12.0,40.0,253,96.0,3288,251,3149,6784,2441,59,296,3989,6784,Materials,11.043412033511043,16.536557501904035,34.2789598108747,1582.0,43.5213204951857,17.099056603773587,0.0741725768321513,44.07142857142857,-45,1.5483490566037736,No,False
186,ASIANPAINT,2014,12220,10217,2004.0,16.4,124,48,246,1834,31.0,1263,13.0,42.0,254,96.0,3943,249,3787,8075,2562,72,1424,4019,8075,Materials,10.335515548281506,16.399345335515548,31.27011636543699,1758.0,40.99813432835821,15.640866873065015,0.06164892300074276,44.333333333333336,-1175,1.513312693498452,No,False
187,ASIANPAINT,2015,13615,11372,2243.0,16.47,142,42,266,2077,31.0,1427,15.0,42.0,255,96.0,4646,418,3754,8914,2660,196,1588,4471,8914,Materials,10.481087036356959,16.47447668013221,30.09278785322649,1977.0,38.31395348837209,16.008525914292125,0.08814846056516237,56.785714285714285,-1170,1.5273726722010321,No,False
188,ASIANPAINT,2016,14271,11546,2725.0,19.09,213,49,276,2614,32.0,1803,18.0,41.0,256,96.0,6429,323,3711,10559,3416,107,2712,4324,10559,Materials,12.634013033424427,19.09466750753276,27.632183908045977,2449.0,35.762266355140184,17.075480632635667,0.04950191570881226,59.95918367346939,-2389,1.351548442087319,No,False
189,ASIANPAINT,2017,15062,12068,2994.0,19.88,338,37,335,2960,32.0,2016,20.0,51.0,257,96.0,7508,560,4241,12405,3304,258,2652,6192,12405,Materials,13.384676669764971,19.87783826849024,26.512361914781696,2659.0,32.56981871631553,16.251511487303507,0.07364544976328248,90.05405405405405,-2092,1.2141878274889157,No,False
190,ASIANPAINT,2018,16825,13621,3204.0,19.04,336,41,360,3138,33.0,2098,21.0,41.0,258,96.0,8314,533,4820,13763,3732,1405,2141,6485,13763,Materials,12.469539375928678,19.043090638930163,24.94649227110583,2844.0,31.80140892318014,15.243769526992661,0.0633769322235434,86.34146341463415,-1608,1.2224805638305603,No,False
191,ASIANPAINT,2019,19240,15475,3765.0,19.57,274,110,622,3306,33.0,2208,22.0,47.0,259,96.0,9375,1320,5459,16249,6497,210,2569,6974,16249,Materials,11.476091476091476,19.56860706860707,23.3132720937599,3143.0,29.126123621536465,13.588528524832297,0.13937282229965156,36.71818181818182,-1249,1.1840728660225244,No,False
192,ASIANPAINT,2020,20211,16054,4157.0,20.57,355,102,780,3629,24.0,2774,28.0,43.0,260,96.0,10034,1118,4889,16138,6272,140,2019,7707,16138,Materials,13.725199148978279,20.568007520657066,27.38400789733465,3377.0,30.023115220483643,17.189242781013757,0.11036525172754195,44.23529411764706,-901,1.2523856735654977,No,False
193,ASIANPAINT,2021,21713,16857,4856.0,22.36,332,92,791,4304,26.0,3207,33.0,55.0,261,96.0,12710,1093,6456,20355,5859,183,4737,9577,20355,Materials,14.769953484087875,22.36448210749321,25.042948617835393,4065.0,29.246708396287502,15.755342667649227,0.0853506168983289,56.391304347826086,-3644,1.0667157946450503,No,False
194,ASIANPAINT,2022,29101,24298,4804.0,16.51,296,95,816,4188,26.0,3085,32.0,61.0,262,96.0,13716,1587,7560,22958,5519,426,3248,13765,22958,Materials,10.60101027456101,16.50802377925157,22.335650159281784,3988.0,25.89778557049159,13.437581670877256,0.11490008688097307,53.68421052631579,-1661,1.2675755727850857,No,False
195,ASIANPAINT,2023,34489,28229,6260.0,18.15,431,144,858,5689,26.0,4195,43.0,60.0,263,96.0,15896,1933,7854,25779,5770,1020,4262,14728,25779,Materials,12.163298442981821,18.150714720635566,26.231865932966482,5402.0,30.13668061366806,16.272935334962565,0.12087293646823412,46.46527777777778,-2329,1.3378719112455875,No,False
196,ASIANPAINT,2024,35495,27910,7585.0,21.37,821,205,853,7348,24.0,5558,57.0,58.0,264,96.0,18632,2474,8698,29901,7147,2698,4588,15468,29901,Materials,15.658543456824905,21.3692069305536,29.677488252883382,6732.0,31.75172153570418,18.588007090063876,0.1321016659547202,41.00487804878049,-2114,1.187084044011906,No,False
198,ATGL,2018,1374,1008,366.0,26.64,80,125,61,259,36.0,162,6.0,0.0,279,257.0,759,1345,442,2803,897,102,180,1624,2803,Energy,11.790393013100436,26.637554585152838,15.94488188976378,305.0,12.918254976704786,5.779521940777738,1.3238188976377954,3.568,1165,0.49018908312522297,No,False
199,ATGL,2019,1719,1264,455.0,26.47,59,90,67,357,36.0,229,2.0,12.0,280,110.0,992,394,552,2048,980,190,176,701,2048,Energy,13.321698662012798,26.46887725421757,20.780399274047188,388.0,25.935828877005346,11.181640625,0.35753176043557167,5.711111111111111,218,0.83935546875,No,False
200,ATGL,2020,1875,1280,595.0,31.73,44,41,51,547,20.0,436,4.0,6.0,281,110.0,1361,428,577,2476,1198,342,282,655,2476,Energy,23.253333333333334,31.733333333333334,29.63970088375255,544.0,28.64665613480779,17.60904684975767,0.2909585316111489,15.585365853658537,146,0.7572697899838449,No,False
201,ATGL,2021,1696,991,704.0,41.51,30,40,63,631,25.0,463,4.0,6.0,282,110.0,1824,529,741,3204,1379,696,417,711,3204,Energy,27.299528301886795,41.509433962264154,23.94002068252327,641.0,26.02517255379618,14.450686641697876,0.27352637021716647,18.35,112,0.529338327091136,No,False
202,ATGL,2022,3038,2265,773.0,25.44,46,53,83,684,26.0,509,5.0,5.0,283,110.0,2306,1035,964,4415,1733,1171,634,878,4415,Energy,16.754443712969056,25.44437129690586,21.06788079470199,690.0,19.994204578383076,11.528878822197056,0.4283940397350993,15.452830188679245,401,0.6881087202718007,No,False
203,ATGL,2023,4378,3508,870.0,19.87,54,78,113,733,25.0,546,5.0,5.0,284,110.0,2831,1422,1282,5645,2335,1619,682,1010,5645,Energy,12.47144814984011,19.872087711283694,18.56511390683441,757.0,17.350446940178777,9.67227635075288,0.48350901054063244,11.846153846153847,740,0.7755535872453498,No,False
204,ATGL,2024,4475,3371,1104.0,24.67,62,111,158,896,26.0,668,6.0,4.0,285,110.0,3470,1557,1454,6592,3174,1502,706,1209,6592,Energy,14.927374301675977,24.670391061452516,18.65921787709497,946.0,18.41541755888651,10.133495145631068,0.43491620111731844,10.504504504504505,851,0.6788531553398058,No,False
206,BAJAJ-AUTO,2013,20025,16370,3656.0,18.26,790,1,168,4277,29.0,3133,108.0,42.0,299,289.0,7776,116,4461,12642,2355,294,6059,3934,12642,Consumer Discretionary,15.645443196004994,18.257178526841447,38.84686918784873,3488.0,42.63537464857597,24.782471127986078,0.014383137011779294,4446.0,-5943,1.5840056953013764,No,False
207,BAJAJ-AUTO,2014,20137,15974,4163.0,20.67,674,1,181,4655,31.0,3380,117.0,43.0,300,289.0,9878,59,5081,15308,2660,144,8448,4056,15308,Consumer Discretionary,16.785022595222724,20.673387297015445,33.24481164551982,3982.0,38.93995697242323,22.07995819179514,0.0058030884233303826,4837.0,-8389,1.3154559707342566,No,False
208,BAJAJ-AUTO,2015,21595,17467,4128.0,19.12,228,6,267,4083,31.0,3026,105.0,48.0,301,289.0,10806,112,4758,15966,2448,255,8985,4277,15966,Consumer Discretionary,14.012502894188469,19.115536003704563,27.273546642631818,3861.0,34.45168198447399,18.95277464612301,0.010094637223974764,726.0,-8873,1.3525616935988976,No,False
209,BAJAJ-AUTO,2016,22574,17781,4793.0,21.23,1194,1,307,5679,28.0,4061,140.0,39.0,302,289.0,13731,118,3102,17240,2026,52,11067,4095,17240,Consumer Discretionary,17.989722689820148,21.23239124656685,28.96576319543509,4486.0,31.73008912151648,23.55568445475638,0.008416547788873038,5987.0,-10949,1.3093967517401393,No,False
210,BAJAJ-AUTO,2017,21755,17326,4429.0,20.36,1468,1,307,5588,27.0,4079,141.0,39.0,303,289.0,17567,120,3661,21638,2002,42,15477,4117,21638,Consumer Discretionary,18.7497127097219,20.358538267065043,22.843862007168457,4122.0,22.9305740987984,18.8510952953138,0.006720430107526882,5897.0,-15357,1.0054071540807838,No,False
211,BAJAJ-AUTO,2018,25210,20364,4846.0,19.22,1404,1,315,5933,29.0,4219,146.0,41.0,304,289.0,20136,121,4595,25141,1878,56,18895,4312,25141,Consumer Discretionary,16.735422451408173,19.22253074176914,20.656058751529986,4531.0,22.052954346344787,16.781353168131737,0.005924112607099143,6250.0,-18774,1.0027445209021122,No,False
212,BAJAJ-AUTO,2019,30358,25160,5198.0,17.12,2028,4,266,6956,29.0,4928,170.0,35.0,305,289.0,22944,125,5476,28834,1764,48,20603,6420,28834,Consumer Discretionary,16.2329534224916,17.12234007510376,21.211208195239532,4932.0,21.114821474441307,17.09093431365749,0.005380278052769767,1806.5,-20478,1.0528542692654506,No,False
213,BAJAJ-AUTO,2020,29919,24809,5109.0,17.08,1832,3,246,6692,22.0,5212,180.0,67.0,306,289.0,21373,126,4722,26510,1699,60,19914,4837,26510,Consumer Discretionary,17.42036832781844,17.076105484808984,24.06056689133044,4863.0,22.319625481916653,19.660505469634103,0.005816637429600221,2313.6666666666665,-19788,1.1285929837797057,No,False
214,BAJAJ-AUTO,2021,27741,22803,4938.0,17.8,1570,7,259,6241,22.0,4857,168.0,83.0,307,289.0,26984,121,6207,33602,1668,16,24687,7232,33602,Consumer Discretionary,17.508381096571863,17.800367686817346,17.808821911780882,4679.0,17.080382565525298,14.454496756145469,0.0044366223004436624,929.7142857142857,-24566,0.8255758585798464,No,False
215,BAJAJ-AUTO,2022,33145,27886,5259.0,15.87,2671,9,270,7652,19.0,6166,213.0,66.0,308,289.0,29570,123,5129,35111,1836,77,26634,6564,35111,Consumer Discretionary,18.60310755770101,15.866646553024587,20.650390167118793,4989.0,16.639983990394235,17.561447979265758,0.004119360996684417,881.1111111111111,-26511,0.9440061519182023,No,False
216,BAJAJ-AUTO,2023,36455,29991,6465.0,17.73,1703,40,286,7842,23.0,6060,214.0,65.0,309,283.0,29079,124,5651,35136,2842,85,26183,6026,35136,Consumer Discretionary,16.62323412426279,17.734192840488273,20.638921054424088,6179.0,20.955707793529132,17.247267759562842,0.004223145562291397,204.2,-26059,1.037539845173042,No,False
217,BAJAJ-AUTO,2024,44870,36106,8765.0,19.53,1700,60,365,10040,23.0,7708,276.0,29.0,310,279.0,28683,1912,8470,39344,3217,35,28087,8005,39344,Consumer Discretionary,17.178515712057056,19.534209939826162,26.61418410330778,8400.0,27.207358942799765,19.59129727531517,0.06601754022512257,174.41666666666666,-26175,1.1404534363562424,No,False
219,AXISBANK,2013,27183,17516,8313.0,30.58,5,6551,352,7553,31.0,5179,22.0,16.0,287,468.0,32690,296254,11145,340558,2245,142,113378,224792,340558,Financials,19.05234889452967,30.58161350844278,15.6191567645817,7961.0,2.4167304166211308,1.52073949224508,8.93461608058387,1.2697298122424057,182876,0.07981900293048468,No,False
220,AXISBANK,2014,30641,18690,9644.0,31.47,8,7405,364,9349,33.0,6218,26.0,15.0,288,470.0,37926,333280,14674,386350,2346,102,113093,270810,386350,Financials,20.293071374955126,31.474168597630626,16.194395249505156,9280.0,2.4967982866797964,1.6094215089944353,8.680070840712574,1.3034436191762322,220187,0.0793089167852983,No,False
221,AXISBANK,2015,35479,21254,11127.0,31.36,9,8365,406,11057,33.0,7358,31.0,15.0,289,474.0,44475,406638,15656,467243,2447,105,118527,346164,467243,Financials,20.739028721215366,31.36221426759492,16.369663396293575,10721.0,2.374071884265933,1.5747694454491559,9.046652873256358,1.331261207411835,288111,0.07593265174652161,No,False
222,AXISBANK,2016,40988,24155,13367.0,32.61,8,9371,444,12394,34.0,8224,35.0,14.0,290,477.0,53082,472150,20678,546387,3358,216,131399,411414,546387,Financials,20.064409095344978,32.611983995315704,15.355029033402415,12923.0,2.4582040634647684,1.5051602618656739,8.815511865419444,1.4272756376053783,340751,0.07501642608627218,No,False
223,AXISBANK,2017,44542,26449,23808.0,53.45,-13,11691,509,5468,33.0,3679,15.0,33.0,291,479.0,55901,527437,27644,611462,3518,292,129018,478633,611462,Financials,8.259620133806294,53.450675766692115,6.525363604114934,23299.0,3.990805337974057,0.6016727122862908,9.355037247250799,2.0353263193909847,398419,0.07284508276883928,No,False
224,AXISBANK,2018,45780,27163,28895.0,63.12,-22,10967,568,122,-99.0,276,1.0,0.0,292,513.0,63694,611425,28071,703703,3697,352,153037,546618,703703,Financials,0.6028833551769331,63.11708169506335,0.42985967262136526,28327.0,4.192667013995785,0.0392210918526708,9.522715591757908,2.632716330810614,458388,0.06505585452953874,No,False
225,AXISBANK,2019,54986,33278,27155.0,49.39,-10,13130,710,6974,33.0,4677,18.0,6.0,293,514.0,67288,711996,34248,814046,3842,288,174056,635860,814046,Financials,8.505801476739535,49.385298075873855,6.898026606884752,26445.0,3.391262865511325,0.574537556845682,10.501106162060116,2.0674028941355673,537940,0.06754655142338394,No,False
226,AXISBANK,2020,62635,37429,35066.0,55.98,-16,15537,773,4904,67.0,1627,6.0,0.0,294,564.0,85776,797337,44194,927872,3912,483,155282,768196,927872,Financials,2.5975892073122058,55.984673106090845,1.8844104702339586,34293.0,3.8807165966750294,0.17534746171885776,9.234850590687978,2.2559052584153956,642055,0.06750392295489033,No,False
227,AXISBANK,2021,63346,34107,31749.0,50.12,-4,12264,948,8806,25.0,6588,22.0,0.0,295,613.0,102981,850551,46859,1001005,4501,118,225336,771050,1001005,Financials,10.400025258106274,50.119976004799035,6.359441666505782,30801.0,3.2281257041644613,0.6581385707364099,8.210427244821128,2.588470319634703,625215,0.06328240118680725,No,False
228,AXISBANK,2022,67377,34245,29962.0,44.47,5,15221,1008,17383,25.0,13025,42.0,2.0,296,614.0,117647,1020943,56576,1195779,4753,215,274608,916203,1195779,Financials,19.33152262641554,44.4691808777476,11.01377461716035,28954.0,2.5415992219128443,1.0892480968473273,8.632964375406939,1.968793114775639,746335,0.056345695985629454,No,False
229,AXISBANK,2023,85164,42218,29089.0,34.16,16,16143,13094,16906,43.0,9580,31.0,3.0,297,615.0,129166,1152038,62598,1344418,5000,142,288095,1051181,1344418,Financials,11.248884505189986,34.15645108261707,7.381666037401469,15995.0,1.2478360829415074,0.712575999428749,8.876784737365254,1.8029486464721551,863943,0.06334636995339248,No,False
230,AXISBANK,2024,109369,59474,37943.0,34.69,11,22442,1334,33060,25.0,24861,81.0,1.0,298,617.0,156406,1295302,65913,1518239,5860,267,332354,1179758,1518239,Financials,22.73130411725443,34.69264599658038,15.832712405189048,36609.0,2.5207167817120824,1.6374892227113123,8.249122739980766,1.691203992514036,962948,0.0720367478374617,No,False
232,BAJAJFINSV,2013,8055,4124,3931.0,48.8,2,1204,22,2708,18.0,2214,10.0,2.0,312,80.0,7722,12991,44578,65370,1208,2,43251,20910,65370,Financials,27.48603351955307,48.80198634388579,28.377339143809277,3909.0,18.799596017890636,3.386874713171179,1.6650858754165598,3.2666112956810633,-30260,0.12322166131252868,No,False
233,BAJAJFINSV,2014,6023,1531,4491.0,74.56,3,1562,31,2902,24.0,2191,10.0,2.0,313,80.0,9232,19507,45565,74383,1262,1,45314,27805,74383,Financials,36.37722065415906,74.5641706790636,23.528780068728523,4460.0,15.475901315104618,2.9455655190029977,2.0948238831615122,2.87708066581306,-25807,0.08097280292539961,No,False
234,BAJAJFINSV,2015,11335,5823,5511.0,48.62,8,2230,38,3251,26.0,2409,11.0,2.0,314,80.0,11009,26312,50827,88228,1261,3,51367,35598,88228,Financials,21.25275694750772,48.619320688134096,21.724231220128054,5473.0,14.633298574904414,2.730425715192456,2.372801875732708,2.4748878923766817,-25055,0.12847395384685134,No,False
235,BAJAJFINSV,2016,20533,13795,6739.0,32.82,0,2877,58,3804,27.0,2775,12.0,1.0,315,80.0,13519,36062,54290,103951,1274,11,53698,48969,103951,Financials,13.514829786197827,32.82033799249987,20.405912199426428,6681.0,13.45321278266648,2.6695269886773576,2.651812633281859,2.3423705248522766,-17636,0.19752575732797184,No,False
236,BAJAJFINSV,2017,24507,15794,8713.0,35.55,0,3716,73,4925,30.0,3450,14.0,1.0,316,80.0,16071,48282,64181,128614,1645,4,62658,64306,128614,Financials,14.077610478638755,35.553107275472314,21.360906445421335,8640.0,13.409277854515544,2.6824451459405663,2.989412420283574,2.344725511302476,-14376,0.19054690780163902,No,False
237,BAJAJFINSV,2018,32862,22074,10788.0,32.83,1,4531,160,6099,32.0,4176,17.0,1.0,317,80.0,20403,65695,75337,161514,1792,28,69428,90266,161514,Financials,12.707686689793682,32.82819061530034,20.387638529512277,10628.0,12.332613892176658,2.585534380920539,3.2072938534394377,2.3811520635621277,-3733,0.20346223856755452,No,False
238,BAJAJFINSV,2019,42605,27569,15037.0,35.29,2,6657,226,8155,34.0,5374,20.0,1.0,318,80.0,23660,99754,84934,208428,2097,66,81679,124587,208428,Financials,12.61354301138364,35.29397957986152,22.636899747262003,14811.0,11.993295220820444,2.5783483984877273,4.201937657961246,2.259125732311852,18075,0.20441111558907632,No,False
239,BAJAJFINSV,2020,54351,36094,18258.0,33.59,0,9500,457,8302,28.0,5994,21.0,2.0,319,80.0,31222,127212,92791,251304,3216,45,91821,156223,251304,Financials,11.028315946348734,33.59275818292212,19.148936170212767,17801.0,11.229922909017501,2.385159010600707,4.0640214682767875,1.9218947368421053,35391,0.21627590488014517,No,False
240,BAJAJFINSV,2021,60592,40950,19641.0,32.42,-7,9274,498,9862,25.0,7367,28.0,1.0,320,80.0,35750,128461,115554,279845,3182,129,113654,162879,279845,Financials,12.158370742012146,32.415170319514125,20.56098241696902,19143.0,11.651885982798813,2.63252872125641,3.585291655037678,2.1171015742937245,14807,0.21651985920777572,No,False
241,BAJAJFINSV,2022,68406,46951,21455.0,31.36,8,9629,563,11271,26.0,8314,29.0,1.0,321,80.0,40167,161179,131987,333413,3586,113,119222,210493,333413,Financials,12.153904628248984,31.364207818027655,20.657440306109773,20892.0,10.372047302731524,2.4936040286371557,4.004745695331329,2.2289957420292867,41957,0.20516896461745643,No,False
242,BAJAJFINSV,2023,82072,52204,29868.0,36.39,1,12380,678,16811,27.0,12210,40.0,2.0,322,159.0,46248,212265,146729,405401,4336,191,136176,264698,405401,Financials,14.877181011794521,36.39243590993274,26.310685887904846,29190.0,11.284561143069215,3.011832728582317,4.573986683043507,2.4126817447495963,76089,0.2024464665849369,No,False
243,BAJAJFINSV,2024,110382,69497,40886.0,37.04,-4,18607,900,21375,27.0,15595,51.0,2.0,323,159.0,60169,288933,188154,537415,5455,220,168385,363355,537415,Financials,14.128209309488865,37.04045949520755,25.850351412279537,39986.0,11.44874463510097,2.9018542467180857,4.789368120938867,2.197130112323319,120548,0.2053943414307379,No,False
245,BAJAJHLDNG,2013,337,15,322.0,95.55,3,0,2,322,21.0,1856,167.0,15.0,325,111.0,10234,0,430,10775,532,0,9577,666,10775,Financials,550.7418397626113,95.54896142433235,17.941034316094733,320.0,3.0932817786370226,17.22505800464037,0.0,,-9577,0.03127610208816705,Yes,False
246,BAJAJHLDNG,2014,423,23,400.0,94.56,5,0,5,400,20.0,1988,179.0,17.0,326,111.0,11888,0,449,12448,532,0,11325,592,12448,Financials,469.97635933806146,94.56264775413712,16.56804733727811,395.0,3.291940995082924,15.97043701799486,0.0,,-11325,0.03398136246786632,Yes,False
247,BAJAJHLDNG,2015,524,40,484.0,92.37,35,0,6,513,19.0,2029,182.0,19.0,327,111.0,13282,0,500,13893,544,0,13078,271,13893,Financials,387.2137404580153,92.36641221374046,15.149705069812589,478.0,3.569028597028298,14.604477074785862,0.0,,-13078,0.037716835816598286,Yes,False
248,BAJAJHLDNG,2016,470,42,429.0,91.28,7,0,5,430,21.0,2265,204.0,16.0,328,111.0,15182,0,178,15472,544,0,13276,1651,15472,Financials,481.9148936170213,91.27659574468086,14.810697704832275,424.0,2.7725102988295296,14.639348500517062,0.0,,-13276,0.030377456049638055,Yes,False
249,BAJAJHLDNG,2017,842,215,628.0,74.58,8,0,5,630,21.0,2473,222.0,15.0,329,111.0,17707,0,71,17889,222,0,17364,302,17889,Financials,293.70546318289786,74.58432304038006,13.879223257380177,623.0,3.4964642496352005,13.824137738274917,0.0,,-17364,0.047068030633350105,Yes,False
250,BAJAJHLDNG,2018,420,65,355.0,84.52,2390,0,5,2739,3.0,2655,239.0,17.0,330,111.0,25090,0,68,25269,215,0,24575,478,25269,Financials,632.1428571428571,84.52380952380952,10.535296218404032,350.0,1.388833776437443,10.506945268906566,0.0,,-24575,0.016621156357592308,Yes,False
251,BAJAJHLDNG,2019,431,85,347.0,80.51,2827,0,4,3170,4.0,3048,274.0,12.0,331,111.0,26841,0,56,27008,193,0,26257,558,27008,Financials,707.1925754060325,80.51044083526682,11.308993766696348,343.0,1.2726328287325617,11.285545023696683,0.0,,-26257,0.0159582345971564,Yes,False
252,BAJAJHLDNG,2020,435,134,301.0,69.2,3058,13,33,3314,7.0,3080,269.0,15.0,332,111.0,27652,168,4797,32729,374,0,32068,287,32729,Financials,708.0459770114943,69.19540229885057,11.093901955840508,268.0,0.9595073574164905,9.410614439793456,0.006051219248640277,258.38461538461536,-31900,0.013290965199058938,No,False
253,BAJAJHLDNG,2021,457,106,352.0,77.02,3451,4,34,3766,3.0,3654,328.0,12.0,333,111.0,37056,136,8186,45490,342,0,44914,234,45490,Financials,799.562363238512,77.02407002188184,9.831301961417386,318.0,0.8524783529474842,8.032534622994064,0.0036591600075335648,950.75,-44778,0.010046163992086172,No,False
254,BAJAJHLDNG,2022,484,117,367.0,75.83,3896,3,34,4226,2.0,4126,364.0,32.0,334,111.0,42731,114,10632,53588,310,0,52964,314,53588,Financials,852.4793388429752,75.82644628099173,9.630736193455022,333.0,0.7752118446782754,7.69948495931925,0.0026609401988702676,1421.0,-52850,0.009031872807344929,No,False
255,BAJAJHLDNG,2023,522,142,380.0,72.8,4673,7,34,5012,1.0,4946,436.0,28.0,335,111.0,44071,93,8913,53188,278,0,52555,355,53188,Financials,947.5095785440614,72.79693486590038,11.194604137431535,346.0,0.7814793901750423,9.299090020305332,0.0021049296093431716,721.8571428571429,-52462,0.009814243814394224,No,False
256,BAJAJHLDNG,2024,1702,140,1562.0,91.77,5967,2,34,7493,2.0,7365,653.0,20.0,336,111.0,54136,63,10851,65161,244,0,64715,203,65161,Financials,432.7262044653349,91.7743830787309,13.576787656460265,1528.0,2.8134781808138465,11.302773131167417,0.0011613545449517945,3764.5,-64652,0.026119918356071883,No,False
258,BAJFINANCE,2015,5392,2274,1752.0,32.49,25,26,36,1357,34.0,898,18.0,10.0,338,50.0,4750,26655,1325,32780,252,0,326,32201,32780,Financials,16.654302670623146,32.49258160237389,18.708333333333332,1716.0,5.455412494039103,2.7394752898108603,5.553125,68.34615384615384,26329,0.16449054301403296,No,False
259,BAJFINANCE,2016,7299,2959,2354.0,32.25,27,35,56,1965,35.0,1279,24.0,10.0,339,54.0,7373,37025,2522,46973,290,0,1029,45654,46973,Financials,17.522948349088914,32.25099328675161,17.220950585700823,2298.0,5.169621164402051,2.7228407808741193,4.985189174633096,68.02857142857142,35996,0.1553871372916356,No,False
260,BAJFINANCE,2017,9970,3853,3250.0,32.6,29,22,71,2817,35.0,1836,33.0,11.0,340,109.0,9491,49250,4881,63731,366,0,4070,59295,63731,Financials,18.415245737211634,32.59779338014042,19.125,3179.0,5.401869158878505,2.8808586088402817,5.130208333333333,149.04545454545453,45180,0.15643878175456213,No,False
261,BAJFINANCE,2018,12746,4696,4115.0,32.28,31,10,102,3843,35.0,2496,43.0,9.0,341,115.0,15733,66557,2393,84798,470,0,3139,81189,84798,Financials,19.58261415345991,32.28463831790366,15.749621403331652,4013.0,4.8698501304532495,2.9434656477747114,4.1997097425542655,414.6,63418,0.15031014882426472,No,False
262,BAJFINANCE,2019,18487,6723,5454.0,29.5,34,13,144,6179,35.0,3995,69.0,9.0,342,115.0,19582,101588,2948,124233,695,0,8599,114939,124233,Financials,21.609779845296696,29.501812084167252,20.2822764888054,5310.0,4.3781176567588735,3.215731729894634,5.1575366807127985,422.15384615384613,92989,0.1488090925921454,No,False
263,BAJFINANCE,2020,26374,9608,9159.0,34.73,29,9,295,7322,28.0,5264,87.0,11.0,343,120.0,32208,129806,2257,164391,1321,0,17544,145526,164391,Financials,19.959050580116784,34.72738302874043,16.283098243009157,8864.0,5.467082783376713,3.2021217706565444,4.015280871071517,1020.8888888888889,112262,0.1604345736688748,No,False
264,BAJFINANCE,2021,26673,9519,10839.0,40.64,24,3,325,5992,26.0,4420,73.0,14.0,344,120.0,36798,131634,2918,171470,1316,51,18397,151707,171470,Financials,16.5710643722116,40.63659880778315,11.972479549271359,10514.0,6.237837581280554,2.577710386656558,3.5655777669429547,3621.0,113237,0.15555490756400536,No,False
265,BAJFINANCE,2022,31641,9855,11880.0,37.55,31,-17,385,9504,26.0,7028,116.0,17.0,345,121.0,43592,165232,3562,212506,1716,34,12246,198510,212506,Financials,22.211687367655887,37.546221674409786,16.07759705350811,11495.0,5.501447749407739,3.3072007378615194,3.779928167821929,,152986,0.14889461944603918,No,False
266,BAJFINANCE,2023,41411,12701,12693.0,30.65,39,-5,485,15528,26.0,11508,190.0,16.0,346,121.0,54251,216690,4164,275226,2308,80,22752,250087,275226,Financials,27.7897177078554,30.65127623095313,21.16530567203708,12208.0,4.503766665928828,4.181291011750343,3.985323328183624,,193938,0.15046180230065473,No,False
267,BAJFINANCE,2024,54972,18886,16099.0,29.29,36,6,683,19310,25.0,14451,233.0,15.0,347,124.0,76572,293346,5700,375742,3250,43,30881,341568,375742,Financials,26.287928399912687,29.285818234737686,18.841921351830603,15416.0,4.166013587646808,3.845990067652804,3.824788776468134,2689.1666666666665,262465,0.14630251608816688,No,False
269,BANKBARODA,2013,36442,24486,10950.0,30.05,3,4511,322,5195,9.0,4829,23.0,19.0,349,423.0,32859,509192,16914,559387,2550,0,125617,431220,559387,Financials,13.251193677624718,30.047747104988748,14.509344390361157,10628.0,1.9591722368260966,0.8632663969666795,15.299320954269575,2.4280647306583907,383575,0.06514631194503984,No,False
270,BANKBARODA,2014,40463,27604,12049.0,29.78,2,5555,368,5996,18.0,5036,23.0,19.0,350,431.0,37416,616973,21284,676104,2849,0,122113,551142,676104,Financials,12.4459382645874,29.777821713664338,13.306206568552328,11681.0,1.7838489966708406,0.744855820997953,16.301767643406347,2.169396939693969,494860,0.059847301598570636,No,False
271,BANKBARODA,2015,44915,30547,13466.0,29.98,2,5449,368,5983,36.0,3950,18.0,18.0,351,444.0,41574,665483,26465,733966,2978,0,124739,606248,733966,Financials,8.794389402204164,29.981075364577535,9.400733019182256,13098.0,1.8513048038094646,0.5381720679159525,15.838045599504975,2.4716461736098365,540744,0.06119493273530382,No,False
272,BANKBARODA,2016,45799,32107,25391.0,55.44,-26,5992,525,-6233,-19.0,-5033,-22.0,0.0,352,462.0,42041,620536,28134,691173,6359,0,128894,555920,691173,Financials,-10.98932291098059,55.440075110810284,-11.841517069383338,24866.0,3.7503072971574825,-0.7281823798093965,14.599816483542337,4.233144192256342,491642,0.06626271570214692,No,False
273,BANKBARODA,2017,44473,29596,19250.0,43.28,-10,7937,540,3024,41.0,1855,8.0,15.0,353,462.0,42605,648499,27649,719216,5930,0,140716,572570,719216,Financials,4.171070087468801,43.28468958694039,4.307242204007709,18710.0,2.705453998606062,0.25791973482236213,15.057909768500243,2.4240897064382008,507783,0.06183538742185936,No,False
274,BANKBARODA,2018,46056,29160,26093.0,56.65,-20,7992,901,-2106,-9.0,-1836,-7.0,0.0,354,530.0,46036,672311,28919,747796,5532,0,175137,567126,747796,Financials,-3.986451276706618,56.654941809970474,-3.9427908774642444,25192.0,3.504354708802758,-0.24552150586523597,14.437808701627796,3.2623873873873874,497174,0.061588989510508216,No,False
275,BANKBARODA,2019,52906,32506,25815.0,48.79,-10,7887,948,1525,29.0,1166,4.0,0.0,355,530.0,54466,734456,30217,819670,7368,0,195716,616586,819670,Financials,2.203908819415567,48.79408762711223,2.1201541930322207,24867.0,3.149906517432346,0.14225236985616163,13.354716706669576,3.271839736274883,538740,0.06454548781826833,No,False
276,BANKBARODA,2020,78895,50040,40583.0,51.44,-15,12191,1697,-1234,-99.0,981,2.0,0.0,356,925.0,75179,1068981,54850,1199935,9268,0,289727,900941,1199935,Financials,1.2434248051207302,51.439254705621394,1.2890255439924314,38886.0,3.3959051074811044,0.08175442836486976,14.046318196152633,3.327700762857846,779254,0.06574939475888278,No,False
277,BANKBARODA,2021,74314,43201,38070.0,51.23,-9,14687,1357,6373,77.0,1620,3.0,0.0,357,1036.0,81354,1067173,53104,1202667,8441,0,281859,912367,1202667,Financials,2.1799391770056786,51.22857065963344,1.9662580410243962,36713.0,3.1936483689889115,0.13470062785459316,12.95270057045758,2.591475454483557,785314,0.061791002829544674,No,False
278,BANKBARODA,2022,73385,38815,37518.0,51.12,-4,14395,1438,10008,23.0,7933,15.0,19.0,358,1036.0,90833,1185331,62922,1340121,11098,1,347587,981435,1340121,Financials,10.810111058118144,51.12488928255093,8.635121749447583,36080.0,2.8249295333542124,0.5919614721357251,12.902404510770772,2.6060437651962487,837744,0.05475998062861488,No,False
279,BANKBARODA,2023,94503,49942,38231.0,40.45,7,16275,2040,20565,29.0,15005,29.0,19.0,359,1036.0,104019,1342592,78224,1525871,9865,3,397487,1118516,1525871,Financials,15.877802821074463,40.45480037670762,14.282994621864736,36191.0,2.4999879114176315,0.9833727752870327,12.77989624482414,2.3494930875576037,945105,0.06193380698630487,No,False
280,BANKBARODA,2024,118379,69899,44379.0,37.49,3,23399,1702,25799,29.0,18869,36.0,21.0,360,1036.0,118677,1453761,81302,1654775,9054,6,407136,1238579,1654775,Financials,15.93948250956673,37.4889127294537,15.761863790899902,42677.0,2.7122786903374316,1.1402758683204666,12.143718727289434,1.8967477242617206,1046625,0.07153782236255685,No,False
282,BHARTIARTL,2013,76947,53987,22960.0,29.84,1159,4519,14815,4785,53.0,2267,4.0,17.0,374,1899.0,48423,66736,40912,157970,125674,2992,7710,21594,157970,Communication Services,2.9461837368578374,29.838720158030853,4.50498787806526,8145.0,6.9580891523859965,1.43508261062227,1.326179404634156,5.337242752821421,59026,0.48709881623092993,No,False
283,BHARTIARTL,2014,85864,59352,26512.0,30.88,2881,5879,15650,7864,62.0,3019,5.0,26.0,375,1999.0,57757,75896,45840,181492,140614,0,15531,25347,181492,Communication Services,3.516025342401938,30.87673530233858,5.05221233014258,10862.0,8.00725385545366,1.6634342009565162,1.2700984001606532,4.999659806089471,60365,0.47310074273246205,No,False
284,BHARTIARTL,2015,96101,62499,33602.0,34.97,1243,4446,19858,10540,52.0,5048,8.0,33.0,376,1999.0,37778,83415,58747,181939,124279,17415,10752,29494,181939,Communication Services,5.252806942695706,34.96529692719118,12.690750936470824,13744.0,11.156568608351192,2.7745563073337767,2.097066143751414,7.837381916329285,72663,0.5282045081043647,No,False
285,BHARTIARTL,2016,96532,62548,33984.0,35.2,4858,8546,17450,12846,46.0,6893,11.0,9.0,377,1999.0,64771,100646,57056,224472,172293,5702,11977,34500,224472,Communication Services,7.140637301620188,35.2049061451125,10.323498577205331,16534.0,9.875997515171788,3.0707616094657686,1.5073536019170286,4.545050315937281,88669,0.4300402722834028,No,False
286,BHARTIARTL,2017,95468,60138,35330.0,37.01,1713,9547,19773,7723,45.0,4241,7.0,11.0,378,1999.0,65458,107288,57578,232322,178235,10838,14339,28910,232322,Communication Services,4.442326224494071,37.00716470440357,6.286967994426079,15557.0,8.90268677215371,1.8254835960434226,1.5904650369865247,3.880067036765476,92949,0.41092965797470754,No,False
287,BHARTIARTL,2018,82639,52560,30079.0,36.4,1756,9326,19243,3267,33.0,2184,2.0,194.0,379,1999.0,67536,111334,68653,249521,187200,9751,16159,36411,249521,Communication Services,2.6428199760403683,36.398068708479045,3.1408643129359315,10836.0,5.991076414421488,0.8752770307909956,1.60112173725462,3.413574951747802,95175,0.33119056111509654,No,False
288,BHARTIARTL,2019,80780,55016,25764.0,31.89,4474,10622,21348,-1732,-99.0,1688,1.0,244.0,380,1999.0,69424,125428,77176,274026,200832,9634,15711,47850,274026,Communication Services,2.0896261450854174,31.894033176528847,2.3633843439788302,4416.0,2.2433210905710412,0.6159999416113799,1.7561289780602887,2.8467331952551307,109717,0.29478954551757863,No,False
289,BHARTIARTL,2020,87539,50930,36610.0,41.82,-37775,13992,27690,-42846,-28.0,-30664,-55.0,-3.0,381,2728.0,74417,148228,133718,359091,229256,4282,25476,100077,359091,Communication Services,-35.02895852134477,41.821359622568224,-39.748525503921186,8920.0,3.957883153705191,-8.53933961029377,1.9214207012768163,-0.08326186392224127,122752,0.2437794319545742,No,False
290,BHARTIARTL,2021,100616,55337,45279.0,45.0,-4215,15091,29404,-3432,99.0,-12364,-26.0,0.0,382,2746.0,56207,162785,122679,344417,223480,5726,27550,87661,344417,Communication Services,-12.28830404707005,45.00178897988392,-20.972639221074417,15875.0,7.1593502241383975,-3.58983441583894,2.7612674503417978,2.7210920416142073,135235,0.2921342442446221,No,False
291,BHARTIARTL,2022,116547,59013,57534.0,49.37,4656,16616,33091,12483,33.0,8305,7.0,39.0,383,2795.0,63759,169678,124975,361207,244083,5955,29349,81820,361207,Communication Services,7.125880546045801,49.36549203325697,12.478588815097515,24443.0,10.34703173151817,2.299235618357341,2.5494786188658836,3.742778045257583,140329,0.32265985985875134,No,False
292,BHARTIARTL,2023,139145,67871,71274.0,51.22,1019,19300,36432,16561,26.0,12287,15.0,27.0,384,2837.0,74726,226020,140974,444557,277394,49425,32954,84784,444557,Communication Services,8.830356822020196,51.22282511049624,15.84131609143535,34842.0,11.476927232420788,2.7638750486439307,2.914018281912768,3.7457512953367877,193066,0.3129969835139251,No,False
293,BHARTIARTL,2024,149982,71691,78292.0,52.2,-3428,22648,39538,12679,32.0,8558,13.0,62.0,385,2877.0,79742,215592,144408,442019,303303,16904,31602,90210,442019,Communication Services,5.706018055499993,52.20093077836007,10.35839213740181,38754.0,12.995496477326457,1.9361158683224027,2.6094723973904306,3.3055457435535147,183990,0.3393112060793767,No,False
295,BEL,2013,6273,5604,669.0,10.66,622,7,136,1147,21.0,911,1.0,20.0,361,2.0,4,24,15,45,12,0,0,33,45,Industrials,14.522556990275785,10.664753706360592,15183.333333333334,533.0,1776.6666666666665,2024.4444444444443,4.0,184.42857142857142,24,139.4,No,False
296,BEL,2014,6518,5593,925.0,14.19,438,7,150,1206,21.0,952,1.0,20.0,362,2.0,5,21,18,46,7,0,0,39,46,Industrials,14.605707272169377,14.191469776004908,13600.0,775.0,2767.8571428571427,2069.5652173913045,3.0,194.71428571428572,21,141.69565217391303,No,False
297,BEL,2015,7093,5913,1179.0,16.62,507,7,166,1513,21.0,1197,2.0,20.0,363,2.0,5,26,16,49,6,0,0,43,49,Industrials,16.875793035387,16.622021711546594,17100.0,1013.0,3069.6969696969695,2442.8571428571427,3.7142857142857144,240.85714285714286,26,144.75510204081633,No,False
298,BEL,2016,7354,5961,1393.0,18.94,573,10,192,1764,24.0,1337,2.0,31.0,364,9.0,3,25,15,52,6,0,0,46,52,Industrials,18.18058199619255,18.94207234158281,11141.666666666668,1201.0,3245.945945945946,2571.153846153846,2.0833333333333335,196.6,25,141.42307692307693,No,False
299,BEL,2017,8656,6864,1792.0,20.7,420,18,212,1983,24.0,1523,2.0,33.0,365,9.0,6,29,32,77,6,0,0,71,77,Industrials,17.594731977818853,20.70240295748614,10153.333333333334,1580.0,3590.9090909090905,1977.922077922078,1.9333333333333333,122.88888888888889,29,112.41558441558442,No,False
300,BEL,2018,10401,8361,2039.0,19.6,196,6,272,1957,28.0,1431,2.0,34.0,366,10.0,21,48,42,121,11,0,0,110,121,Industrials,13.758292471877704,19.603884241899816,4616.129032258064,1767.0,2236.7088607594937,1182.6446280991736,1.5483870967741935,372.5,48,85.95867768595042,No,False
301,BEL,2019,12164,9255,2909.0,23.91,73,16,338,2628,30.0,1887,3.0,44.0,367,11.0,38,47,30,126,11,0,0,114,126,Industrials,15.512989148306477,23.914830647813222,3851.020408163265,2571.0,2678.125,1497.6190476190477,0.9591836734693877,186.375,47,96.53968253968254,No,False
302,BEL,2020,12968,10209,2759.0,21.28,99,8,372,2478,28.0,1825,3.0,37.0,368,11.0,44,44,23,122,14,0,0,108,122,Industrials,14.073103022825418,21.275447254781,3318.181818181818,2387.0,2411.111111111111,1495.9016393442623,0.8,357.25,44,106.29508196721312,No,False
303,BEL,2021,14109,10895,3214.0,22.78,125,10,387,2942,30.0,2100,3.0,46.0,369,11.0,48,49,43,152,15,1,0,136,152,Industrials,14.88411652136934,22.779785952229073,3559.322033898305,2827.0,2617.5925925925926,1381.578947368421,0.8305084745762712,333.9,49,92.82236842105263,No,False
304,BEL,2022,15368,12024,3344.0,21.76,232,9,401,3166,26.0,2400,3.0,46.0,370,11.0,58,58,35,163,17,0,0,145,163,Industrials,15.616866215512754,21.759500260281104,3478.260869565217,2943.0,2317.3228346456694,1472.3926380368098,0.8405797101449275,397.3333333333333,58,94.28220858895706,No,False
305,BEL,2023,17734,13645,4090.0,23.06,281,19,429,3923,25.0,2986,4.0,44.0,371,11.0,64,39,29,144,17,0,0,126,144,Industrials,16.837712867937295,23.063042742754032,3981.333333333333,3661.0,3211.4035087719303,2073.611111111111,0.52,230.05263157894737,39,123.15277777777777,No,False
306,BEL,2024,20268,15217,5051.0,24.92,670,12,443,5266,25.0,3985,5.0,40.0,372,11.0,73,43,33,161,18,0,1,142,161,Industrials,19.661535425300965,24.921057825143084,4744.047619047619,4608.0,3628.3464566929133,2475.1552795031057,0.5119047619047619,476.75,42,125.88819875776397,No,False
308,BHEL,2013,48903,39420,9483.0,19.39,1132,128,957,9531,30.0,6693,18.0,20.0,387,490.0,30059,2698,38572,71818,4667,2467,6,64679,71818,Industrials,13.686276915526655,19.39144837740016,21.90906412648532,8526.0,25.6444190453274,9.319390682001726,0.08831712985695113,82.9296875,2692,0.6809295719735999,No,False
309,BHEL,2014,39561,34982,4579.0,11.57,1617,133,985,5078,31.0,3502,10.0,20.0,388,490.0,32681,4693,37468,75331,4729,2931,6,67665,75331,Industrials,8.852152372285838,11.574530471929426,10.557414609146544,3594.0,9.491865624339741,4.648816556265016,0.14147900274336017,46.58646616541353,4687,0.5251622837875509,No,False
310,BHEL,2015,31323,29183,2141.0,6.84,1221,92,1082,2187,34.0,1450,4.0,20.0,389,490.0,33717,1889,34887,70983,4230,2614,6,64134,70983,Industrials,4.629186220987772,6.835232895955048,4.238898471073172,1059.0,2.933843085106383,2.042742628516687,0.055222615254187736,36.54347826086956,1883,0.44127467140019444,No,False
311,BHEL,2016,25505,26862,-1357.0,-5.32,1492,360,937,-1161,-39.0,-706,-2.0,-14.0,390,490.0,31825,211,33051,65577,3969,318,796,60494,65577,Industrials,-2.768084689276612,-5.320525387178984,-2.1847439269689,-2294.0,-7.0528192830351095,-1.0765969775988533,0.006529475475785239,0.375,-585,0.3889320950943166,No,False
312,BHEL,2017,28465,27370,1095.0,3.85,753,413,850,586,22.0,455,1.0,85.0,391,490.0,31899,156,29153,61698,3601,168,757,57171,61698,Industrials,1.5984542420516425,3.846829439662744,1.4047979252215257,245.0,0.7528038101090797,0.7374631268436578,0.0048164500293309456,4.47457627118644,-601,0.4613601737495543,No,False
313,BHEL,2018,28827,27174,1653.0,5.73,679,330,787,1215,64.0,438,1.0,151.0,392,734.0,31601,110,31495,63940,3073,203,429,60235,63940,Industrials,1.5194088875013008,5.734207513789156,1.3545693520952529,866.0,2.6691323778702416,0.6850172036284017,0.0034018865006958405,7.066666666666666,-319,0.450844541757898,No,False
314,BHEL,2019,30441,28409,2032.0,6.68,662,378,476,1840,46.0,1002,3.0,69.0,393,696.0,30208,2598,30987,64490,2970,235,152,61132,64490,Industrials,3.2916132847146935,6.675207778982293,3.2422987315557856,1556.0,4.644498835890395,1.553729260350442,0.08406678747087756,7.126984126984127,2446,0.47202667080167465,No,False
315,BHEL,2020,21463,21596,-133.0,-0.62,590,613,503,-659,99.0,-1468,-4.0,0.0,394,696.0,27964,5080,26550,60291,2817,314,162,56998,60291,Industrials,-6.839677584680613,-0.6196710618273308,-5.12212142358688,-636.0,-1.885002963841138,-2.4348576072714003,0.17725052337752967,0.7455138662316476,4918,0.35599011461080426,No,False
316,BHEL,2021,17309,20357,-3049.0,-17.62,393,467,473,-3596,-25.0,-2700,-8.0,0.0,395,696.0,25287,4951,25025,55960,2491,420,185,52864,55960,Industrials,-15.59882142238142,-17.615113524755905,-10.391409767925182,-3522.0,-11.385530484256805,-4.824874910650465,0.1905476657814725,-5.687366167023555,4766,0.30931022158684773,No,False
317,BHEL,2022,21211,20383,828.0,3.9,405,448,314,470,5.0,445,1.0,31.0,396,696.0,25810,4830,25654,56991,2398,431,205,53956,56991,Industrials,2.0979680354533023,3.9036349064164817,1.678865162604693,514.0,1.6402859331120754,0.7808250425505782,0.18222289292990265,2.752232142857143,4625,0.3721815725289958,No,False
318,BHEL,2023,23365,22321,1044.0,4.47,544,612,260,716,9.0,654,2.0,21.0,397,696.0,23682,5454,27832,57664,2476,354,235,54599,57664,Industrials,2.7990584207147444,4.468221699122619,2.682746738862909,784.0,2.6280504156610354,1.1341564927857937,0.22372631060792517,2.5947712418300655,5219,0.4051921476137625,No,False
319,BHEL,2024,23893,23182,711.0,2.98,608,828,249,243,-16.0,282,1.0,31.0,398,696.0,23742,8856,26493,59788,2574,308,256,56650,59788,Industrials,1.180262001423011,2.9757669610346125,1.1539405843358703,462.0,1.3876374121463328,0.4716665551615709,0.36238644733611586,1.5929951690821256,8600,0.399628688031043,No,False
321,BOSCHLTD,2012,8659,7310,1350.0,15.59,369,6,367,1346,29.0,958,305.0,20.0,400,31.0,5542,230,2098,7902,863,408,1529,5102,7902,Consumer Discretionary,11.063633213996997,15.59071486314817,17.19002332675399,983.0,16.93951404445976,12.123513034674765,0.041270410909743406,286.5,-1299,1.0957985320172108,No,False
322,BOSCHLTD,2013,8757,7468,1289.0,14.72,353,0,384,1257,30.0,885,282.0,20.0,401,31.0,6263,183,2414,8891,938,440,2202,5311,8891,Consumer Discretionary,10.106200753682767,14.71965284914925,14.061010486177311,905.0,13.972518141114715,9.95388595208638,0.029075309818875118,,-2019,0.9849285794623777,No,False
323,BOSCHLTD,2015,12086,10104,1981.0,16.39,537,14,548,1956,32.0,1338,426.0,20.0,402,31.0,7316,111,2973,10431,968,276,2890,6298,10431,Consumer Discretionary,11.070660268078768,16.390865464173423,18.211514904042467,1433.0,19.214266559399302,12.82714984181766,0.015108207431604737,179.85714285714286,-2779,1.1586616815262198,No,False
324,BOSCHLTD,2016,9701,7823,1878.0,19.36,623,13,386,2102,27.0,1531,488.0,17.0,403,31.0,9504,50,2848,12433,1149,151,4628,6505,12433,Consumer Discretionary,15.781878156891041,19.3588289867024,16.056633455689564,1492.0,15.565988523735003,12.314003056382209,0.005243838489774515,192.3846153846154,-4578,0.7802622054210568,No,False
325,BOSCHLTD,2017,10435,8473,1963.0,18.81,912,27,456,2391,27.0,1741,570.0,29.0,404,30.0,8769,0,3000,11800,1514,129,3927,6231,11800,Consumer Discretionary,16.684235745088642,18.811691423095354,19.786339356745085,1507.0,17.12694624389135,14.754237288135593,0.0,106.48148148148148,-3927,0.8843220338983051,Yes,False
326,BOSCHLTD,2018,11690,9597,2093.0,17.9,418,3,467,2041,33.0,1371,449.0,22.0,405,30.0,9951,0,3946,13927,1318,313,5240,7056,13927,Consumer Discretionary,11.72797262617622,17.904191616766468,13.736098587315901,1626.0,16.290952810339647,9.844187549364545,0.0,837.0,-5240,0.8393767501974582,Yes,False
327,BOSCHLTD,2019,12085,9931,2154.0,17.82,600,13,402,2339,32.0,1598,542.0,19.0,406,30.0,9097,0,3583,12710,1176,644,4054,6836,12710,Consumer Discretionary,13.223003723624327,17.823748448489862,17.508491289580366,1752.0,19.19579270296921,12.572777340676634,0.0,211.84615384615384,-4054,0.9508261211644374,Yes,False
328,BOSCHLTD,2020,9842,8358,1483.0,15.07,-105,10,383,985,34.0,650,220.0,48.0,407,30.0,9240,74,3977,13320,1342,487,4042,7450,13320,Consumer Discretionary,6.604348709611868,15.068075594391384,7.011866235167206,1100.0,11.772260273972602,4.87987987987988,0.007982740021574973,137.8,-3968,0.7388888888888889,No,False
329,BOSCHLTD,2021,9718,8555,1163.0,11.97,-241,14,341,567,15.0,482,164.0,70.0,408,30.0,9793,54,4898,14774,1241,488,5157,7888,14774,Consumer Discretionary,4.959868285655484,11.967483021197777,4.9068512674335745,822.0,8.322365090614559,3.262488154866658,0.005497302249821846,65.85714285714286,-5103,0.6577771761202111,No,False
330,BOSCHLTD,2022,11782,10319,1462.0,12.41,391,29,324,1500,19.0,1217,413.0,51.0,409,30.0,10658,73,4650,15410,1211,606,5528,8066,15410,Consumer Discretionary,10.329315905618742,12.408759124087592,11.386601796407184,1138.0,10.575225350803828,7.897469175859831,0.0068300898203592815,63.89655172413793,-5455,0.764568462037638,No,False
331,BOSCHLTD,2023,14929,13120,1810.0,12.12,471,12,386,1882,24.0,1424,483.0,99.0,410,30.0,10983,53,5194,16259,1731,366,5023,9140,16259,Consumer Discretionary,9.538482148837831,12.124053854913257,12.930173431399256,1424.0,12.86824507500452,8.758226213174241,0.004812494324888767,190.08333333333334,-4970,0.9181991512393136,No,False
332,BOSCHLTD,2024,16727,14632,2095.0,12.52,1566,51,430,3181,22.0,2490,844.0,44.0,411,30.0,12034,39,5252,17355,1770,224,5125,10236,17355,Consumer Discretionary,14.886112273569676,12.524660728164047,20.639920424403183,1665.0,13.756919771957365,14.34745030250648,0.003232758620689655,71.7843137254902,-5086,0.9638144626908672,No,False
334,BPCL,2013,242181,235472,6709.0,2.77,1492,2518,2463,3220,40.0,1936,4.0,42.0,413,723.0,16052,33157,29696,79628,24721,7463,7470,39974,79628,Energy,0.7994021000821699,2.770242091658718,11.540983606557377,4246.0,8.503564848193543,2.4313055709047067,1.9765722801788375,3.256949960285941,25687,3.0414050334053346,No,False
335,BPCL,2014,264421,255007,9414.0,3.56,1344,1982,2611,6166,34.0,4053,9.0,31.0,414,723.0,18717,33152,35868,88460,27580,9372,6985,44523,88460,Energy,1.5327829484042492,3.5602316003645704,20.848765432098766,6803.0,12.935427441435959,4.581731856206195,1.705349794238683,5.4278506559031285,26167,2.9891589418946416,No,False
336,BPCL,2015,242598,232818,9780.0,4.03,2117,1180,3027,7690,34.0,5082,11.0,34.0,415,723.0,21839,25492,38268,86322,29109,15787,7712,33714,86322,Energy,2.0948235352311233,4.031360522345609,22.524598883077743,6753.0,14.052940442002749,5.887259331340794,1.1298643737257335,10.082203389830509,17780,2.81038437478279,No,False
337,BPCL,2016,187815,174844,12971.0,6.91,1913,680,2072,12132,33.0,8089,19.0,25.0,416,656.0,27138,23388,35241,86422,25358,17459,9401,34203,86422,Energy,4.306897745121529,6.906264142906584,29.103403612290425,10899.0,21.294595756320582,9.359885214412996,0.8414765776786357,21.888235294117646,13987,2.173231353127676,No,False
338,BPCL,2017,201251,187468,13783.0,6.85,2721,696,2108,13700,31.0,9507,20.0,49.0,417,1311.0,29508,35725,42541,109086,33684,16834,21327,37241,109086,Energy,4.723951682227666,6.84866162155716,30.847853596807163,11675.0,17.54478239961529,8.715142181398162,1.1591875141957884,23.71264367816092,14398,1.844883853106723,No,False
339,BPCL,2018,235895,220578,15317.0,6.49,2927,1186,2885,14174,31.0,9792,21.0,46.0,418,1967.0,34652,37659,46078,120356,45539,9875,23725,41217,120356,Energy,4.150999385319739,6.493143135717163,26.740216827330077,12432.0,16.737122701203585,8.13586360463957,1.0284005570878505,15.382799325463743,13934,1.9599770680315065,No,False
340,BPCL,2019,298226,283113,15112.0,5.07,2975,1764,3418,12905,34.0,8528,18.0,48.0,419,1967.0,36798,44839,53322,136926,49315,13654,24907,49050,136926,Energy,2.859576294488073,5.067297955241997,21.999226106023475,11694.0,13.987369025405483,6.228181645560376,1.1566877337804722,10.253401360544217,19932,2.1780085593678336,No,False
341,BPCL,2020,284572,275597,8975.0,3.15,1393,2637,4080,3652,0.0,3666,7.0,106.0,420,1967.0,34565,65476,48852,150860,60175,17757,27029,45900,150860,Energy,1.2882504251999494,3.1538591287969298,10.035037775101282,4895.0,4.798643243667163,2.4300676123558262,1.792291689477718,3.931740614334471,38447,1.8863316982632905,No,False
342,BPCL,2021,230171,209170,21001.0,9.12,7489,1723,4334,22432,23.0,17320,37.0,102.0,421,2093.0,51462,54532,52891,160978,64098,17037,26768,53075,160978,Energy,7.524840227483046,9.124086005621908,32.340584445896745,16667.0,15.419985752218121,10.759234181068221,1.0182429278312015,16.535113174695297,27764,1.4298289207220862,No,False
343,BPCL,2022,346791,327654,19137.0,5.52,4939,2606,5434,16037,27.0,11682,27.0,29.0,422,2129.0,49776,64534,71089,187529,83901,15433,23616,64578,187529,Energy,3.3685995311297003,5.518309298684223,22.50650226375108,13703.0,11.768393751234552,6.229436513819196,1.243309893073885,9.23867996930161,40918,1.849265980195063,No,False
344,BPCL,2023,473187,462288,10899.0,2.3,2036,3745,6369,2821,24.0,2131,5.0,40.0,423,2129.0,51393,69376,65210,188109,86675,16249,26778,58406,188109,Energy,0.45035049568141133,2.3033177158290488,3.9815403011845594,4530.0,3.6859834985109607,1.1328538241126156,1.2962146407084938,3.4539385847797064,42598,2.5154936765386027,No,False
345,BPCL,2024,448083,404001,44082.0,9.84,3032,4149,6771,36194,26.0,26859,62.0,33.0,424,2136.0,73499,54599,72184,202418,86798,20204,26631,68785,202418,Energy,5.994201967046283,9.837909494446341,35.511337343822305,37311.0,28.649200669564017,13.26907686075349,0.7218747934157467,11.355507351168956,27968,2.213651947949293,No,False
347,BRITANNIA,2013,6185,5765,421.0,6.81,52,41,73,358,27.0,260,11.0,39.0,426,24.0,534,380,946,1883,737,147,108,891,1883,Consumer Staples,4.203718674211803,6.806790622473727,46.59498207885305,348.0,37.10021321961621,13.807753584705257,0.6810035842293907,11.536585365853659,272,3.2846521508231548,No,False
348,BRITANNIA,2014,6913,6286,627.0,9.07,34,8,83,569,30.0,395,16.0,36.0,427,24.0,774,150,1159,2107,848,107,198,954,2107,Consumer Staples,5.713872414291914,9.069868363951974,49.49874686716792,544.0,57.383966244725734,18.74703369719981,0.18796992481203006,82.625,-48,3.280968201233982,No,False
349,BRITANNIA,2015,7858,6988,870.0,11.07,228,4,144,950,28.0,689,29.0,28.0,428,24.0,1221,145,1403,2793,844,48,518,1383,2793,Consumer Staples,8.768134385339781,11.071519470603207,55.34136546184739,726.0,52.230215827338135,24.668814894378805,0.11646586345381527,274.5,-373,2.8134622269960614,No,False
350,BRITANNIA,2016,8397,7174,1224.0,14.58,115,5,113,1220,32.0,825,34.0,29.0,429,24.0,2068,131,1271,3494,950,90,788,1665,3494,Consumer Staples,9.824937477670597,14.576634512325832,39.4359464627151,1111.0,49.977507872244715,23.611906124785346,0.06261950286806883,267.8,-657,2.403262736119061,No,False
351,BRITANNIA,2017,9054,7776,1278.0,14.12,151,5,119,1304,32.0,885,37.0,30.0,430,24.0,2672,125,1288,4109,1160,30,487,2432,4109,Consumer Staples,9.774685222001326,14.115308151093439,32.826409495548965,1159.0,41.08472172988302,21.538087125821367,0.046364985163204746,285.8,-362,2.2034558286687758,No,False
352,BRITANNIA,2018,9914,8413,1501.0,15.14,166,8,142,1518,34.0,1004,42.0,30.0,431,24.0,3382,201,1581,5188,1346,203,1079,2560,5188,Consumer Staples,10.127092999798265,15.14020576961872,29.47739283617146,1359.0,37.67673967285833,19.35235158057055,0.05901350557839107,208.375,-878,1.9109483423284503,No,False
353,BRITANNIA,2019,11055,9322,1732.0,15.67,206,9,162,1768,35.0,1155,48.0,31.0,432,24.0,4229,156,1829,6238,1688,101,1476,2972,6238,Consumer Staples,10.44776119402985,15.66711895070104,27.157300728897248,1570.0,35.608981628487186,18.515549855722988,0.03667999059487421,215.33333333333334,-1320,1.7722026290477717,No,False
354,BRITANNIA,2020,11600,9756,1843.0,15.89,263,77,185,1844,24.0,1394,58.0,60.0,433,24.0,4379,1538,1889,7830,1878,40,2893,3019,7830,Consumer Staples,12.017241379310345,15.887931034482758,31.66023166023166,1658.0,27.907759636424846,17.803320561941252,0.3493072904837611,27.350649350649352,-1355,1.4814814814814814,No,False
355,BRITANNIA,2021,13136,10627,2509.0,19.1,313,111,198,2514,26.0,1851,77.0,204.0,434,24.0,3524,2122,2331,8000,1793,117,2781,3310,8000,Consumer Staples,14.091047503045068,19.10018270401949,52.17023675310034,2311.0,40.75837742504409,23.1375,0.5980834272829764,25.423423423423422,-659,1.642,No,False
356,BRITANNIA,2022,14136,11935,2201.0,15.57,222,144,201,2078,27.0,1516,63.0,89.0,435,24.0,2534,2481,2487,7527,1753,536,1762,3475,7527,Consumer Staples,10.724391624221845,15.570175438596493,59.26505082095387,2000.0,39.690414764834294,20.14082635844294,0.9698983580922595,16.82638888888889,719,1.8780390593862097,No,False
357,BRITANNIA,2023,16301,13470,2831.0,17.37,597,169,226,3033,24.0,2316,96.0,75.0,436,24.0,3510,2997,2819,9351,2655,105,3324,3266,9351,Consumer Staples,14.207717317955954,17.36703269738053,65.53480475382003,2605.0,39.88669422753024,24.767404555662495,0.8480475382003395,20.284023668639055,-327,1.743236017538231,No,False
358,BRITANNIA,2024,16769,13603,3167.0,18.89,211,164,300,2913,27.0,2134,89.0,83.0,437,24.0,3917,2065,3065,9072,2771,188,2767,3346,9072,Consumer Staples,12.725863199952292,18.886039716142882,54.14869322506978,2867.0,47.735597735597736,23.522927689594354,0.5239786856127886,20.597560975609756,-702,1.8484347442680775,No,False
360,CANBK,2013,34070,26198,7217.0,21.18,2,3308,191,3771,22.0,2995,12.0,19.0,439,443.0,24733,376040,18108,419324,2883,1,127534,288907,419324,Financials,8.790724977986498,21.182858820076316,11.896250397203687,7026.0,1.751176423672037,0.7142448321584265,14.936447410231967,2.1822853688029022,248506,0.08124982114069311,No,False
361,CANBK,2014,39570,30606,9636.0,24.35,-2,4144,230,3242,20.0,2672,10.0,19.0,440,461.0,29715,447913,23000,501090,6661,1,135445,358982,501090,Financials,6.7525903462218855,24.351781652767247,8.854718981972429,9406.0,1.9674161087161597,0.5332375421580954,14.843352332979851,2.3248069498069497,312468,0.07896785008681076,No,False
362,CANBK,2015,43813,34133,10302.0,23.51,-1,4733,429,3683,22.0,2931,11.0,17.0,441,475.0,32017,499488,26578,558558,6969,1,152122,399466,558558,Financials,6.689795266245178,23.513569032022456,9.020682014034225,9873.0,1.855896838227001,0.52474407313117,15.37264557429521,2.1764208747094864,347366,0.07843948166528812,No,False
363,CANBK,2016,44039,34263,17785.0,40.38,-18,5266,172,-2914,-13.0,-2535,-9.0,0.0,442,543.0,31867,506712,24603,563725,7206,0,152470,404049,563725,Financials,-5.756261495492632,40.38465905220373,-7.821659981487196,17613.0,3.2669785317609,-0.44968734755421524,15.634433816723234,3.3739080896315987,354242,0.07812142445341257,No,False
364,CANBK,2017,41457,31540,15691.0,37.85,-14,7852,331,1746,29.0,1411,5.0,4.0,443,597.0,34088,534858,26615,596159,7185,0,162073,426901,596159,Financials,3.403526545577345,37.84885544057698,4.06804093988756,15360.0,2.6968990927814054,0.23668182481519193,15.420441112873,1.9965613856342332,372785,0.06954017300753658,No,False
365,CANBK,2018,41345,29113,25582.0,61.87,-32,7398,456,-6408,-36.0,-3873,-11.0,0.0,444,733.0,36164,563756,30781,631435,8335,0,157444,465657,631435,Financials,-9.367517233039061,61.874470915467406,-10.496788356776973,25126.0,4.183114044215213,-0.6133647960597687,15.279182589370409,3.4536361178696944,406312,0.06547784015773594,No,False
366,CANBK,2019,47951,32339,27202.0,56.73,-24,9907,429,-2111,-99.0,696,2.0,0.0,445,753.0,36936,640166,33928,711783,8433,0,168678,534672,711783,Financials,1.4514817209234425,56.72874392609122,1.8466926689484995,26773.0,3.9496647513111207,0.09778261071141064,16.98548648146674,2.7433128091248613,471488,0.06736744204343177,No,False
367,CANBK,2020,49759,35817,26809.0,53.88,-26,11799,446,-1514,34.0,-1921,-4.0,0.0,446,1030.0,40176,668170,32064,741440,8323,0,192645,540472,741440,Financials,-3.8606081311923472,53.87769046805603,-4.661942435567636,26363.0,3.7163648051245035,-0.2590904186447993,16.215356986846576,2.2699381303500297,475525,0.0671112969356927,No,False
368,CANBK,2021,70253,45182,43437.0,61.83,-26,23086,838,3882,30.0,2957,4.0,0.0,447,1647.0,60763,1060998,56132,1179540,11269,2,286191,882077,1179540,Financials,4.2090729221527905,61.82938806883692,4.73802275276398,42599.0,3.791943799581274,0.25069094731844616,17.000448646050312,1.8804037078749025,774807,0.05955965885006019,No,False
369,CANBK,2022,70614,43035,41235.0,58.39,-19,23643,841,9145,37.0,6158,7.0,19.0,448,1814.0,68147,1132626,56202,1258789,11447,2,311347,935992,1258789,Financials,8.720650295975302,58.39493584841533,8.802046854676176,40394.0,3.3589253833610373,0.4892003346073091,16.18939123225797,1.7432643911517152,821279,0.056096772374083344,No,False
370,CANBK,2023,85885,52990,42772.0,49.8,-12,25325,1021,14427,25.0,11345,12.0,19.0,449,1814.0,76240,1237160,65816,1381030,10334,0,352893,1017803,1381030,Financials,13.209524363975083,49.80147872154625,14.534809234632434,41751.0,3.174464383742874,0.821488309450193,15.850052527737208,1.6884501480750247,884267,0.06218909075110606,No,False
371,CANBK,2024,110519,72118,46146.0,41.75,-7,28646,902,20000,26.0,15401,17.0,19.0,450,1814.0,90319,1369780,73104,1535018,12331,0,399207,1123480,1535018,Financials,13.935160470145405,41.753906568101414,16.716051794688113,45244.0,3.0948490094827803,1.0033107103630055,14.867419925542423,1.6106611743349857,970573,0.0719985042520674,No,False
373,CHOLAFIN,2013,2570,1410,688.0,26.77,18,1,22,452,32.0,308,4.0,16.0,451,143.0,1809,15269,1007,18228,73,0,172,17984,18228,Financials,11.98443579766537,26.770428015564203,15.778688524590164,666.0,3.8673712327971663,1.6897081413210446,7.822233606557377,706.0,15097,0.14099188062321702,No,False
374,CHOLAFIN,2014,3279,1769,932.0,28.42,18,1,25,554,34.0,368,5.0,14.0,452,143.0,2144,18075,1182,21544,74,0,39,21431,21544,Financials,11.222933821286977,28.42329978652028,16.09094884127678,907.0,4.454375798055201,1.708132194578537,7.903366856143419,950.0,18036,0.1522001485332343,No,False
375,CHOLAFIN,2015,3715,1958,1061.0,28.56,19,0,30,666,33.0,444,6.0,11.0,453,144.0,2531,19950,1243,23868,69,0,25,23775,23868,Financials,11.951547779273216,28.559892328398384,16.598130841121495,1031.0,4.556906077348066,1.860231271995978,7.457943925233645,,19925,0.15564772917714095,No,False
376,CHOLAFIN,2016,4214,2048,1266.0,30.04,21,2,22,879,35.0,575,7.0,12.0,454,156.0,3514,22546,1673,27889,120,0,16,27753,27889,Financials,13.64499288087328,30.042714760322735,15.66757493188011,1244.0,4.745193774794019,2.0617447739252035,6.143324250681199,643.5,22530,0.15109899960557927,No,False
377,CHOLAFIN,2017,4694,2228,1322.0,28.16,24,3,39,1107,35.0,718,9.0,12.0,455,156.0,4142,24071,2230,30598,150,0,182,30266,30598,Financials,15.296122709842352,28.163613123135917,16.70544439274081,1283.0,4.522542211568966,2.3465585986012156,5.600511865984179,448.6666666666667,23889,0.15340871952415192,No,False
378,CHOLAFIN,2018,5559,2657,1451.0,26.1,26,0,51,1401,34.0,918,12.0,11.0,456,156.0,4969,38330,711,44167,170,4,23,43970,44167,Financials,16.51376146788991,26.101816873538407,17.912195121951218,1400.0,3.221723622137844,2.078474879434872,7.479024390243903,,38307,0.12586320103244503,No,False
379,CHOLAFIN,2019,7108,3588,1632.0,22.96,27,1,57,1832,35.0,1197,15.0,8.0,457,156.0,6052,50567,715,57490,167,14,42,57267,57490,Financials,16.840180078784467,22.960045019696118,19.281572164948454,1575.0,2.7741083223249667,2.0821012349973906,8.145457474226804,1659.0,50525,0.12363889372064707,No,False
380,CHOLAFIN,2020,8712,4592,2421.0,27.79,20,0,111,1588,34.0,1054,13.0,13.0,458,164.0,8036,55005,853,64058,283,11,33,63732,64058,Financials,12.098255280073463,27.789256198347108,12.853658536585366,2310.0,3.654774147614904,1.6453838708670268,6.707926829268293,,54972,0.13600174841549845,No,False
381,CHOLAFIN,2021,9583,4576,2913.0,30.4,22,56,102,2048,26.0,1521,19.0,11.0,459,164.0,9436,63730,1314,74644,228,10,1583,72823,74644,Financials,15.871856412396953,30.397579046227698,15.84375,2811.0,3.8333560616391655,2.0376721504742514,6.638541666666667,52.410714285714285,62147,0.12838272332672418,No,False
382,CHOLAFIN,2022,10148,4298,2926.0,28.83,29,84,101,2908,26.0,2154,26.0,8.0,460,164.0,11605,69174,1536,82478,259,37,2055,80127,82478,Financials,21.225857311785575,28.83326763894363,18.302319653326535,2825.0,3.490110324549374,2.6116055190475036,5.87764465969921,35.17857142857143,67119,0.12303887097165304,No,False
383,CHOLAFIN,2023,12884,5748,3621.0,28.1,27,220,121,3615,26.0,2665,32.0,6.0,461,164.0,14182,97358,1923,113627,403,60,3562,109602,113627,Financials,20.684570009313877,28.104625892579943,18.576606719643106,3500.0,3.133280813578744,2.3453932604046575,6.786421302105117,16.581818181818182,93796,0.113388543215961,No,False
384,CHOLAFIN,2024,19163,9231,5385.0,28.1,24,255,198,4605,26.0,3420,41.0,5.0,462,168.0,19425,134475,2618,156686,1563,13,4036,151075,156686,Financials,17.846892448990243,28.10102802275218,17.455213596692694,5187.0,3.3666952254848512,2.1827093677801463,6.863420609401317,21.211764705882352,130439,0.12230192869816066,No,False
386,CIPLA,2013,8279,34,6065.0,73.26,27,245,330,2095,26.0,1545,19.0,10.0,464,161.0,8858,967,1672,11658,3610,378,2532,5138,11658,Healthcare,18.661674115231307,73.25763981157145,17.130502272979268,5735.0,57.43040256358902,13.252702007205352,0.10721809513249805,24.86530612244898,-1565,0.7101561159718648,No,False
387,CIPLA,2014,10173,146,8026.0,78.9,21,251,373,1880,25.0,1404,17.0,12.0,465,161.0,9890,1248,2102,13400,6496,442,709,5753,13400,Healthcare,13.80123857269242,78.89511451882434,13.968759327430105,7653.0,67.73165766882025,10.477611940298507,0.1241667495771565,32.059760956175296,539,0.7591791044776119,No,False
388,CIPLA,2015,11345,168,9183.0,80.94,19,164,505,1654,24.0,1229,15.0,14.0,466,161.0,10641,1703,3166,15670,6830,581,640,7620,15670,Healthcare,10.832966064345527,80.94314676068753,11.377522680985003,8678.0,69.39624150339864,7.84301212507977,0.15765598963154973,56.109756097560975,1063,0.7239948947032546,No,False
389,CIPLA,2016,13790,207,11310.0,82.02,18,208,754,1727,19.0,1383,17.0,12.0,467,161.0,11356,5202,4331,21049,9368,2061,759,8862,21049,Healthcare,10.029006526468455,82.01595358955765,12.00833550403751,10556.0,63.13774747293498,6.570383391134971,0.45168012503256055,54.46153846153846,4443,0.6551380113069505,No,False
390,CIPLA,2017,14394,159,11898.0,82.66,17,208,1323,1222,15.0,1035,13.0,16.0,468,161.0,12383,4113,4213,20869,9492,1683,973,8721,20869,Healthcare,7.190496040016674,82.65944143393081,8.250956632653061,10575.0,63.486822356967046,4.959509320044084,0.3278858418367347,57.28365384615385,3140,0.6897311802194642,No,False
391,CIPLA,2018,15156,114,12329.0,81.35,19,280,1323,1669,15.0,1417,18.0,17.0,469,161.0,14068,4098,4346,22673,9950,981,1259,10483,22673,Healthcare,9.349432567959884,81.3473211929269,9.958535385480358,11006.0,60.05347301795165,6.249724341728047,0.2880033733923677,44.1,2839,0.668460283156177,No,False
392,CIPLA,2019,16362,168,13265.0,81.07,19,477,1326,2079,27.0,1492,19.0,16.0,470,161.0,14851,4316,4433,23762,9608,676,2554,10923,23762,Healthcare,9.118689646742451,81.07199608849774,9.938715694111377,11939.0,61.77048841059602,6.278932749768538,0.2875033306687983,27.849056603773583,1762,0.6885784024913728,No,False
393,CIPLA,2020,17132,197,13926.0,81.29,19,344,1175,2178,29.0,1500,19.0,21.0,471,161.0,15602,2816,4843,23423,9683,825,1471,11444,23423,Healthcare,8.755545178613122,81.28648143824422,9.515955084692001,12751.0,68.63125033640132,6.403961917773129,0.17864619678995114,40.53779069767442,1345,0.731417837168595,No,False
394,CIPLA,2021,19160,161,14907.0,77.8,22,266,1068,3290,27.0,2389,30.0,17.0,472,161.0,18165,2014,4514,24855,9516,969,2710,11661,24855,Healthcare,12.468684759916492,77.80271398747391,13.036123540325221,13839.0,68.03834808259587,9.611748139207403,0.10989850485648806,56.12406015037594,-696,0.7708710521021928,No,False
395,CIPLA,2022,21763,106,17211.0,79.08,21,99,1052,3493,27.0,2547,31.0,16.0,473,161.0,20680,1056,4960,26857,9683,766,2551,13857,26857,Healthcare,11.703349722005237,79.08376602490466,12.221102634230602,16159.0,73.79549710005936,9.483561082771716,0.05066935367784655,174.06060606060606,-1495,0.8103287783445656,No,False
396,CIPLA,2023,22753,110,17726.0,77.91,22,293,1172,4038,30.0,2833,35.0,24.0,474,161.0,23246,803,5089,29300,9160,1093,3662,15384,29300,Healthcare,12.45110534874522,77.90621017008746,12.103216986371597,16554.0,68.37670384138785,9.668941979522184,0.03430597684453369,60.57337883959045,-2859,0.7765529010238907,No,False
397,CIPLA,2024,25774,90,19483.0,75.59,24,552,1051,5702,27.0,4154,51.0,25.0,475,161.0,26545,559,5267,32533,9607,1153,5449,16323,32533,Healthcare,16.11701714906495,75.59168153953597,15.554557028383135,18432.0,67.603154227031,12.768573448498447,0.020931625851868495,35.33876811594203,-4890,0.7922417237881536,No,False
399,COALINDIA,2013,68303,46,50216.0,73.52,26,8752,1813,24979,31.0,17356,27.0,51.0,477,6316.0,42156,1305,61206,110983,13466,3496,2395,91626,110983,Materials,25.41030408620412,73.51946473800565,35.80623865324311,48403.0,97.23968901299797,15.638431111071066,0.026922759531275788,5.740630712979891,-1090,0.6154365983979528,No,False
400,COALINDIA,2014,70608,59,52842.0,74.84,25,7169,1996,22880,34.0,15112,24.0,121.0,478,6316.0,36088,178,62356,104938,14784,4316,3775,82063,104938,Materials,21.402673917969636,74.83854520734195,35.63814734459013,50846.0,119.40726128411066,14.400884331700622,0.0041977171964908975,7.374389733575115,-3597,0.6728544473879815,No,False
401,COALINDIA,2015,74120,9,56777.0,76.6,23,6570,2320,21584,36.0,13727,22.0,95.0,479,6316.0,34037,408,70505,111267,16115,5159,2813,87179,111267,Materials,18.519967620075555,76.60145709660011,34.01729735087849,54457.0,133.60074581094673,12.336991201344514,0.010110772433276337,8.645357686453577,-2405,0.6661453980065968,No,False
402,COALINDIA,2016,77861,388,59147.0,75.96,24,5939,2826,21440,33.0,14267,23.0,121.0,480,6316.0,28517,1199,77528,113560,22082,4553,2906,84018,113560,Materials,18.323679377351947,75.96486045645446,40.95828668216921,56321.0,156.30828152753108,12.563402606551602,0.034421382022794475,9.963125105236571,-1707,0.6856375484325467,No,False
403,COALINDIA,2017,78164,410,65716.0,84.07,16,5316,2907,14446,36.0,9280,15.0,133.0,481,6207.0,18311,3014,91054,118587,23811,8585,1483,84708,118587,Materials,11.872473261347935,84.0745100046057,37.84974304592544,62809.0,228.13090222286792,7.8254783407962085,0.12293009217717596,12.364936042136945,1531,0.6591278976616324,No,False
404,COALINDIA,2018,85244,430,75956.0,89.1,11,4975,3063,10770,35.0,7038,11.0,146.0,482,6207.0,13971,1538,103754,125471,27574,10273,1704,85920,125471,Materials,8.25629956360565,89.10421847871991,34.87957181088314,72893.0,335.6649475041444,5.60926429214719,0.07622162751511548,15.269748743718592,-166,0.6793920507527635,No,False
405,COALINDIA,2019,99586,264,74579.0,74.89,25,5834,3450,27127,36.0,17464,28.0,46.0,483,6163.0,20292,2210,104356,133021,32618,9658,3170,87576,133021,Materials,17.536601530335588,74.88904062820076,66.01398601398601,71129.0,248.13884528170243,13.128754106494464,0.08353808353808354,12.787795680493657,-960,0.7486487096022433,No,False
406,COALINDIA,2020,96080,503,74500.0,77.54,22,6444,3451,24071,31.0,16700,27.0,44.0,484,6163.0,25994,6434,111430,150020,36784,8328,1973,102936,150020,Materials,17.38134887593672,77.53955037468776,51.93270516528283,71049.0,184.10769350366664,11.131849086788428,0.20008085331343098,11.56455617628802,4461,0.64044794027463,No,False
407,COALINDIA,2021,90026,642,71398.0,79.31,21,3742,3718,18009,29.0,12702,21.0,78.0,485,6163.0,30355,5884,118649,161051,42405,10490,5950,102206,161051,Materials,14.109257325661476,79.3081998533757,34.78284681526918,67680.0,159.61511249469365,7.886942645497388,0.16112602004490936,19.085783003741316,-66,0.5589906302972351,No,False
408,COALINDIA,2022,109715,541,84995.0,77.47,23,3866,4429,23616,26.0,17378,28.0,60.0,486,6163.0,36980,3514,132780,179436,46677,12897,8921,110942,179436,Materials,15.839219796746114,77.46889668687052,40.27999907285075,80566.0,172.67719741946544,9.684790120154261,0.08145006142363767,21.99120538023797,-5407,0.6114436344992086,No,False
409,COALINDIA,2023,138252,684,94020.0,68.01,32,6560,6833,43275,27.0,31723,52.0,47.0,487,6163.0,54680,4331,156222,221396,64547,17622,7139,132087,221396,Materials,22.94578016954547,68.00624945751237,52.13911214108443,87187.0,133.77573879154264,14.328623823375308,0.07118320924346268,14.33719512195122,-2808,0.6244557263907207,No,False
410,COALINDIA,2024,142324,819,94352.0,66.29,34,8396,6735,48813,23.0,37369,61.0,42.0,488,6163.0,76567,6523,147217,236470,75668,18960,7110,134731,236470,Materials,26.25628846856468,66.29380849329698,45.16982956605826,87617.0,98.16700839187479,15.802850255846407,0.0788468512027076,11.24178180085755,-587,0.6018691588785047,No,False
412,DABUR,2013,6140,5148,992.0,16.16,100,59,85,948,19.0,766,4.0,34.0,490,174.0,1921,1151,1462,4709,1582,93,929,2105,4709,Consumer Staples,12.47557003257329,16.156351791530945,36.563245823389025,907.0,27.942082563154653,16.266723295816522,0.5494033412887828,18.508474576271187,222,1.3038861754087916,No,False
413,DABUR,2014,7058,5897,1162.0,16.46,126,54,97,1136,19.0,916,5.0,33.0,491,174.0,2482,708,1948,5312,1767,22,1076,2447,5312,Consumer Staples,12.978180787758573,16.463587418532164,34.48795180722892,1065.0,31.658739595719382,17.24397590361446,0.26656626506024095,23.85185185185185,-368,1.3286897590361446,No,False
414,DABUR,2015,7795,6475,1320.0,16.93,154,40,115,1319,19.0,1068,6.0,33.0,492,176.0,3178,734,2019,6106,1877,50,1813,2365,6106,Consumer Staples,13.701090442591404,16.93393200769724,31.84257602862254,1205.0,29.47651663405088,17.490992466426466,0.21884317233154443,36.85,-1079,1.2766131673763512,No,False
415,DABUR,2016,7780,6261,1518.0,19.51,217,48,133,1554,19.0,1254,7.0,32.0,493,176.0,3995,805,1956,6932,1667,45,2691,2529,6932,Consumer Staples,16.118251928020566,19.511568123393317,30.064732678014867,1385.0,27.833601286173632,18.09001731102135,0.19299928074802206,36.145833333333336,-1886,1.122331217541835,No,False
416,DABUR,2017,7614,6102,1512.0,19.86,296,54,143,1611,21.0,1280,7.0,31.0,494,176.0,4671,975,1910,7732,1958,42,3240,2492,7732,Consumer Staples,16.811137378513266,19.858156028368796,26.408087476789767,1369.0,23.514256269323255,16.554578375581997,0.20115535382710956,33.48148148148148,-2265,0.9847387480600104,No,False
417,DABUR,2018,7722,6104,1617.0,20.94,291,53,162,1693,20.0,1358,8.0,81.0,495,176.0,5530,938,2058,8702,2028,42,3805,2827,8702,Consumer Staples,17.586117586117584,20.94017094017094,23.79950928846828,1455.0,21.899458157736305,15.605607906228453,0.16438836312653346,36.0,-2867,0.8873822109859802,No,False
418,DABUR,2019,8515,6775,1740.0,20.43,222,60,177,1725,16.0,1446,8.0,34.0,496,177.0,5455,699,2106,8437,1969,64,3359,3045,8437,Consumer Staples,16.981796829125074,20.434527304756312,25.67471590909091,1563.0,24.688042963196967,17.13879340997985,0.12411221590909091,32.7,-2660,1.0092449922958397,No,False
419,DABUR,2020,8685,6892,1792.0,20.63,205,50,220,1728,16.0,1448,8.0,37.0,497,177.0,6429,522,2209,9337,2253,147,2800,4137,9337,Consumer Staples,16.672423719055843,20.63327576280944,21.91946715107478,1572.0,22.053872053872052,15.50819320981043,0.07901907356948229,39.94,-2278,0.9301702902431188,No,False
420,DABUR,2021,9562,7560,2002.0,20.94,325,31,240,2056,18.0,1695,10.0,50.0,498,177.0,7487,509,2661,10833,2243,147,4160,4283,10833,Consumer Staples,17.72641706755909,20.937042459736457,22.116388308977037,1762.0,21.558791141563685,15.646635281085572,0.06641440501043841,75.06451612903226,-3651,0.8826733130250162,No,False
421,DABUR,2022,10889,8637,2252.0,20.68,308,39,253,2269,23.0,1742,10.0,53.0,499,177.0,8205,1030,2872,12284,2308,168,6220,3589,12284,Consumer Staples,15.997795940857745,20.681421618146754,20.782629444046766,1999.0,21.23884402889928,14.181048518397915,0.12288236697685516,65.64102564102564,-5190,0.8864376424617388,No,False
422,DABUR,2023,11530,9367,2162.0,18.75,445,78,311,2219,23.0,1701,10.0,54.0,500,177.0,8796,1174,3505,13652,3579,175,6265,3633,13652,Consumer Staples,14.752818733738074,18.751084128360798,18.956870611835505,1851.0,18.241844880260174,12.459712862584237,0.13083695531037556,33.42307692307692,-5091,0.8445648989159098,No,False
423,DABUR,2024,12404,10004,2400.0,19.35,482,124,399,2359,23.0,1811,10.0,53.0,501,177.0,9689,1365,3885,15116,3815,232,6933,4136,15116,Consumer Staples,14.600128990648178,19.348597226701063,18.355969997972835,2001.0,17.816757189920754,11.980682720296375,0.13835394283397526,23.241935483870968,-5568,0.8205874569992061,No,False
425,DIVISLAB,2013,2145,1329,816.0,38.04,45,3,77,781,23.0,602,23.0,33.0,503,27.0,2474,33,605,3139,909,303,408,1519,3139,Healthcare,28.065268065268068,38.04195804195804,24.070371851259495,739.0,29.16337805840568,19.17808219178082,0.013194722111155539,287.0,-375,0.6833386428798981,No,False
426,DIVISLAB,2014,2532,1514,1018.0,40.21,68,3,92,991,22.0,773,29.0,34.0,504,27.0,2937,18,729,3710,1222,144,502,1842,3710,Healthcare,30.529225908372826,40.20537124802528,26.07962213225371,926.0,31.052984574111335,20.835579514824797,0.006072874493927126,362.0,-484,0.6824797843665769,No,False
427,DIVISLAB,2015,3115,1942,1173.0,37.66,38,3,136,1072,21.0,852,32.0,31.0,505,27.0,3469,27,883,4405,1309,218,733,2145,4405,Healthcare,27.351524879614768,37.65650080256822,24.37070938215103,1037.0,29.435140505251205,19.3416572077185,0.007723112128146453,403.6666666666667,-706,0.7071509648127128,No,False
428,DIVISLAB,2016,3776,2354,1423.0,37.69,93,5,118,1393,19.0,1126,42.0,24.0,506,53.0,4240,42,562,4898,1439,264,803,2392,4898,Healthcare,29.81991525423729,37.6853813559322,26.22874446773818,1305.0,30.103806228373703,22.988975091874234,0.009783368273934312,303.2,-761,0.7709269089424254,No,False
429,DIVISLAB,2017,4064,2615,1450.0,35.68,72,3,123,1395,24.0,1060,40.0,25.0,507,53.0,5304,36,762,6155,1559,444,1631,2521,6155,Healthcare,26.08267716535433,35.67913385826771,19.787194325182007,1327.0,24.605970702762843,17.221770917952885,0.006720179204778794,507.3333333333333,-1595,0.6602761982128351,No,False
430,DIVISLAB,2018,3891,2622,1269.0,32.61,107,2,142,1231,29.0,877,33.0,30.0,508,53.0,5872,63,797,6785,1996,120,1889,2780,6785,Healthcare,22.539193009509123,32.61372397841172,14.801687763713081,1127.0,18.820975283901138,12.92557111274871,0.010632911392405063,688.0,-1826,0.5734708916728076,No,False
431,DIVISLAB,2019,4946,3072,1874.0,37.89,154,5,169,1855,27.0,1353,51.0,31.0,509,53.0,6904,106,973,8036,2088,492,1946,3511,8036,Healthcare,27.355438738374442,37.88920339668419,19.448037947391118,1705.0,24.139883902024636,16.83673469387755,0.015236452493891045,405.6,-1840,0.6154803384768541,No,False
432,DIVISLAB,2020,5394,3568,1826.0,33.85,186,7,186,1819,24.0,1377,52.0,31.0,510,53.0,7257,39,1183,8531,2782,920,971,3858,8531,Healthcare,25.528364849833146,33.852428624397476,18.83720930232558,1640.0,22.315961355286433,16.14113234087446,0.00533515731874145,287.42857142857144,-932,0.6322822646817489,No,False
433,DIVISLAB,2021,6969,4102,2867.0,41.14,57,2,256,2666,26.0,1984,75.0,27.0,511,53.0,9242,5,1471,10771,3704,711,0,6356,10771,Healthcare,28.46893384990673,41.13933132443679,21.34480903711673,2611.0,28.075268817204304,18.419831027759727,0.0005379236148466917,1462.0,5,0.6470151332281125,No,False
434,DIVISLAB,2022,8960,5075,3885.0,43.36,112,2,312,3684,20.0,2960,112.0,27.0,512,53.0,11675,4,1628,13360,4325,470,72,8493,13360,Healthcare,33.035714285714285,43.359375,25.2387448840382,3573.0,30.455165359699965,22.15568862275449,0.00034106412005457026,1998.5,-68,0.6706586826347305,No,False
435,DIVISLAB,2023,7767,5397,2370.0,30.51,344,2,343,2369,23.0,1824,69.0,44.0,513,53.0,12714,4,1654,14425,4722,212,77,9414,14425,Healthcare,23.483970645036695,30.513711857860176,14.286833241951907,2027.0,15.871897267246105,12.64471403812825,0.0003133077465340331,1357.0,-73,0.5384402079722703,No,False
436,DIVISLAB,2024,7845,5635,2210.0,28.17,335,4,378,2163,26.0,1600,60.0,50.0,514,53.0,13518,3,1886,15460,4739,778,82,9861,15460,Healthcare,20.395156150414277,28.170809432759718,11.78984599513669,1832.0,13.49639015765434,10.34928848641656,0.0002210596124088129,636.25,-79,0.5074385510996119,No,False
438,DLF,2013,7773,5140,2633.0,33.87,1279,2314,796,802,17.0,667,4.0,48.0,516,340.0,25389,26600,12318,64647,19849,7834,1334,35630,64647,Real Estate,8.580985462498392,33.87366525151164,2.5924054568774535,1837.0,3.5104817596361486,1.031757080761675,1.0338528508686695,1.6905790838375108,25266,0.1202375980323913,No,False
439,DLF,2014,8298,5805,2493.0,30.04,1133,2463,663,500,-16.0,590,4.0,55.0,517,356.0,27039,24133,12997,64525,18835,5979,891,38820,64525,Real Estate,7.1101470233791275,30.04338394793926,2.1536776784084686,1830.0,3.551467163483931,0.9143742735373886,0.8809271764920606,1.4721883881445392,23242,0.12860131731886865,No,False
440,DLF,2015,7649,4635,3014.0,39.4,503,2304,545,668,24.0,507,3.0,66.0,518,356.0,27013,24495,14398,66262,19619,5901,623,40119,66262,Real Estate,6.628317427114655,39.40384363969146,1.8524608133289489,2469.0,4.760527533549283,0.7651444266698862,0.8949906828894004,1.5264756944444444,23872,0.11543569466662643,No,False
441,DLF,2016,9926,5960,3966.0,39.96,506,2680,766,1026,55.0,305,2.0,117.0,519,357.0,23712,25264,12396,61729,3943,1779,21310,34697,61729,Real Estate,3.07273826314729,39.955671972597216,1.2671901616186798,3200.0,6.486530314394017,0.4940951578674529,1.049648926004404,1.6686567164179105,3954,0.1607996241636832,No,False
442,DLF,2017,8221,4775,3446.0,41.92,1135,2980,572,1030,22.0,708,4.0,50.0,520,357.0,24216,29202,10179,63954,24640,153,1209,37952,63954,Real Estate,8.612090986497993,41.9170417224182,2.881211085337566,2874.0,5.344490934449094,1.1070456890890328,1.1883774874862654,1.537248322147651,27993,0.12854551709040873,No,False
443,DLF,2018,6707,4329,2378.0,35.46,9722,2951,534,8615,50.0,4477,25.0,8.0,521,357.0,34954,17491,7783,60585,8082,137,20832,31533,60585,Real Estate,66.75115550916952,35.455494259728646,12.678768655659708,1844.0,3.49229195863793,7.3896178922175455,0.49534139503270935,4.1003049813622505,-3341,0.11070396962944623,No,False
444,DLF,2019,8366,6218,2148.0,25.68,784,2062,225,646,43.0,1314,6.0,33.0,522,441.0,33135,17222,15684,66483,6322,103,21005,39053,66483,Real Estate,15.706430791298112,25.67535261773847,3.913509649749821,1923.0,3.785582109531872,1.9764451062677677,0.5129258994519895,1.4219204655674103,-3783,0.12583668005354753,No,False
445,DLF,2020,6083,4937,1146.0,18.84,1135,1427,200,653,99.0,-590,-2.0,-85.0,523,495.0,33952,8103,13341,55890,5187,89,18566,32049,55890,Real Estate,-9.699161597895776,18.839388459641622,-1.7127761488663744,946.0,2.2232667450058754,-1.0556450169976739,0.23523093447905477,1.598458304134548,-10463,0.10883879048130256,No,False
446,DLF,2021,5414,3945,1469.0,27.13,383,853,159,840,43.0,1083,4.0,45.0,524,495.0,34849,6886,11258,53488,4856,95,19746,28791,53488,Real Estate,20.003694126339123,27.133357960842257,3.0641693073789047,1310.0,3.1020601468150604,2.024753215674544,0.19482797645993663,2.17116060961313,-12860,0.10121896500149566,No,False
447,DLF,2022,5717,3974,1743.0,30.49,195,625,149,1165,28.0,1500,6.0,49.0,525,495.0,35867,4182,10623,51167,4862,81,19779,26444,51167,Real Estate,26.237537169844323,30.488018191359107,4.125185633353501,1594.0,3.931531176006314,2.931576992983759,0.1150101754578956,3.1008,-15597,0.111732171125921,No,False
448,DLF,2023,5695,3969,1726.0,30.31,317,392,149,1502,27.0,2034,8.0,49.0,526,495.0,37192,3334,11551,52572,4785,61,19481,28245,52572,Real Estate,35.71553994732221,30.307287093942055,5.397086528511158,1577.0,3.844372394627142,3.8689796850034237,0.08846551861384562,5.211734693877551,-16147,0.10832762687362094,No,False
449,DLF,2024,6427,4303,2124.0,33.05,531,356,148,2151,24.0,2724,11.0,45.0,527,495.0,38936,4834,14804,59069,3880,71,20138,34981,59069,Real Estate,42.38369379181578,33.04807841916913,6.908270142781061,1976.0,4.464023494860499,4.611555976908361,0.12259389820192235,7.457865168539326,-15304,0.10880495691479457,No,False
451,DMART,2013,3341,3126,215.0,6.44,15,43,46,141,34.0,94,2.0,0.0,529,544.0,245,526,176,1492,925,118,16,433,1492,Consumer Discretionary,2.8135288835677943,6.435199042202933,11.913814955640051,169.0,12.85171102661597,6.3002680965147455,0.6666666666666666,5.348837209302325,510,2.2392761394101877,No,False
452,DMART,2014,4686,4345,341.0,7.28,16,56,57,245,34.0,161,3.0,0.0,530,547.0,409,641,211,1808,1172,89,16,532,1808,Consumer Discretionary,3.4357661118224496,7.276995305164319,16.84100418410042,284.0,17.78334376956794,8.904867256637168,0.6705020920502092,6.375,625,2.5918141592920354,No,False
453,DMART,2015,6439,5983,456.0,7.08,20,72,82,323,34.0,212,4.0,0.0,531,562.0,638,904,251,2355,1528,98,15,713,2355,Consumer Discretionary,3.292436713775431,7.081845006988663,17.666666666666668,374.0,17.775665399239543,9.00212314225053,0.7533333333333333,6.611111111111111,889,2.7341825902335457,No,False
454,DMART,2016,8584,7919,664.0,7.74,17,91,98,492,35.0,320,6.0,0.0,532,562.0,959,1192,389,3102,2094,82,29,897,3102,Consumer Discretionary,3.727865796831314,7.735321528424977,21.038790269559502,566.0,20.862513822336897,10.31592520954223,0.7836949375410914,7.483516483516484,1163,2.7672469374597033,No,False
455,DMART,2017,11898,10929,969.0,8.14,28,122,128,747,36.0,479,8.0,0.0,533,624.0,3218,1497,480,5819,2578,153,26,3063,5819,Consumer Discretionary,4.025886703647672,8.144225920322743,12.467464862051015,841.0,15.752013485671473,8.23165492352638,0.3896408120770432,8.172131147540984,1471,2.044681216703901,No,False
456,DMART,2018,15033,13680,1353.0,9.0,88,60,159,1222,34.0,806,13.0,0.0,534,624.0,4045,439,540,5648,3400,147,68,2033,5648,Consumer Discretionary,5.361537949843678,9.000199560965875,17.262797172842152,1194.0,23.37509788566954,14.270538243626063,0.09402441636324695,24.016666666666666,371,2.6616501416430594,No,False
457,DMART,2019,20005,18371,1633.0,8.16,48,47,212,1422,37.0,902,14.0,0.0,535,624.0,4963,700,718,7006,4400,377,17,2212,7006,Consumer Discretionary,4.508872781804548,8.162959260184955,16.144621442634687,1421.0,22.602195005567044,12.874678846702825,0.12529085376767496,35.765957446808514,683,2.8554096488723952,No,False
458,DMART,2020,24870,22742,2128.0,8.56,60,69,374,1745,25.0,1301,20.0,0.0,536,648.0,10432,333,663,12076,5948,364,15,5749,12076,Consumer Discretionary,5.231202251708886,8.556493767591476,11.74187725631769,1754.0,15.368439498817137,10.77343491222259,0.030054151624548737,31.71014492753623,318,2.0594567737661476,No,False
459,DMART,2021,24143,22398,1745.0,7.23,194,42,414,1483,26.0,1099,17.0,0.0,537,648.0,11536,393,1079,13655,7009,1020,3,5624,13655,Consumer Discretionary,4.5520440707451435,7.227767883030278,9.020026263952726,1331.0,10.582809891071003,8.048333943610398,0.032255416940249505,46.166666666666664,390,1.7680703039179788,No,False
460,DMART,2022,30976,28474,2502.0,8.08,114,54,498,2064,28.0,1492,23.0,0.0,538,648.0,13030,647,1146,15471,9260,1129,6,5076,15471,Consumer Discretionary,4.8166322314049586,8.077221074380166,10.908027489399034,2004.0,13.989528795811518,9.64384978346584,0.04730223716917678,48.44444444444444,641,2.0021976601383233,No,False
461,DMART,2023,42840,39201,3639.0,8.49,128,67,639,3060,22.0,2378,37.0,0.0,539,648.0,15430,643,1383,18105,11340,829,202,5733,18105,Consumer Discretionary,5.550887021475257,8.494397759103641,14.790396815524318,3000.0,17.941510675198852,13.134493233913282,0.039992536385122526,56.223880597014926,441,2.3661971830985915,No,False
462,DMART,2024,50789,46683,4106.0,8.08,145,58,731,3461,27.0,2536,39.0,0.0,540,651.0,18047,592,1882,21172,13415,935,107,6716,21172,Consumer Discretionary,4.993207190533383,8.084427730414067,13.56294790886726,3375.0,17.49611197511664,11.978084262233137,0.031661140228901485,73.29310344827586,485,2.398875873795579,No,False
464,DRREDDY,2013,11833,9164,2669.0,22.56,146,100,550,2165,29.0,1527,18.0,17.0,542,85.0,6284,3682,3329,13380,4051,565,197,8567,13380,Healthcare,12.904588861658075,22.555564945491422,23.97550635892605,2119.0,21.08247935528803,11.41255605381166,0.5781127335531481,28.15,3485,0.8843796711509716,No,False
465,DRREDDY,2014,13415,10164,3251.0,24.23,170,127,648,2646,26.0,1963,23.0,16.0,543,85.0,7780,4477,3563,15906,4641,639,1067,9559,15906,Healthcare,14.632873648900485,24.23406634364517,24.958677685950413,2603.0,21.09058499432831,12.341254872375204,0.5692307692307692,26.937007874015748,3410,0.84339243052936,No,False
466,DRREDDY,2015,15023,11515,3508.0,23.35,260,108,760,2900,19.0,2336,27.0,15.0,544,85.0,9768,4314,4290,18457,5377,529,2248,10303,18457,Healthcare,15.549490780802769,23.35086201158224,23.708515173043743,2748.0,19.397190654337546,12.656444709324374,0.4378361920227342,34.888888888888886,2066,0.8139459283740587,No,False
467,DRREDDY,2016,15568,11983,3585.0,23.03,295,83,939,2859,26.0,2131,25.0,16.0,545,85.0,12484,3352,4408,20330,6563,772,3833,9162,20330,Healthcare,13.688335046248715,23.028006166495373,16.95441164770467,2646.0,16.619559072922556,10.482046237088047,0.2666878828864667,46.74698795180723,-481,0.7657648794884407,No,False
468,DRREDDY,2017,14196,11724,2472.0,17.41,172,79,1027,1554,19.0,1292,16.0,26.0,546,83.0,12179,4918,4474,21654,6931,3324,2110,9290,21654,Healthcare,9.101155255001409,17.413355874894336,10.536617191322787,1445.0,8.41094295692666,5.966565068809458,0.4010764964932311,33.46835443037975,2808,0.655583264062067,No,False
469,DRREDDY,2018,14281,11930,2351.0,16.46,155,79,1077,1350,32.0,947,11.0,35.0,547,83.0,12489,5071,4706,22349,6968,3470,2298,9612,22349,Healthcare,6.631188292136406,16.462432602758913,7.532612153993,1274.0,7.220994161990592,4.237326054857041,0.40335666560610883,31.72151898734177,2773,0.6389995078079556,No,False
470,DRREDDY,2019,15448,12270,3178.0,20.57,381,89,1135,2336,17.0,1950,23.0,17.0,548,83.0,13941,3838,4557,22418,7191,2934,2587,9707,22418,Healthcare,12.622993267736923,20.572242361470742,13.904734740444951,2043.0,11.43768894860598,8.698367383352663,0.27367370222475756,39.98876404494382,1251,0.6890891248104202,No,False
471,DRREDDY,2020,17517,15040,2477.0,14.14,670,98,1163,1886,-7.0,2026,24.0,21.0,549,83.0,15516,2210,5414,23223,6850,1535,2678,12160,23223,Healthcare,11.565907404235885,14.140549180795798,12.988012052054618,1314.0,7.378291874894716,8.724109718813246,0.14167574844541317,32.11224489795919,-468,0.7542953106833742,No,False
472,DRREDDY,2021,19048,15173,3874.0,20.34,335,97,1229,2884,32.0,1952,23.0,21.0,550,83.0,17558,3031,5915,26588,8206,1565,2212,14605,26588,Healthcare,10.247795044099119,20.338093238135237,11.06513236211099,2645.0,12.795085139318886,7.341657890777794,0.17181565670880336,43.391752577319586,819,0.7164134195877839,No,False
473,DRREDDY,2022,21545,17778,3768.0,17.49,555,96,1165,3061,29.0,2182,26.0,23.0,551,83.0,19129,3384,7149,29746,8122,1293,2616,17715,29746,Healthcare,10.127639823624971,17.488976560686933,11.35748490526754,2603.0,11.519738006726854,7.335440059167619,0.17613991255465333,45.03125,768,0.7242990654205608,No,False
474,DRREDDY,2023,24670,18200,6470.0,26.23,971,143,1250,6048,25.0,4507,54.0,15.0,552,83.0,23203,1347,7576,32209,9219,1030,4986,16974,32209,Healthcare,18.269152817186868,26.22618565058776,19.35497723954307,5220.0,21.191085129704053,13.992983327641342,0.05784591600103066,52.03496503496503,-3639,0.7659349871154025,No,False
475,DRREDDY,2024,28011,20078,7933.0,28.32,909,171,1470,7201,23.0,5578,67.0,12.0,553,83.0,28171,2002,8523,38780,10426,1419,4930,22004,38780,Healthcare,19.913605369319196,28.321016743422227,19.74233736816026,6463.0,21.361052353252248,14.383702939659617,0.07085722375592836,51.707602339181285,-2928,0.7223053120165034,No,False
477,EICHERMOT,2012,6390,5840,550.0,8.61,136,4,82,600,21.0,475,12.0,17.0,555,27.0,1728,23,2694,4471,992,504,638,2337,4471,Consumer Discretionary,7.433489827856025,8.607198748043817,27.065527065527068,468.0,26.321709786276713,10.624021471706554,0.013105413105413105,171.5,-615,1.4292104674569448,No,False
478,EICHERMOT,2013,6810,6094,715.0,10.5,93,8,130,671,22.0,525,15.0,21.0,556,27.0,2028,84,3197,5337,1656,464,825,2391,5337,Consumer Discretionary,7.709251101321586,10.499265785609397,25.547445255474454,585.0,27.349228611500703,9.83698707138842,0.040875912408759124,101.0,-741,1.2759977515458123,No,False
479,EICHERMOT,2014,8738,7621,1118.0,12.79,105,10,220,993,29.0,702,23.0,22.0,557,27.0,2489,58,3829,6403,2309,419,1078,2597,6403,Consumer Discretionary,8.033875028610666,12.794689860379949,27.90143084260731,898.0,34.88733488733489,10.963610807434016,0.023052464228934817,122.3,-1020,1.3646728096204903,No,False
480,EICHERMOT,2016,6173,4484,1690.0,27.38,326,2,137,1877,29.0,1338,49.0,20.0,558,27.0,3626,23,1263,4939,790,94,3388,667,4939,Consumer Discretionary,21.675036449052325,27.37728819050705,36.627429509991785,1553.0,42.247007616974976,27.090504150637777,0.006296194908294552,1008.0,-3365,1.2498481473982588,No,False
481,EICHERMOT,2017,7033,4859,2174.0,30.91,416,4,154,2433,30.0,1667,61.0,16.0,559,27.0,5318,112,1552,7009,873,374,4987,775,7009,Consumer Discretionary,23.702545144319636,30.911417602729983,31.18802619270346,2020.0,37.016675829210186,23.783706662862034,0.02095416276894294,647.5,-4875,1.003424168925667,No,False
482,EICHERMOT,2018,8965,6156,2809.0,31.33,536,5,223,3116,30.0,1960,72.0,15.0,560,27.0,7003,151,2341,9522,1502,333,5581,2106,9522,Consumer Discretionary,21.862799776910204,31.3329615170106,27.880512091038405,2586.0,36.011697535162234,20.583910943079182,0.021479374110953058,669.0,-5430,0.9415038857382902,No,False
483,EICHERMOT,2019,9797,6893,2904.0,29.64,701,7,300,3297,33.0,2203,81.0,15.0,561,27.0,8891,187,2281,11387,1875,450,4923,4140,11387,Consumer Discretionary,22.486475451668877,29.641727059303868,24.702848172235928,2604.0,28.599670510708403,19.34662334240801,0.020968827091276072,515.0,-4736,0.8603670852726794,No,False
484,EICHERMOT,2020,9154,6971,2183.0,23.85,572,19,382,2355,22.0,1827,67.0,19.0,562,27.0,9954,249,2220,12450,2378,312,5749,4011,12450,Consumer Discretionary,19.958488092637097,23.847498361372075,18.30477908025248,1801.0,17.605083088954057,14.674698795180724,0.024947400060114217,145.0,-5500,0.7352610441767068,No,False
485,EICHERMOT,2021,8720,6937,1783.0,20.45,482,16,451,2203,25.0,1347,49.0,34.0,563,27.0,11411,219,2901,14559,2433,314,3902,7909,14559,Consumer Discretionary,15.447247706422019,20.44724770642202,11.776534359153699,1332.0,11.426610620228189,9.252009066556768,0.01914670396922539,141.5625,-3683,0.5989422350436157,No,False
486,EICHERMOT,2022,10298,8120,2178.0,21.15,496,19,452,2203,24.0,1677,61.0,34.0,564,27.0,12581,108,3424,16140,2424,505,7721,5490,16140,Consumer Discretionary,16.284715478733737,21.149737813167604,13.301078680203046,1726.0,13.573450770682605,10.390334572490707,0.008565989847715736,140.73684210526315,-7613,0.6380421313506816,No,False
487,EICHERMOT,2023,14442,10996,3446.0,23.86,908,28,526,3800,23.0,2914,107.0,35.0,565,27.0,14963,288,3919,19198,2690,472,12321,3715,19198,Consumer Discretionary,20.177260767206757,23.8609610857222,19.43962641761174,2920.0,19.112449273465113,15.178664444212938,0.019212808539026016,155.5,-12033,0.7522658610271903,No,False
488,EICHERMOT,2024,16536,12206,4329.0,26.18,1521,51,598,5202,23.0,4001,146.0,35.0,566,27.0,18018,419,4650,23115,2914,555,13527,6119,23115,Consumer Discretionary,24.195694242864054,26.179245283018872,22.172346910501524,3731.0,20.206889081455806,17.309106640709494,0.023219728456636186,114.70588235294117,-13108,0.7153796236210254,No,False
490,GAIL,2013,50974,43547,7427.0,14.57,887,437,1319,6558,34.0,4367,6.0,28.0,568,1268.0,27526,16472,14542,59809,24303,18376,1254,15876,59809,Energy,8.567112645662494,14.570173029387531,15.166354101548935,6108.0,13.493571333892987,7.301576685783076,0.5720636243661874,19.02517162471396,15218,0.8522797572271732,No,False
491,GAIL,2014,61765,53777,7988.0,12.93,1247,669,1644,6922,32.0,4786,7.0,28.0,569,1268.0,31188,18537,15872,66865,27779,18490,1282,19314,66865,Energy,7.7487250060714,12.932890795758114,14.746117821050037,6344.0,12.440923263977409,7.157705825170119,0.5711424698052748,13.804185351270553,17255,0.9237269124355044,No,False
492,GAIL,2015,60557,54926,5631.0,9.3,945,652,1433,4492,32.0,3160,5.0,24.0,570,1268.0,32754,18291,17355,69669,33976,13806,1272,20615,69669,Energy,5.21822415245141,9.298677279257559,9.288107695020868,4198.0,8.02477395676027,4.53573325295325,0.5376227147140086,10.085889570552148,17019,0.8692101221490189,No,False
493,GAIL,2016,52053,47517,4536.0,8.71,731,822,1496,2949,37.0,1874,3.0,37.0,571,1268.0,35135,9052,13608,59063,29946,3688,9844,15584,59063,Energy,3.6001767429350853,8.71419514725376,5.147927368623465,3040.0,6.687933120668793,3.1728831925232375,0.24866082465730846,6.407542579075426,-792,0.8813131740683676,No,False
494,GAIL,2017,48552,42531,6021.0,12.4,1212,509,1541,5183,35.0,3374,5.0,56.0,572,1691.0,37614,6553,12433,58291,30092,4126,10125,13948,58291,Energy,6.949250288350635,12.40113692535838,8.584149599287622,4480.0,9.769287801474116,5.788200579849376,0.16672179112072255,14.210216110019646,-3572,0.8329244651833044,No,False
495,GAIL,2018,54496,46695,7802.0,14.32,948,295,1527,6928,31.0,4805,7.0,43.0,573,2255.0,39424,3876,15798,61353,30480,5938,10452,14482,61353,Energy,8.817160892542573,14.31664709336465,11.528587538088725,6275.0,13.774558226319833,7.831727869867815,0.09299647304397898,29.661016949152543,-6576,0.8882369240297948,No,False
496,GAIL,2019,76190,66252,9938.0,13.04,1719,159,1667,9831,33.0,6553,10.0,25.0,574,2255.0,43749,2224,20199,68426,32700,9738,10722,15267,68426,Energy,8.600866255414097,13.04370652316577,14.244413529258326,8271.0,17.149788504603137,9.57676906439073,0.04834362229371359,73.31446540880503,-8498,1.1134656417151376,No,False
497,GAIL,2020,72518,63495,9022.0,12.44,3796,309,2080,10429,9.0,9515,14.0,31.0,575,4510.0,44758,6912,18754,74934,38230,11666,9893,15145,74934,Energy,13.120880333158663,12.44104911883946,19.31273849151579,6942.0,12.356710573157708,12.697840766541225,0.14029390273605585,41.48220064724919,-2981,0.9677582939653562,No,False
498,GAIL,2021,57372,50127,7245.0,12.63,2833,179,2174,7725,20.0,6143,9.0,36.0,576,4440.0,48742,7873,19975,81030,41160,13400,13058,13413,81030,Energy,10.70731367217458,12.628111273792095,11.550900680681433,5071.0,8.305626074850544,7.581142786622238,0.14803881012372608,56.30167597765363,-5185,0.7080340614587189,No,False
499,GAIL,2022,92770,77608,15161.0,16.34,2925,202,2420,15464,20.0,12304,18.0,36.0,577,4440.0,59674,9216,23254,96584,44572,15490,16408,20114,96584,Energy,13.262908267758974,16.342567640400993,19.19081635836167,12741.0,17.37488067639438,12.739170048869378,0.14374395607823565,89.53465346534654,-7192,0.9605110577321295,No,False
500,GAIL,2023,145668,138168,7500.0,5.15,2822,365,2702,7256,23.0,5596,9.0,59.0,578,6575.0,58352,17816,25062,107805,49697,16646,17248,24214,107805,Energy,3.841612433753467,5.14869429112777,8.61891046868021,4798.0,5.798677833774459,5.190853856500163,0.274400480539683,28.279452054794522,568,1.3512174759983304,No,False
501,GAIL,2024,133228,118914,14314.0,10.74,2672,719,3672,12595,21.0,9903,15.0,37.0,579,6575.0,70422,21794,25944,124735,55188,23627,21910,24010,124735,Energy,7.433122166511544,10.743987750322754,12.861540060002339,10642.0,10.772236337318176,7.939231170080571,0.28304998896060884,23.624478442280946,-116,1.0680883472962681,No,False
503,GODREJCP,2013,6412,5417,995.0,15.52,194,87,77,1025,17.0,845,8.0,22.0,581,34.0,3279,2456,1926,7695,4496,141,121,2937,7695,Consumer Staples,13.178415470991892,15.517779164067374,25.505584062782976,918.0,15.912636505460217,10.981156595191683,0.7413220645940235,13.666666666666666,2335,0.8332683560753736,No,False
504,GODREJCP,2014,7599,6430,1169.0,15.38,62,120,82,1030,20.0,819,7.0,24.0,582,34.0,3741,2373,2171,8320,5121,167,136,2895,8320,Consumer Staples,10.777733912356888,15.383603105671797,21.695364238410598,1087.0,17.680546519193232,9.84375,0.6286092715231788,10.258333333333333,2237,0.9133413461538461,No,False
505,GODREJCP,2015,8273,6894,1379.0,16.67,73,112,91,1249,22.0,976,9.0,21.0,583,34.0,4277,2717,2097,9125,5551,225,186,3164,9125,Consumer Staples,11.797413272089932,16.66868125226641,22.639758756668986,1288.0,18.326693227091635,10.695890410958905,0.6302482022732545,12.964285714285714,2531,0.9066301369863013,No,False
506,GODREJCP,2016,8424,6766,1657.0,19.67,-262,128,101,1167,29.0,831,8.0,24.0,584,34.0,4233,2891,2521,9679,5931,44,190,3514,9679,Consumer Staples,9.864672364672366,19.669990503323838,19.475041012420906,1556.0,21.737915618887957,8.585597685711335,0.67752519334427,10.8984375,2701,0.8703378448186796,No,False
507,GODREJCP,2017,9268,7361,1907.0,20.58,76,154,142,1687,22.0,1308,13.0,39.0,585,34.0,5268,4001,3637,12940,8083,97,934,3826,12940,Consumer Staples,14.113077255071213,20.576176089771256,24.669935873255376,1765.0,18.972374502848545,10.108191653786708,0.7546208977744248,12.876623376623376,3067,0.7162287480680062,No,False
508,GODREJCP,2018,9847,7763,2084.0,21.16,283,173,156,2039,20.0,1634,16.0,42.0,586,68.0,6190,3508,4098,13864,8315,84,997,4468,13864,Consumer Staples,16.593886462882097,21.163806235401644,26.110578459571748,1928.0,19.74196190866271,11.785920369301788,0.5605624800255673,13.68208092485549,2511,0.7102567801500288,No,False
509,GODREJCP,2019,10314,8183,2132.0,20.67,362,238,170,2085,-12.0,2342,23.0,44.0,587,102.0,7165,3382,3445,14094,8670,52,516,4855,14094,Consumer Staples,22.70700019391119,20.67093271281753,32.22787945507087,1962.0,18.424265189219646,16.617000141904356,0.4653914958029448,10.478991596638656,2866,0.7318007662835249,No,False
510,GODREJCP,2020,9911,7757,2154.0,21.73,32,228,197,1760,15.0,1497,15.0,55.0,588,102.0,7796,3575,3407,14880,9231,57,672,4920,14880,Consumer Staples,15.104429421854505,21.733427504792655,18.95416561154723,1957.0,17.057439205090212,10.060483870967742,0.45264623955431754,9.587719298245615,2903,0.6660618279569892,No,False
511,GODREJCP,2021,11029,8629,2399.0,21.75,23,138,204,2080,17.0,1721,17.0,0.0,589,102.0,9337,1864,2941,14244,8905,57,679,4602,14244,Consumer Staples,15.604315894460061,21.751745398494876,18.23286365081047,2195.0,19.41962310890914,12.082280258354395,0.1974785464561924,17.55072463768116,1185,0.7742909295141814,No,False
512,GODREJCP,2022,12276,9867,2409.0,19.62,78,122,210,2155,17.0,1783,17.0,0.0,590,102.0,11454,1704,2822,16082,9219,116,1015,5731,16082,Consumer Staples,14.524275008145976,19.623655913978492,15.429214260989962,2199.0,16.583710407239817,11.08692948638229,0.1474558670820353,20.385245901639344,689,0.7633378932968536,No,False
513,GODREJCP,2023,13316,10873,2443.0,18.35,114,188,236,2133,20.0,1702,17.0,0.0,591,102.0,13692,1130,2513,17437,9934,45,3029,4429,17437,Consumer Staples,12.781616100931211,18.34635025533193,12.338697984630999,2207.0,14.788260519967835,9.760853357802374,0.08191967522111063,13.601063829787234,-1899,0.7636634742214831,No,False
514,GODREJCP,2024,14096,11139,2957.0,20.98,-2209,310,241,198,99.0,-561,-5.0,,592,102.0,12496,3222,2571,18392,10440,83,3504,4365,18392,Consumer Staples,-3.9798524404086266,20.977582292849036,-4.45308779171297,2716.0,17.168141592920357,-3.050239234449761,0.2557548817272583,2.412903225806452,-282,0.7664201826881253,No,False
516,GRASIM,2013,27909,21986,5924.0,21.23,824,324,1252,5171,28.0,3778,57.0,8.0,594,92.0,19565,9550,14916,44123,20561,6084,8011,9467,44123,Industrials,13.536851911569745,21.226127772403167,19.219616421630974,4672.0,15.99616530283836,8.56242775876527,0.48583201912804597,20.82716049382716,1539,0.6325272533599257,No,False
517,GRASIM,2014,28331,23416,4915.0,17.35,576,447,1457,3586,20.0,2954,44.0,9.0,595,92.0,21523,9681,16441,47736,25209,4045,7611,10872,47736,Industrials,10.42674102573153,17.348487522501856,13.66643534582466,3458.0,11.049335378323107,6.1882017764370705,0.44788341429562806,12.284116331096197,2070,0.5934933802580862,No,False
518,GRASIM,2015,31734,26590,5144.0,16.21,530,667,1563,3443,30.0,2582,37.0,9.0,596,92.0,23048,11930,18963,54033,31828,2755,7255,12194,54033,Industrials,8.136383689418288,16.209743492783765,11.158167675021607,3581.0,10.211006558311947,4.778561249606722,0.5155574762316335,8.506746626686656,4675,0.5873077563711065,No,False
519,GRASIM,2016,34487,28576,5911.0,17.14,1320,718,1834,4679,26.0,3455,51.0,9.0,597,93.0,27336,12505,19642,59576,34271,1788,10601,12916,59576,Industrials,10.018267753066374,17.13979180560791,12.596157351708046,4077.0,10.209345419942906,5.799315160467302,0.45590433482810166,10.071030640668523,1904,0.5788740432388881,No,False
520,GRASIM,2017,36068,28682,7387.0,20.48,1076,702,1808,5952,29.0,4246,66.0,8.0,598,93.0,31294,9213,22147,62747,34786,1297,14200,12464,62747,Industrials,11.772208051458357,20.480758567150936,13.527893713958008,5579.0,13.74137931034483,6.766857379635679,0.29352916812693153,12.055555555555555,-4987,0.5748163258801218,No,False
521,GRASIM,2018,55894,44281,11612.0,20.78,410,3663,2724,5635,35.0,3688,39.0,15.0,599,131.0,57230,67070,83467,207899,69257,2290,65995,70356,207899,Industrials,6.598203742798869,20.775038465667155,6.429455553424801,8888.0,7.142914547018026,1.773938306581561,1.1692613448161644,3.282009282009282,1075,0.26885170202838876,No,False
522,GRASIM,2019,77200,60560,16640.0,21.55,-1846,6060,3571,5163,47.0,2745,25.0,27.0,600,132.0,57888,84487,98620,241127,87129,2766,62747,88484,241127,Industrials,3.5556994818652847,21.554404145077722,4.731127197518097,13069.0,9.17077757583838,1.1384042434070012,1.4561702861082386,2.441254125412541,21740,0.3201632334827705,No,False
523,GRASIM,2020,68252,57880,10373.0,15.2,7076,6890,4004,6554,-1.0,6639,65.0,6.0,601,132.0,56501,84777,102772,244181,87736,3904,66337,86204,244181,Industrials,9.727187481685519,15.19808943327668,11.722847103279006,6369.0,4.5039247577964785,2.718884761713647,1.4969540727137889,2.532510885341074,18440,0.27951396709817716,No,False
524,GRASIM,2021,76404,57769,18635.0,24.39,1130,5723,4033,10009,30.0,6987,63.0,14.0,602,132.0,65362,79078,122777,267349,85023,5769,88017,88540,267349,Industrials,9.144809172294645,24.39008428878069,10.668152807890799,14602.0,10.100157706886534,2.613437865860729,1.2074083122118056,3.4536082474226806,-8939,0.28578375082756996,No,False
525,GRASIM,2022,95701,75270,20431.0,21.35,1648,4776,4161,13143,15.0,11206,111.0,9.0,603,132.0,75567,74744,138706,289149,88996,6615,96766,96771,289149,Industrials,11.709386526786554,21.34878423422953,14.803365962562253,16270.0,10.81472717241746,3.8755105499240874,0.9873842454986196,4.622906197654942,-22022,0.3309746877907238,No,False
526,GRASIM,2023,117627,96038,21589.0,18.35,3733,6044,4552,14727,25.0,11078,100.0,10.0,604,132.0,78610,103039,155042,336823,94896,7778,105355,128793,336823,Industrials,9.417905752930874,18.353779319373952,14.068730791699474,17037.0,9.372266628525534,3.2889677961421873,1.3085646795864976,4.1896095301125085,-2316,0.34922496385341856,No,False
527,GRASIM,2024,130978,103783,27195.0,20.76,783,9277,5001,13700,28.0,9926,85.0,12.0,605,133.0,88520,137155,186309,412116,100494,18358,129306,163959,412116,Industrials,7.578371940325857,20.763028905617738,11.196462612658342,22194.0,9.828704031743781,2.4085451668947577,1.5470993649397087,3.015845639754231,7849,0.3178182841724175,No,False
532,HAL,2016,16758,14281,2478.0,14.79,1598,6,863,3207,38.0,1998,28.0,31.0,607,5.0,115,18,38,176,84,21,0,71,176,Industrials,11.92266380236305,14.786967418546364,1664.9999999999998,1615.0,1170.2898550724638,1135.2272727272727,0.15,679.3333333333334,18,95.2159090909091,No,False
533,HAL,2017,17950,14714,3236.0,18.03,1044,16,681,3583,27.0,2616,36.0,31.0,608,5.0,128,2,34,170,75,1,22,72,170,Industrials,14.573816155988858,18.027855153203344,1966.9172932330828,2555.0,1892.5925925925928,1538.8235294117646,0.015037593984962405,267.5,-20,105.58823529411765,No,False
534,HAL,2018,18519,15059,3460.0,18.68,761,35,947,3240,39.0,1987,30.0,54.0,609,5.0,125,3,33,166,66,1,24,74,166,Industrials,10.729521032453155,18.683514228630056,1528.4615384615386,2513.0,1889.4736842105265,1196.987951807229,0.023076923076923078,120.6,-21,111.56024096385542,No,False
535,HAL,2019,20008,15440,4569.0,22.84,376,177,1024,3742,37.0,2346,35.0,28.0,610,5.0,128,8,33,175,59,0,22,93,175,Industrials,11.72530987604958,22.835865653738505,1763.9097744360904,3545.0,2514.1843971631206,1340.5714285714287,0.06015037593984962,27.937853107344633,-14,114.33142857142857,No,False
536,HAL,2020,21445,16565,4880.0,22.76,415,359,998,3938,28.0,2842,42.0,39.0,611,5.0,133,2,33,173,50,0,18,104,173,Industrials,13.252506411750991,22.75588715318256,2059.4202898550725,3882.0,2772.8571428571427,1642.7745664739884,0.014492753623188406,14.749303621169917,-16,123.95953757225433,No,False
537,HAL,2021,22882,17541,5341.0,23.34,360,267,1157,4277,24.0,3239,48.0,31.0,612,5.0,139,6,36,186,45,0,17,124,186,Industrials,14.155231186085132,23.341491128397866,2249.3055555555557,4184.0,2789.3333333333335,1741.3978494623657,0.041666666666666664,21.352059925093634,-11,123.02150537634408,No,False
538,HAL,2022,24620,19200,5420.0,22.01,986,65,1110,5231,3.0,5086,76.0,26.0,613,5.0,148,12,36,202,45,1,29,127,202,Industrials,20.65800162469537,22.014622258326565,3324.183006535948,4310.0,2612.121212121212,2517.8217821782177,0.0784313725490196,98.55384615384615,-17,121.88118811881188,No,False
539,HAL,2023,26928,20258,6669.0,24.77,1672,64,1784,6493,10.0,5811,87.0,32.0,614,5.0,172,47,47,271,57,23,35,156,271,Industrials,21.57976827094474,24.766042780748663,3283.050847457627,4885.0,2180.8035714285716,2144.280442804428,0.2655367231638418,130.328125,12,99.36531365313652,No,False
540,HAL,2024,30381,20631,9749.0,32.09,1899,43,1406,10199,26.0,7595,114.0,31.0,615,5.0,194,123,127,450,240,9,43,158,450,Industrials,24.999177117277245,32.08913465652875,3816.5829145728644,8343.0,2590.993788819876,1687.7777777777776,0.6180904522613065,270.8837209302326,80,67.51333333333334,No,False
542,HAVELLS,2013,7135,6461,674.0,9.45,222,123,110,664,12.0,581,9.0,16.0,643,62.0,1380,982,2034,4458,1500,25,0,2933,4458,Industrials,8.142957252978276,9.446391030133146,40.29126213592233,564.0,23.26732673267327,13.032750112157917,0.680998613037448,7.284552845528455,982,1.6004934948407357,No,False
543,HAVELLS,2014,8051,7274,777.0,9.65,35,102,116,594,25.0,446,7.0,42.0,644,62.0,1604,1054,2613,5332,1600,44,0,3688,5332,Industrials,5.539684511240839,9.650975034157247,26.770708283313326,661.0,24.301470588235293,8.364591147786946,0.6326530612244898,7.96078431372549,1054,1.5099399849962492,No,False
544,HAVELLS,2015,8468,7713,755.0,8.92,48,96,139,569,32.0,385,6.0,49.0,645,62.0,1756,424,2546,4788,1541,38,0,3209,4788,Industrials,4.546528105810109,8.915918752952292,21.177117711771174,616.0,27.475468331846564,8.04093567251462,0.23322332233223322,8.364583333333334,424,1.7685881370091896,No,False
545,HAVELLS,2016,7594,6798,796.0,10.48,949,91,134,1520,14.0,1300,21.0,29.0,646,62.0,2965,134,1225,4387,1224,20,189,2954,4387,Industrials,17.118777982617857,10.481959441664472,42.94681202510737,662.0,20.942739639354635,29.63300661043994,0.04426825239511067,19.175824175824175,-55,1.7310234784590837,No,False
546,HAVELLS,2017,6130,5315,815.0,13.3,42,13,121,723,32.0,494,8.0,44.0,647,62.0,3214,208,1683,5168,1300,12,162,3694,5168,Industrials,8.05872756933116,13.295269168026099,15.079365079365079,694.0,19.91963260619977,9.558823529411764,0.06349206349206349,65.92307692307692,46,1.1861455108359134,No,False
547,HAVELLS,2018,8116,7083,1033.0,12.73,97,25,140,965,31.0,661,11.0,4.0,648,63.0,3667,115,2763,6608,2819,24,0,3765,6608,Industrials,8.144406111384919,12.727944800394283,17.721179624664877,893.0,23.224967490247074,10.003026634382566,0.030831099195710455,45.2,115,1.2282082324455206,No,False
548,HAVELLS,2019,10073,8885,1189.0,11.8,124,16,149,1147,31.0,788,13.0,36.0,649,63.0,4135,94,2856,7148,2904,233,0,4012,7148,Industrials,7.822892881961679,11.803832026208678,18.770843258694615,1040.0,24.231127679403542,11.024062674874092,0.022391615054787994,82.0625,94,1.409205372132065,No,False
549,HAVELLS,2020,9440,8374,1067.0,11.3,107,51,218,904,19.0,735,12.0,34.0,650,63.0,4249,72,2690,7073,3350,86,0,3638,7073,Industrials,7.786016949152542,11.302966101694915,17.045454545454543,849.0,19.365875912408757,10.39163014279655,0.016697588126159554,23.019607843137255,72,1.3346529054149583,No,False
550,HAVELLS,2021,10457,8868,1589.0,15.2,187,90,249,1438,27.0,1044,17.0,39.0,651,63.0,5114,521,3155,8852,3290,90,306,5166,8852,Industrials,9.983742947308023,15.195562780912308,20.166119374154917,1340.0,23.517023517023517,11.793944871215544,0.10063743480780375,19.733333333333334,215,1.1813149570718482,No,False
551,HAVELLS,2022,13938,12163,1775.0,12.73,159,67,261,1607,26.0,1196,19.0,39.0,652,63.0,5940,616,3904,10523,3434,57,426,6606,10523,Industrials,8.58085808580858,12.73496914908882,19.923371647509576,1514.0,22.87354585284786,11.365580157749692,0.10261535898717308,28.865671641791046,190,1.324527226076214,No,False
552,HAVELLS,2023,16911,15290,1621.0,9.59,178,55,296,1447,26.0,1072,17.0,44.0,653,63.0,6563,223,4309,11157,3621,166,201,7170,11157,Industrials,6.3390692448702035,9.58547690852108,16.178690009055238,1325.0,19.345889910935902,9.608317648113292,0.03365529731361304,32.70909090909091,22,1.5157300349556333,No,False
553,HAVELLS,2024,18590,16709,1881.0,10.12,249,84,338,1707,26.0,1271,20.0,44.0,654,63.0,7384,303,4683,12433,3988,299,20,8126,12433,Industrials,6.837009144701453,10.118343195266272,17.067275412917954,1543.0,19.90967741935484,10.222794176787582,0.040687525177924,25.357142857142858,283,1.4952143489101584,No,False
555,HCLTECH,2013,25581,19901,5680.0,22.2,332,106,637,5270,23.0,4040,14.0,21.0,630,139.0,13025,1044,8191,22399,6753,494,713,14440,22399,Information Technology,15.792971345920801,22.203979516047063,30.689759951382555,5043.0,35.49408783783784,18.036519487477122,0.07930720145852324,56.716981132075475,331,1.1420599133889906,No,False
556,HCLTECH,2014,32144,24108,8035.0,25.0,677,114,681,7917,18.0,6528,23.0,11.0,631,140.0,19410,1018,9412,29980,7444,531,662,21343,29980,Information Technology,20.3086112493778,24.99688899950224,33.39130434782609,7354.0,35.754570206145466,21.774516344229486,0.05207161125319693,76.42105263157895,356,1.0721814543028685,No,False
557,HCLTECH,2015,36701,28215,8486.0,23.12,1126,91,404,9117,20.0,7342,26.0,58.0,632,281.0,23943,648,10372,35245,8275,552,869,25548,35245,Information Technology,20.004904498515028,23.121985776954308,30.30878467635403,8082.0,32.49437118044387,20.831323591998867,0.026750330250990752,105.62637362637362,-221,1.0413108242303872,No,False
558,HCLTECH,2016,31136,24482,6654.0,21.37,871,74,410,7041,20.0,5602,20.0,40.0,633,282.0,27109,1090,10859,39341,9716,611,698,28315,39341,Information Technology,17.992034943473794,21.3707605344296,20.451973275893543,6244.0,21.923387521505568,14.239597366614982,0.03979409295023913,101.6891891891892,392,0.7914389568135024,No,False
559,HCLTECH,2017,47568,37178,10390.0,21.84,1069,89,828,10542,18.0,8606,30.0,40.0,634,285.0,32664,582,12231,45762,15235,448,1306,28773,45762,Information Technology,18.091994618230743,21.84241506895392,26.119153843819237,9562.0,28.516894813754433,18.805996241423014,0.01766366202312665,128.75280898876406,-724,1.039465058345352,No,False
560,HCLTECH,2018,50569,39323,11246.0,22.24,1230,69,1383,11024,21.0,8722,31.0,19.0,635,278.0,36108,557,11046,47989,18753,320,2660,26256,47989,Information Technology,17.24772093575115,22.238921078130872,23.97075798383994,9863.0,26.69788593238232,18.174998437141845,0.015308085527400648,180.81159420289856,-2103,1.0537623205317885,No,False
561,HCLTECH,2019,60427,46501,13926.0,23.05,943,174,2073,12622,20.0,10120,37.0,11.0,636,271.0,41095,4195,12788,58349,22888,235,2305,32921,58349,Information Technology,16.747480430933194,23.04598937561024,24.46453609244307,11853.0,26.015671297820504,17.343913348986273,0.10141178745829908,85.45402298850574,1890,1.035613292430033,No,False
562,HCLTECH,2020,70676,53360,17316.0,24.5,589,505,3420,13980,21.0,11057,41.0,25.0,637,543.0,50724,7986,23566,82819,37490,400,7066,37863,82819,Information Technology,15.644631841077594,24.50053766483672,21.56748005539626,13896.0,23.45197711508278,13.350801144664873,0.15577271929311254,35.45544554455446,920,0.8533790555307357,No,False
563,HCLTECH,2021,75379,55331,20048.0,26.6,927,511,4611,15853,30.0,11169,41.0,24.0,638,543.0,59370,6864,19270,86047,37145,312,6862,41728,86047,Information Technology,14.817124132716009,26.596266864776663,18.64203094487006,15437.0,23.11724096620094,12.980115518263274,0.11456612087526914,41.04696673189824,2,0.8760212442037492,No,False
564,HCLTECH,2022,85651,65122,20529.0,23.97,1067,319,4326,16951,20.0,13523,50.0,84.0,639,543.0,61371,6343,20664,88921,35077,129,6351,47364,88921,Information Technology,15.78849050215409,23.96819651842944,21.841586717059148,16203.0,23.73822465095155,15.207881152933503,0.10244855767677746,67.69905956112852,-8,0.9632257846852824,No,False
565,HCLTECH,2023,101456,78828,22628.0,22.3,1358,353,4145,19488,24.0,14845,55.0,88.0,640,543.0,64862,4794,23051,93250,34619,40,5495,53096,93250,Information Technology,14.631958681595963,22.303264469326606,22.697041510587876,18483.0,26.329434892234932,15.919571045576408,0.07329714853604465,67.94900849858357,-701,1.088,No,False
566,HCLTECH,2024,109913,85715,24198.0,22.02,1495,553,4173,20967,25.0,15710,58.0,90.0,641,543.0,67720,5758,24985,99006,35063,108,7137,56698,99006,Information Technology,14.293122742532729,22.015594151738192,23.01393141233172,20025.0,27.05313357020305,15.867725188372422,0.08435023365512796,46.46112115732369,-1379,1.1101650405025958,No,False
568,HDFCBANK,2013,35861,19695,12631.0,35.22,10,7133,663,10004,31.0,6903,14.0,19.0,656,476.0,36167,335588,35492,407723,2773,0,110960,293989,407723,Financials,19.249323777920306,35.22210758205293,18.838523046693776,11968.0,3.2152077607722087,1.6930612204854767,9.158311273640258,1.7721856161502874,224628,0.08795432192934909,No,False
569,HDFCBANK,2014,42555,23445,13508.0,31.74,13,8298,689,13211,34.0,8768,18.0,19.0,657,480.0,43687,416677,42776,503620,3026,0,119571,381023,503620,Financials,20.60392433321584,31.742450945834804,19.851925645844183,12819.0,2.781635434116534,1.7409951947897222,9.434125025471506,1.6294287780187997,297106,0.08449823279456734,No,False
570,HDFCBANK,2015,50666,27288,16164.0,31.9,14,9546,680,16079,33.0,10703,21.0,19.0,658,501.0,62653,509762,34181,607097,3225,0,149454,454417,607097,Financials,21.12462006079027,31.903051355938892,16.947461760141874,15484.0,2.702664963101048,1.7629802156821726,8.071729423314437,1.6947412528807877,360308,0.08345618574955897,No,False
571,HDFCBANK,2016,63162,34070,20055.0,31.75,14,11212,738,19511,34.0,12821,25.0,19.0,659,506.0,73798,649587,38321,762212,3667,0,193634,564912,762212,Financials,20.298597257844907,31.751686140400874,17.25479112833764,19317.0,2.668495671309631,1.6820779520658296,8.742288436692506,1.7899571887263646,455953,0.08286670899959592,No,False
572,HDFCBANK,2017,73271,38042,23856.0,32.56,16,12905,886,23393,35.0,15317,30.0,18.0,660,513.0,91281,741550,59000,892344,4000,0,210777,677567,892344,Financials,20.904587080836894,32.558583887213224,16.686275791446064,22970.0,2.7563647185316027,1.7164905014209766,8.078414711201168,1.849825648973266,530773,0.08211071066763491,No,False
573,HDFCBANK,2018,85288,42381,29532.0,34.63,16,16057,967,28464,35.0,18561,36.0,18.0,661,519.0,109080,944817,48770,1103186,4008,0,238461,860717,1103186,Financials,21.76273332708001,34.62620767282619,16.935373497933377,28565.0,2.7090825632387974,1.6824905319683174,8.620671721457313,1.840194307778539,706356,0.07731062576936255,No,False
574,HDFCBANK,2019,105161,53713,34856.0,33.15,16,18947,1221,34318,35.0,22446,41.0,18.0,662,545.0,153128,1080235,58898,1292806,4369,0,289446,998991,1292806,Financials,21.34441475451926,33.145367579235646,14.60633943503413,33635.0,2.72589204381526,1.7362233776761555,7.02943913374503,1.8405024542143875,790789,0.0813432177759076,No,False
575,HDFCBANK,2020,122189,62137,45459.0,37.2,12,24879,1277,38195,29.0,27296,50.0,5.0,663,548.0,175810,1333041,71430,1580830,4776,0,389305,1186750,1580830,Financials,22.339163099788035,37.203839952859916,15.477608047267491,44182.0,2.9271252995397505,1.726687879152091,7.558721464294219,1.8276860002411672,943736,0.07729420620813117,No,False
576,HDFCBANK,2021,128552,59248,52457.0,40.81,13,27333,1385,42796,26.0,31857,58.0,11.0,664,551.0,209259,1511418,78279,1799507,5248,0,438823,1355435,1799507,Financials,24.78141141328023,40.80605513722074,15.183737667413375,51072.0,2.967183894289426,1.7703182038191572,7.20374624660407,1.9196575567994731,1072595,0.0714373436724614,No,False
577,HDFCBANK,2022,135936,58584,56557.0,41.61,15,31759,1681,50873,25.0,38151,69.0,23.0,665,555.0,246772,1784970,90639,2122934,6432,0,449264,1667238,2122934,Financials,28.06541313559322,41.60560852165725,15.425327602728373,54876.0,2.70019588672325,1.7970883692097823,7.217044641304831,1.7812903428949274,1335706,0.06403213665615605,No,False
578,HDFCBANK,2023,170754,77780,63042.0,36.92,18,33912,2345,61498,25.0,46149,82.0,23.0,666,558.0,288880,2139212,101783,2530432,8431,0,511582,2010419,2530432,Financials,27.026599669700268,36.91977933167012,15.944347321360706,60697.0,2.4992073785848103,1.8237597374677526,7.39091618930479,1.859518754423213,1627630,0.06748017729778946,No,False
579,HDFCBANK,2024,283649,154139,174196.0,61.41,-16,124346,3092,76569,15.0,65446,84.0,23.0,667,760.0,455636,3107503,466296,4030194,12604,0,1005682,3011909,4030194,Financials,23.07288232992184,61.41252040373843,14.33974005030719,171104.0,4.801033923800871,1.6238920508541275,6.808786667718385,1.4007688224792112,2101821,0.07038097917866981,No,False
581,HDFCLIFE,2013,14060,15,13535.0,96.27,4,28,35,502,11.0,447,2.0,0.0,668,1995.0,-658,0,40581,41918,252,29,40404,1232,41918,Financials,3.1792318634423897,96.26600284495022,33.43305908750935,13500.0,1009.7232610321615,1.0663676702132736,0.0,483.5357142857143,-40404,0.33541676606708337,Yes,False
582,HDFCLIFE,2014,17166,11,16561.0,96.48,4,241,41,794,9.0,725,4.0,14.0,669,1995.0,-67,0,50347,52275,279,10,50527,1458,52275,Financials,4.223464988931609,96.47559128509845,37.60373443983403,16520.0,856.8464730290456,1.3868962219033953,0.0,68.7344398340249,-50527,0.3283787661406026,Yes,False
583,HDFCLIFE,2015,27215,-14,26341.0,96.79,3,79,43,924,15.0,786,4.0,18.0,670,1995.0,546,0,66767,69309,346,6,67024,1932,69309,Financials,2.8881131728826013,96.78853573397024,30.932703659976386,26298.0,1034.9468713105077,1.1340518547374798,0.0,333.46835443037975,-67024,0.3926618476676911,Yes,False
584,HDFCLIFE,2016,18141,8,17187.0,94.74,5,108,45,1008,19.0,817,4.0,22.0,671,1995.0,1108,0,73441,76544,335,12,74144,2053,76544,Financials,4.503610605810043,94.74119398048619,26.32935868514341,17142.0,552.4331292297776,1.067359949832776,0.0,159.1851851851852,-74144,0.23700094063545152,Yes,False
585,HDFCLIFE,2017,30647,9,29674.0,96.83,3,139,41,1061,16.0,887,4.0,25.0,672,1998.0,1828,0,91270,95097,337,16,91723,3020,95097,Financials,2.8942473977877117,96.82513786014944,23.183481442760062,29633.0,774.5164662833246,0.9327318422242553,0.0,213.50359712230215,-91723,0.32227094440413473,Yes,False
586,HDFCLIFE,2018,32260,11,31186.0,96.67,3,282,44,1300,15.0,1107,6.0,25.0,673,2012.0,2693,0,105778,110483,336,5,106590,3551,110483,Financials,3.4314941103533787,96.67079975201489,23.52816153028693,31142.0,661.8916046758767,1.0019641030746813,0.0,110.59929078014184,-106590,0.2919906229917725,Yes,False
587,HDFCLIFE,2019,38855,14,37640.0,96.87,3,136,45,1291,1.0,1278,6.0,26.0,674,2017.0,3625,0,124378,130020,370,10,124958,4682,130020,Financials,3.289151975292755,96.87298931926392,22.651542006380716,37595.0,666.3417227933356,0.9829257037378865,0.0,276.7867647058824,-124958,0.2988386402091986,Yes,False
588,HDFCLIFE,2020,29380,0,28239.0,96.12,4,369,47,1463,11.0,1297,6.0,0.0,675,2019.0,4788,0,125417,132224,322,8,127256,4637,132224,Financials,4.414567733151804,96.11640571817563,19.05391508741002,28192.0,414.1618921698252,0.9809111810261374,0.0,76.53929539295393,-127256,0.2221986931268151,Yes,False
589,HDFCLIFE,2021,71528,0,70294.0,98.27,2,445,51,1629,16.0,1361,7.0,30.0,676,2021.0,6619,600,170415,179655,585,14,173564,5493,179655,Financials,1.9027513700928307,98.27480147634493,15.752314814814813,70243.0,760.2056277056276,0.7575631070663216,0.06944444444444445,157.9685393258427,-172964,0.3981408811332832,No,False
590,HDFCLIFE,2022,67126,0,66348.0,98.84,1,766,56,1487,11.0,1327,6.0,27.0,677,2113.0,13501,600,214521,230734,6605,20,216551,7559,230734,Financials,1.976879301611894,98.84098560915294,8.498783143332906,66292.0,408.85654372764276,0.5751211351599678,0.038427052645062125,86.61749347258485,-215951,0.2909237476921477,No,False
591,HDFCLIFE,2023,70207,0,70127.0,99.89,0,1437,76,1441,5.0,1368,6.0,30.0,678,2149.0,10844,950,234126,248069,997,31,238197,8844,248069,Financials,1.9485236514877435,99.88605124845101,10.528746247979681,70051.0,502.4098113748835,0.5514594729692142,0.07311629338874778,48.80097425191371,-237247,0.28301400013705863,No,False
592,HDFCLIFE,2024,101482,0,100951.0,99.48,1,525,79,977,-61.0,1574,7.0,27.0,679,2151.0,12515,950,287071,302687,1549,28,291128,9982,302687,Financials,1.5510139729213062,99.47675449833469,10.732306013909723,100872.0,645.952868852459,0.5200091183301563,0.06477567162143734,192.2895238095238,-290178,0.33527042786773137,No,False
594,HEROMOTOCO,2014,25275,12,21722.0,85.94,14,430,1107,2864,26.0,2102,105.0,62.0,681,40.0,5583,284,4215,10122,2247,855,4106,2914,10122,Consumer Discretionary,8.316518298714143,85.94263105835806,37.38218033078428,20615.0,348.9927205011004,20.766646907725747,0.050506846878890274,50.54883720930233,-3822,2.497036158861885,No,False
595,HEROMOTOCO,2015,27538,12,24018.0,87.22,13,325,540,3292,29.0,2364,118.0,51.0,682,40.0,6500,100,4014,10654,2952,719,3118,3864,10654,Consumer Discretionary,8.584501416224853,87.21766286585809,36.14678899082569,23478.0,353.58433734939763,22.18884925849446,0.01529051987767584,73.94153846153846,-3018,2.5847568988173455,No,False
596,HEROMOTOCO,2016,28457,15,24033.0,84.45,16,421,443,4387,29.0,3112,157.0,46.0,683,40.0,8794,232,3829,12896,3784,653,4501,3958,12896,Consumer Discretionary,10.935797870471237,84.45373721755631,35.22752999773602,23590.0,260.2029560997132,24.13151364764268,0.026262168892913742,57.12351543942993,-4269,2.2066532258064515,No,False
597,HEROMOTOCO,2017,28610,27,24025.0,83.97,16,830,502,4885,27.0,3546,179.0,47.0,684,40.0,10276,261,4736,15312,4599,581,6066,4066,15312,Consumer Discretionary,12.394267738552953,83.9741349178609,34.373788290034895,23523.0,222.39765528977972,23.15830721003135,0.025300504071345483,28.965060240963854,-5805,1.8684691745036572,No,False
598,HEROMOTOCO,2018,32458,31,27124.0,83.57,16,564,575,5292,30.0,3722,186.0,51.0,685,40.0,11932,228,5197,17397,4961,355,7669,4411,17397,Consumer Discretionary,11.467126748413333,83.56645511122065,31.089208152355496,26549.0,217.61475409836066,21.39449330344312,0.019044437019712663,48.12056737588652,-7441,1.8657239753980572,No,False
599,HEROMOTOCO,2019,33971,37,28946.0,85.21,15,741,624,5104,32.0,3466,172.0,50.0,686,40.0,13080,312,5072,18504,4952,573,6114,6865,18504,Consumer Discretionary,10.202820052397634,85.2079715051073,26.417682926829265,28322.0,210.85467540202504,18.731085170773888,0.02378048780487805,39.08367071524966,-5802,1.8358733246865542,No,False
600,HEROMOTOCO,2020,29254,47,25184.0,86.09,14,1434,846,4611,21.0,3659,182.0,49.0,687,40.0,14366,453,4815,19674,6473,391,8359,4451,19674,Consumer Discretionary,12.50769125589663,86.0873726669857,25.39913924753575,24338.0,163.79298741503464,18.598149842431635,0.031445231153685964,17.571827057182706,-7906,1.4869370743112738,No,False
601,HEROMOTOCO,2021,30959,46,26902.0,86.9,13,553,715,3849,24.0,2936,146.0,72.0,688,40.0,15376,584,7096,23096,6380,495,10582,5639,23096,Consumer Discretionary,9.483510449303918,86.89557156238897,19.045147898287492,26187.0,163.66875000000002,12.712157949428473,0.03788271925272444,48.67088607594937,-9998,1.3404485625216487,No,False
602,HEROMOTOCO,2022,29551,53,26295.0,88.98,11,545,690,3058,24.0,2329,116.0,82.0,689,40.0,15807,605,6027,22478,6194,517,10528,5240,22478,Consumer Discretionary,7.881289973266556,88.98176034651958,14.696788035590332,25605.0,155.63457330415756,10.361242103389982,0.038177573042216195,48.26788990825688,-9923,1.314663226265682,No,False
603,HEROMOTOCO,2023,34158,105,30060.0,88.0,12,567,697,3864,28.0,2800,141.0,71.0,690,40.0,16616,568,6694,23917,6159,454,10891,6413,23917,Consumer Discretionary,8.197201241290474,88.00281046899701,16.810758885686838,29363.0,170.47724105898746,11.707153907262617,0.034101825168107586,53.03703703703704,-10323,1.4281891541581302,No,False
604,HEROMOTOCO,2024,37789,76,32554.0,86.15,14,689,757,5090,26.0,3742,187.0,75.0,691,40.0,17659,606,7847,26153,6232,484,12751,6685,26153,Consumer Discretionary,9.902352536452407,86.14676228532112,21.14243742584327,31797.0,173.7066375307293,14.308109968263679,0.03423922255494661,47.268505079825836,-12145,1.4449202768324858,No,False
606,HINDALCO,2013,80193,2079,72494.0,90.4,10,1111,2822,3909,23.0,3007,16.0,6.0,693,191.0,35139,56951,28309,120590,37929,33834,12601,36226,120590,Materials,3.749703839487237,90.39941141994937,8.511180300028306,69672.0,75.49983203476339,2.493573264781491,1.6119728276252476,65.26012601260126,44350,0.665005390165022,No,False
607,HINDALCO,2014,87695,2702,79671.0,90.85,9,677,3347,2653,20.0,2195,11.0,9.0,694,206.0,40398,64756,32621,137982,61163,23059,12961,40798,137982,Materials,2.5029933291521753,90.85010547921775,5.405871342724855,76324.0,72.44115413819287,1.5907872041280746,1.5948182445079302,117.69571639586411,51795,0.6355539128292096,No,False
608,HINDALCO,2015,104281,4178,95437.0,91.52,8,-832,3493,340,75.0,259,4.0,24.0,695,207.0,38122,68468,34950,141746,71959,14111,12346,43330,141746,Materials,0.248367391950595,91.51906867022755,0.6757285606198962,91944.0,86.09230596365066,0.18272120553666418,1.7863236713715462,,56122,0.7356891905238948,No,False
609,HINDALCO,2016,98759,5134,90981.0,92.12,8,1500,4347,-203,99.0,-702,-1.0,-82.0,696,207.0,40402,67552,32986,141146,85648,4214,12463,38821,141146,Materials,-0.7108212922366569,92.12426209256877,-1.7286808342978157,86634.0,80.09726241436377,-0.4973573462939084,1.663473614223448,60.659333333333336,55089,0.6996939339407422,No,False
610,HINDALCO,2017,100184,5742,87867.0,87.71,12,1198,4457,3315,43.0,1882,8.0,13.0,697,223.0,45836,63817,36268,146144,84687,1814,15157,44486,146144,Materials,1.8785434799968057,87.70562165615267,4.086063527215094,83410.0,75.91284720958171,1.2877709656229472,1.3855489697996048,73.35475792988314,48660,0.685515655791548,No,False
611,HINDALCO,2018,115183,3911,101488.0,88.11,12,2879,4506,8157,25.0,6083,27.0,4.0,698,223.0,54629,52074,40088,147014,85088,2063,10781,49081,147014,Materials,5.281161282480921,88.1102245991162,11.089841755997957,96982.0,90.70011035669529,4.137701171317017,0.9493546269962809,35.2552969781174,41293,0.7834832056810916,No,False
612,HINDALCO,2019,130542,3778,115031.0,88.12,12,1127,4777,8083,32.0,5495,24.0,5.0,699,222.0,57279,52415,42056,151972,85860,4097,9012,53003,151972,Materials,4.209373228539474,88.11800033705627,9.556355541642754,110254.0,100.30750755122094,3.6157976469349618,0.9115493643588807,102.07897071872227,43403,0.858987181849288,No,False
613,HINDALCO,2020,118144,4197,103838.0,87.89,12,906,5091,5924,36.0,3767,17.0,6.0,700,222.0,58095,68399,41902,168618,89195,7721,9411,62291,168618,Materials,3.188481852654388,87.89104821235102,6.459522952140885,98747.0,77.92780706461694,2.2340438150138184,1.172882692868289,114.62472406181016,58988,0.7006606649349417,No,False
614,HINDALCO,2021,132008,3738,114449.0,86.7,13,-987,6628,6206,44.0,3483,16.0,19.0,701,222.0,66311,67206,55083,188822,100269,10202,17133,61218,188822,Materials,2.6384764559723655,86.69853342221684,5.234996167315468,107821.0,80.62046224362376,1.8445943798921738,1.010115281138683,,50073,0.6991134507631526,No,False
615,HINDALCO,2022,195059,3768,166712.0,85.47,15,1253,6729,19103,28.0,13730,61.0,6.0,702,222.0,77969,64486,79178,221855,106874,4945,14119,95917,221855,Materials,7.038895923797416,85.46747394378112,17.559565678914453,159983.0,112.1294952935652,6.188726871154583,0.8247240731030425,133.06225059856345,50367,0.8792184084199139,No,False
616,HINDALCO,2023,223202,3646,200536.0,89.85,10,1307,7086,13241,24.0,10097,45.0,7.0,703,222.0,94584,60291,68392,223489,110626,7700,14116,91047,223489,Materials,4.523704984722359,89.84507307282192,10.650169820475497,193450.0,124.72839577812596,4.517895735360577,0.6359407632428328,153.43993879112472,46175,0.9987158204654368,No,False
617,HINDALCO,2024,215962,3858,192090.0,88.95,11,1519,7521,14012,28.0,10155,45.0,8.0,704,222.0,105924,56356,68221,230723,111810,14867,15444,88602,230723,Materials,4.702216130615571,88.94620349876368,9.567011474761177,184569.0,113.57952517507476,4.401381743475944,0.5309290976579428,126.46543778801843,40912,0.9360228499109322,No,False
619,HINDUNILVR,2013,27004,26,22784.0,84.37,16,1123,251,5066,24.0,3839,18.0,104.0,706,216.0,2649,25,9202,12092,2431,222,2252,7186,12092,Consumer Staples,14.216412383350615,84.37268552806991,133.99650959860384,22533.0,779.6885813148789,31.74826331458816,0.008726003490401396,20.302760463045413,-2227,2.2332120410188554,No,False
620,HINDUNILVR,2014,29234,41,24475.0,83.72,16,792,296,5215,24.0,3956,18.0,71.0,707,216.0,3321,46,10171,13754,2746,373,2838,7797,13754,Consumer Staples,13.532188547581583,83.72100978312923,111.84619734238055,24179.0,674.8255651688529,28.762541806020064,0.013005371783997738,30.9229797979798,-2792,2.125490766322524,No,False
621,HINDUNILVR,2015,31972,18,26560.0,83.07,17,1247,322,6320,31.0,4376,20.0,74.0,708,216.0,3811,43,10359,14430,2821,516,3025,8067,14430,Consumer Staples,13.68697610409108,83.07268860252721,108.66650111745717,26238.0,644.6683046683047,30.325710325710325,0.010677924012912838,21.312750601443465,-2982,2.2156618156618157,No,False
622,HINDUNILVR,2016,32186,17,26276.0,81.64,18,486,353,6026,31.0,4151,19.0,83.0,709,216.0,6357,177,8043,14793,3258,408,2592,8535,14793,Consumer Staples,12.896911700739452,81.63797924563475,63.15228966986155,25923.0,384.0444444444445,28.06056918812952,0.026928343222272933,54.10288065843621,-2415,2.175758804840127,No,False
623,HINDUNILVR,2017,33162,35,26834.0,80.92,19,606,432,6467,31.0,4490,21.0,82.0,710,216.0,6528,277,8685,15706,4419,229,3794,7264,15706,Consumer Staples,13.539593510644716,80.91791809902901,66.57769869513642,26402.0,376.04329867540235,28.587800840443144,0.041073546856465006,44.31188118811881,-3517,2.111422386349166,No,False
624,HINDUNILVR,2018,35545,26,28046.0,78.9,21,353,520,7306,28.0,5227,24.0,83.0,711,216.0,7065,0,10581,17862,4528,461,2873,10000,17862,Consumer Staples,14.705303136868759,78.90279926853285,71.78958934212334,27526.0,378.0524653206977,29.26324039861158,0.0,79.5099150141643,-2873,1.989978725786586,Yes,False
625,HINDUNILVR,2019,39310,33,30430.0,77.41,23,322,565,8604,30.0,6060,28.0,78.0,712,216.0,7651,99,10663,18629,4715,406,2716,10792,18629,Consumer Staples,15.41592470109387,77.41032816077335,77.03063429515699,29865.0,374.9058498619131,32.52992645874711,0.01258421253336723,94.57453416149069,-2617,2.1101508400880347,No,False
626,HINDUNILVR,2020,39783,118,29922.0,75.21,25,424,1002,9165,26.0,6756,31.0,80.0,713,216.0,8013,0,11924,20153,5479,597,1255,12822,20153,Consumer Staples,16.982128044642185,75.21303069150139,82.09989063069631,28920.0,351.4400291651476,33.52354488165534,0.0,70.62971698113208,-1255,1.974048528755024,Yes,False
627,HINDUNILVR,2021,47028,117,35402.0,75.28,25,170,1074,10605,25.0,7999,34.0,119.0,714,235.0,47439,0,21066,68740,51443,745,2709,13843,68740,Consumer Staples,17.00901590541805,75.27855745513311,16.778537567646936,34328.0,72.00570541594999,11.636601687518185,0.0,208.39411764705883,-2709,0.6841431480942682,Yes,False
628,HINDUNILVR,2022,52446,106,39589.0,75.49,25,219,1091,11879,25.0,8892,38.0,90.0,715,235.0,48826,1043,20402,70506,51473,1313,3521,14199,70506,Consumer Staples,16.954581855622926,75.48526103039318,18.12437577709382,38498.0,76.83618074405237,12.611692621904519,0.02125924869040582,180.88584474885846,-2478,0.7438515870989703,No,False
629,HINDUNILVR,2023,60580,114,46433.0,76.65,23,448,1137,13344,24.0,10143,43.0,91.0,716,235.0,50069,1219,21554,73077,52678,1132,2882,16385,73077,Consumer Staples,16.743149554308353,76.64740838560581,20.16340648854962,45296.0,87.91413543466024,13.879880126441973,0.024232665394402036,103.69642857142857,-1663,0.8289886010646305,No,False
630,HINDUNILVR,2024,61896,334,47237.0,76.32,24,817,1216,13926,26.0,10282,44.0,96.0,717,235.0,50983,1484,25787,78489,53744,1025,4625,19095,78489,Consumer Staples,16.611735814915342,76.31672482874498,20.074973642078955,46021.0,87.32306174338734,13.099924830230988,0.028974188761763442,57.847001223990205,-3141,0.7885945801322478,No,False
632,ICICIBANK,2013,44885,28285,31684.0,70.59,-34,29320,625,13610,26.0,10130,15.0,24.0,719,1154.0,67609,487659,118401,674822,5473,0,255667,413682,674822,Financials,22.568786899855187,70.58928372507519,14.731759812689965,31059.0,5.581914446229661,1.5011365960208765,7.091880807992671,1.079467939972715,231992,0.06651383624126066,No,False
633,ICICIBANK,2014,49479,29711,32852.0,66.4,-26,30085,719,16282,28.0,11677,17.0,24.0,720,1155.0,75275,543055,128278,747762,5507,0,267609,474646,747762,Financials,23.599911073384668,66.39584470179268,15.278032186314276,32133.0,5.187050533911233,1.5615931272249726,7.1052597147716865,1.0911085258434436,275446,0.06616944963771895,No,False
634,ICICIBANK,2015,54964,32318,38766.0,70.53,-29,35252,798,18334,29.0,12942,19.0,24.0,721,1160.0,83545,597207,144167,826079,5871,0,274311,545897,826079,Financials,23.546321228440434,70.52980132450331,15.278909155303703,37968.0,5.567873860556787,1.5666782474799628,7.050433858686028,1.0988596391694088,322896,0.06653600926787874,No,False
635,ICICIBANK,2016,59294,33996,52252.0,88.12,-45,42102,843,14304,24.0,10927,16.0,29.0,722,1163.0,92948,671455,153190,918756,8713,0,286044,623999,918756,Financials,18.428508786723782,88.12358754680069,11.610757509749126,51409.0,6.715162376594572,1.1893255663092268,7.1347132641242785,1.2400123509571992,385411,0.06453726560697291,No,False
636,ICICIBANK,2017,60940,34836,63841.0,104.76,-62,52458,912,13809,18.0,11340,16.0,14.0,723,1165.0,103467,700874,180219,985725,9338,0,304373,672013,985725,Financials,18.608467344929437,104.76042008532984,10.837984555394144,62929.0,7.812356456686853,1.1504222780187172,6.698467008181054,1.2158107438331618,396501,0.06182251642192295,No,False
637,ICICIBANK,2018,62162,34262,72806.0,117.12,-72,56807,922,10978,17.0,9100,12.0,12.0,724,1286.0,109344,815198,198453,1124281,9465,0,372208,742608,1124281,Financials,14.63916862391815,117.12300119043788,8.225616921269095,71884.0,7.764293151643718,0.8094061893779224,7.368688420862334,1.280370376890172,442990,0.05529044785067078,No,False
638,ICICIBANK,2019,71982,39178,83775.0,116.38,-71,59325,946,7408,23.0,5689,7.0,15.0,725,1289.0,112964,891641,232899,1238794,9660,0,398201,830933,1238794,Financials,7.903364730071407,116.38326248228724,4.979300324717951,82829.0,8.234366643006123,0.45923696756684323,7.804092671527225,1.4109397387273495,493440,0.05810651327016437,No,False
639,ICICIBANK,2020,84836,44666,85361.0,100.62,-53,64950,1171,18589,40.0,11225,15.0,0.0,726,1295.0,121665,1014636,239696,1377292,10409,0,443473,923411,1377292,Financials,13.231411193361309,100.6188410580414,9.128985035783995,84190.0,7.400694095267564,0.8150050969583792,8.251756668835394,1.3134411085450346,571163,0.06159623376887399,No,False
640,ICICIBANK,2021,89163,42659,91309.0,102.41,-50,72174,1340,26028,22.0,20364,27.0,8.0,727,1383.0,156204,1103840,312385,1573812,10809,0,536579,1026424,1573812,Financials,22.83907001783251,102.40682794432668,12.922385729787356,89969.0,7.132319190884609,1.2939283726391717,7.004638707507599,1.2644304043007177,567261,0.05665416199647734,No,False
641,ICICIBANK,2022,95407,41167,80798.0,84.69,-28,62129,1330,34241,25.0,26538,36.0,14.0,728,1390.0,180663,1252968,317616,1752637,10707,0,567098,1174833,1752637,Financials,27.815569088222038,84.68770635278334,14.577073709304432,79468.0,5.537758680883416,1.5141754966944097,6.882435334765151,1.3000370197492315,685870,0.05443625805001264,No,False
642,ICICIBANK,2023,121067,50543,87864.0,72.57,-14,65112,1515,46256,26.0,35461,49.0,16.0,729,1397.0,213101,1399894,344099,1958490,11070,0,639552,1307868,1958490,Financials,29.290392922926973,72.57469004765956,16.53208887728557,86349.0,5.348700935088876,1.810629617715689,6.526373206276982,1.3492136626121145,760342,0.061816501488391566,No,False
643,ICICIBANK,2024,159516,74108,99560.0,62.41,-9,76522,1935,60434,26.0,46081,63.0,16.0,730,1405.0,254739,1651008,456911,2364063,15714,0,827163,1521186,2364063,Financials,28.888011233982798,62.41380175029464,17.99027109750765,97625.0,5.11888931768417,1.9492289334082888,6.445624336310825,1.3009461331381824,823845,0.06747535915921023,No,False
645,ICICIGI,2013,4012,8,4191.0,104.46,-4,586,49,351,0.0,353,8.0,0.0,731,437.0,1433,0,10767,12637,390,10,7800,4436,12637,Financials,8.798604187437686,104.46161515453637,18.877005347593585,4142.0,221.49732620320856,2.793384505816254,0.0,7.145051194539249,-7800,0.3174804146553771,Yes,False
646,ICICIGI,2014,4352,9,4578.0,105.19,-5,817,50,533,3.0,520,12.0,0.0,732,445.0,1949,0,12350,14744,373,17,9290,5064,14744,Financials,11.948529411764707,105.19301470588236,21.72096908939014,4528.0,189.13951545530492,3.5268583830710796,0.0,5.597307221542228,-9290,0.2951709169831796,Yes,False
647,ICICIGI,2015,4234,12,4456.0,105.24,-5,992,54,705,17.0,585,13.0,15.0,733,447.0,2439,0,11760,14646,381,9,10200,4056,14646,Financials,13.816721776098253,105.24326877657062,20.27027027027027,4402.0,152.52945252945253,3.9942646456370343,0.0,4.486895161290323,-10200,0.2890891711047385,Yes,False
648,ICICIGI,2016,6033,0,5269.0,87.34,13,0,57,708,28.0,507,11.0,26.0,734,448.0,2789,0,12440,15676,510,10,11426,3730,15676,Financials,8.403779214321233,87.33631692358695,15.66265060240964,5212.0,161.01328390485017,3.2342434294462876,0.0,,-11426,0.3848558305690227,Yes,False
649,ICICIGI,2017,7520,0,6601.0,87.78,12,-2,7,910,23.0,702,16.0,22.0,735,451.0,3450,485,18965,23351,516,11,14806,8018,23351,Financials,9.335106382978724,87.77925531914894,17.9953857985132,6594.0,150.3419972640219,3.006295233608839,0.12432709561650859,,-14321,0.3220418825746221,No,False
650,ICICIGI,2018,6912,59,7174.0,103.79,-4,1569,51,1196,28.0,862,19.0,17.0,736,454.0,4087,485,24723,29750,368,38,18193,11151,29750,Financials,12.471064814814815,103.79050925925925,18.982602950891874,7123.0,141.72304019100676,2.8974789915966386,0.1068046685752037,4.569789674952199,-17708,0.2323361344537815,No,False
651,ICICIGI,2019,11163,70,9494.0,85.05,15,-2,0,1598,34.0,1049,23.0,26.0,737,454.0,4946,485,27517,33403,1965,17,20714,10707,33403,Financials,9.39711547075159,85.04882200125414,19.425925925925927,9494.0,161.32540356839422,3.1404364877406223,0.08981481481481482,,-20229,0.3341915396820645,No,False
652,ICICIGI,2020,11517,0,9745.0,84.61,15,15,90,1697,30.0,1194,26.0,13.0,738,454.0,5680,485,30423,37042,664,12,26327,10039,37042,Financials,10.367283146652774,84.61404879742989,19.46527551353114,9655.0,145.8679558845747,3.2233680686787967,0.07906749266384089,650.6666666666666,-25842,0.3109173370768317,No,False
653,ICICIGI,2021,12161,0,10090.0,82.97,17,12,130,1954,25.0,1473,32.0,25.0,739,455.0,7144,485,31214,39298,717,14,30788,7779,39298,Financials,12.112490749116027,82.97015048104596,19.38412949072246,9960.0,123.2063334982682,3.7482823553361495,0.06382418739307803,842.25,-30303,0.3094559519568426,No,False
654,ICICIGI,2022,16026,0,15010.0,93.66,6,809,141,1684,24.0,1271,26.0,35.0,740,491.0,8702,255,41401,50848,941,11,38412,11485,50848,Financials,7.93086234868339,93.660302009235,13.8257369737844,14869.0,157.37722269263338,2.4996066708621774,0.02773849668225824,18.561186650185412,-38157,0.3151746381371932,No,False
655,ICICIGI,2023,17876,0,16612.0,92.93,7,991,142,2113,18.0,1729,35.0,31.0,741,491.0,9953,35,44607,55086,883,25,42836,11342,55086,Financials,9.672186171402998,92.92906690534795,16.554959785522787,16470.0,157.17148582880046,3.1387285335656974,0.003351206434316354,16.769929364278507,-42801,0.3245107649856588,No,False
656,ICICIGI,2024,20487,0,17910.0,87.42,13,112,134,2555,25.0,1919,39.0,28.0,742,493.0,11712,35,51068,63308,930,94,48584,13700,63308,Financials,9.366915605017816,87.42129155073948,15.7230643179025,17776.0,145.22875816993462,3.0312124849939974,0.0028676771814829987,160.02678571428572,-48549,0.3236083907247109,No,False
658,ICICIPRULI,2013,20025,14,19280.0,96.28,4,900,41,1591,5.0,1515,11.0,32.0,744,1429.0,2532,0,71260,75220,165,7,73716,1332,75220,Financials,7.5655430711610485,96.27965043695382,38.24791719262812,19239.0,485.710679121434,2.014091996809359,0.0,21.426666666666666,-73716,0.2662190906673757,Yes,False
659,ICICIPRULI,2014,21888,15,20384.0,93.13,7,129,47,1572,1.0,1561,11.0,70.0,745,1429.0,2954,0,77090,81474,197,5,80101,1171,81474,Financials,7.131761695906433,93.12865497076024,35.614875655943415,20337.0,463.99726214921293,1.915948646193878,0.0,158.06976744186048,-80101,0.2686501215111569,Yes,False
660,ICICIPRULI,2015,34453,17,32798.0,95.2,5,43,40,1642,0.0,1640,11.0,51.0,746,1432.0,3833,0,95951,101215,209,6,99491,1509,101215,Financials,4.760107973180855,95.1963544538937,31.14909781576448,32758.0,622.1842355175688,1.6203131946845823,0.0,762.8604651162791,-99491,0.34039421034431655,Yes,False
661,ICICIPRULI,2016,20849,0,19008.0,91.17,9,0,0,1842,10.0,1650,12.0,73.0,747,1432.0,3891,1029,98413,104765,212,7,103024,1522,104765,Financials,7.91404863542616,91.16984028010936,30.99755776817584,19008.0,299.24433249370276,1.5749534672839212,0.19331204208153296,,-101995,0.1990073020569847,No,False
662,ICICIPRULI,2017,37816,15,36010.0,95.22,5,130,58,1863,10.0,1682,12.0,63.0,748,1435.0,4971,0,118335,124741,207,7,121581,2946,124741,Financials,4.447852760736196,95.22424370636767,26.256634405245084,35952.0,561.2238526381518,1.3483938721029975,0.0,277.03846153846155,-121581,0.3031561395210877,Yes,False
663,ICICIPRULI,2018,38832,20,37062.0,95.44,5,132,44,1839,12.0,1619,11.0,59.0,749,1436.0,5138,0,135245,141819,404,18,138537,2859,141819,Financials,4.169241862381541,95.44190358467245,24.627319744447824,37018.0,563.0970489808336,1.141595977971922,0.0,280.81060606060606,-138537,0.27381380492035623,Yes,False
664,ICICIPRULI,2019,41463,23,40922.0,98.7,1,813,57,1274,11.0,1139,8.0,40.0,750,1436.0,5435,0,156215,163086,463,13,159003,3607,163086,Financials,2.747027470274703,98.69522224634011,16.57691747926066,40865.0,594.7460340561781,0.698404522767129,0.0,50.33579335793358,-159003,0.25424009418343696,Yes,False
665,ICICIPRULI,2020,21025,0,21344.0,101.52,-2,1578,61,1198,11.0,1067,7.0,11.0,751,1436.0,5777,0,148818,156031,932,20,150776,4303,156031,Financials,5.074910820451843,101.51724137931035,14.792735338971303,21283.0,295.0644669347013,0.6838384679967442,0.0,13.524714828897338,-150776,0.13474886400779332,Yes,False
666,ICICIPRULI,2021,83182,0,83572.0,100.47,0,1669,60,1219,22.0,956,7.0,30.0,752,1436.0,7673,1200,206911,217220,911,22,211727,4560,217220,Financials,1.1492871053833762,100.46885143420452,10.495114721703809,83512.0,810.0882723833543,0.44010680416167947,0.1317378416950269,50.07309766327142,-210527,0.382938955897247,No,False
667,ICICIPRULI,2022,63564,0,65728.0,103.4,-3,3191,67,961,21.0,759,5.0,10.0,753,1437.0,7721,1200,234079,244437,433,54,238101,5848,244437,Financials,1.194072116292241,103.40444276634572,8.287835772002621,65661.0,633.9158138636802,0.31050945642435474,0.1310329766324525,20.5969915387026,-236901,0.26004246492961375,No,False
668,ICICIPRULI,2023,50478,0,52235.0,103.48,-3,2925,84,1085,25.0,813,6.0,11.0,754,1439.0,8651,1200,244562,255851,479,117,248216,7039,255851,Financials,1.6106026387733272,103.48072427592219,8.057482656095145,52151.0,461.92205491585474,0.3177630730386045,0.11892963330029732,17.857094017094017,-247016,0.1972945190755557,No,False
669,ICICIPRULI,2024,90307,0,92136.0,102.03,-2,2970,113,1028,17.0,851,6.0,10.0,755,1441.0,9564,1200,286796,299001,670,49,289728,8553,299001,Financials,0.942341125272681,102.02531365231931,7.732848705134029,92023.0,753.9778779188856,0.28461443272764975,0.10904134484325306,31.021548821548823,-288528,0.3020290902037117,No,False
697,INDUSINDBK,2013,6983,4750,1947.0,27.88,4,1363,73,1576,33.0,1061,20.0,15.0,770,523.0,7107,63576,2100,73307,741,16,19654,52896,73307,Financials,15.194042675068022,27.881999140770443,13.905635648754917,1874.0,2.6318006909530096,1.4473379077032207,8.332372214941023,1.4314013206162877,43922,0.09525693317145702,No,False
698,INDUSINDBK,2014,8254,5363,2555.0,30.95,4,1891,98,2128,34.0,1408,27.0,13.0,771,526.0,8517,75264,2719,87026,991,25,21563,64447,87026,Financials,17.058395929246426,30.95468863581294,15.570054185557892,2457.0,2.9143487492141817,1.617907292073633,8.3229016919164,1.3532522474881015,53701,0.09484521867028245,No,False
699,INDUSINDBK,2015,9692,6272,3133.0,32.33,3,2548,127,2709,34.0,1794,34.0,12.0,772,529.0,10115,94752,6390,111787,1120,38,22878,87751,111787,Financials,18.510111432108957,32.32562938505985,16.85456595264938,3006.0,2.852100648980986,1.6048377718339342,8.901916572717024,1.2307692307692308,71874,0.08670060024868724,No,False
700,INDUSINDBK,2016,11872,7355,4188.0,35.28,3,3297,157,3469,34.0,2286,38.0,12.0,773,595.0,17101,117996,7205,142897,1218,37,34054,107587,142897,Financials,19.255390835579515,35.27628032345013,12.918173598553345,4031.0,2.9706983462547534,1.599753668726425,6.667947558770344,1.2711555959963603,83942,0.08308082045109415,No,False
701,INDUSINDBK,2017,14406,8343,5684.0,39.46,3,4171,191,4360,34.0,2868,48.0,13.0,774,598.0,20048,149026,8976,178648,1307,28,36702,140611,178648,Financials,19.908371511870055,39.455782312925166,13.891310665504214,5493.0,3.2374227922108543,1.605391608078456,7.218153637508476,1.3634619995204986,112324,0.08063902198737181,No,False
702,INDUSINDBK,2018,17281,9783,6555.0,37.93,5,4750,212,5481,34.0,3606,60.0,12.0,775,600.0,23241,189928,7856,221626,1313,25,50077,170211,221626,Financials,20.866847983334296,37.931832648573575,15.125204479677864,6343.0,2.9672216270834406,1.6270654165125031,7.966444360555346,1.3810526315789473,139851,0.07797370344634655,No,False
703,INDUSINDBK,2019,22261,13415,9283.0,41.7,-2,5647,229,4981,34.0,3301,55.0,14.0,776,603.0,26083,242189,8944,277819,1688,22,59266,216843,277819,Financials,14.82862405103095,41.70073222227214,12.369781908116616,9054.0,3.367364016736402,1.1881836735428464,9.075507756876265,1.6435275367451745,182923,0.08012770904797728,No,False
704,INDUSINDBK,2020,28783,16724,12611.0,43.81,-2,6951,278,6121,28.0,4418,64.0,0.0,777,694.0,34013,262793,9558,307058,1742,78,59980,245257,307058,Financials,15.349338150991903,43.81405690859187,12.729420577981386,12333.0,4.145546218487395,1.4388161194302054,7.57175785864523,1.813983599482089,202813,0.09373799086817475,No,False
705,INDUSINDBK,2021,29000,15472,15997.0,55.16,-9,6559,305,3784,25.0,2836,37.0,14.0,778,773.0,42592,307528,12080,362973,1734,75,69695,291469,362973,Financials,9.779310344827588,55.16206896551724,6.5398362734924484,15692.0,4.472018535564973,0.7813253327382478,7.091617664014758,2.4375667022411953,237833,0.07989574982161207,No,False
706,INDUSINDBK,2022,30822,15822,15840.0,51.39,-3,7334,321,6174,25.0,4611,60.0,14.0,779,775.0,46923,341005,13273,401975,1754,95,70971,329155,401975,Financials,14.960093439750827,51.39186295503212,9.667071994632899,15519.0,3.992508419024294,1.1470862615834319,7.149251540945113,2.1593946004908644,270034,0.07667641022451645,No,False
707,INDUSINDBK,2023,36368,18776,15525.0,42.69,6,8166,373,9860,25.0,7390,95.0,15.0,780,776.0,53846,385449,17733,457804,1857,135,83116,372695,457804,Financials,20.320061592608887,42.68862736471624,13.5293471495002,15152.0,3.443080775602119,1.6142279228665544,7.056662150781737,1.90191036002939,302333,0.07944010974128667,No,False
708,INDUSINDBK,2024,45748,25132,17638.0,38.55,7,9388,425,11942,25.0,8950,115.0,14.0,781,778.0,62019,432404,19734,514935,2001,197,106527,406211,514935,Financials,19.56369677362945,38.55469091544986,14.252273197764223,17213.0,3.4759622860212316,1.7380834474254032,6.885742949503957,1.8795270558159352,325877,0.08884228106460039,No,False
710,INFY,2013,40352,28814,11538.0,28.59,2365,5,1099,12799,26.0,9429,21.0,25.0,782,286.0,37708,0,8281,46275,7139,1140,2116,35880,46275,Information Technology,23.366871530531323,28.59337827121332,24.81707638048113,10439.0,27.475390851187033,20.376012965964343,0.0,2780.6,-2116,0.8720043219881145,Yes,False
711,INFY,2014,50133,36743,13390.0,26.71,2664,9,1317,14728,28.0,10656,23.0,34.0,783,286.0,44244,0,12436,56966,8378,961,4331,43296,56966,Information Technology,21.255460475136136,26.70895418187621,23.92993487536492,12073.0,27.11205928587469,18.705894744233404,0.0,1783.7777777777778,-4331,0.8800512586455078,Yes,False
712,INFY,2015,53319,38436,14883.0,27.91,3430,12,1017,17284,28.0,12372,27.0,55.0,784,572.0,50164,0,15553,66289,11346,776,2270,51897,66289,Information Technology,23.20373600405109,27.913126652787934,24.385052034058656,13866.0,27.329706717123937,18.663730030623483,0.0,1526.0833333333333,-2270,0.804341595136448,Yes,False
713,INFY,2016,62441,45362,17079.0,27.35,3120,0,1459,18740,28.0,13489,29.0,41.0,785,1144.0,60600,0,13354,75098,13386,960,1892,58860,75098,Information Technology,21.602793036626576,27.352220496148366,21.84665716506867,15620.0,25.298004664420837,17.961863165463793,0.0,,-1892,0.8314602253056007,Yes,False
714,INFY,2017,68484,49880,18604.0,27.17,3050,0,1703,19951,28.0,14353,31.0,41.0,786,1144.0,67838,0,14166,83148,14179,1365,16423,51181,83148,Information Technology,20.958180012849716,27.165469306699375,20.80687715635963,16901.0,24.50059435794845,17.26199066724395,0.0,,-16423,0.8236397748592871,Yes,False
715,INFY,2018,70522,51700,18822.0,26.69,3311,0,1863,20270,21.0,16029,37.0,59.0,787,1088.0,63835,0,14426,79349,12574,1606,12163,53006,79349,Information Technology,22.729077451008195,26.68954368849437,24.689247262141308,16959.0,26.12171341435239,20.200632648174523,0.0,,-12163,0.888757262221326,Yes,False
716,INFY,2019,82675,62505,20170.0,24.4,2882,0,2011,21041,27.0,15410,35.0,60.0,788,2170.0,62778,0,19118,84066,15710,1388,11261,55707,84066,Information Technology,18.639250075597218,24.396734200181434,23.726673646609594,18159.0,27.959290509330543,18.33083529607689,0.0,,-11261,0.9834534770299527,Yes,False
717,INFY,2020,90791,68524,22267.0,24.53,2803,170,2893,22007,24.0,16639,39.0,45.0,789,2122.0,63328,4633,21717,91800,23789,954,8792,58265,91800,Information Technology,18.32670639160269,24.525558700752278,25.422459893048128,19374.0,27.644364539189247,18.125272331154683,0.0707868601986249,147.47058823529412,-4159,0.98900871459695,No,False
718,INFY,2021,100472,72583,27889.0,27.76,2201,195,3267,26628,27.0,19423,45.0,59.0,790,2124.0,74227,5325,25835,107511,25505,922,14205,66879,107511,Information Technology,19.331754120550997,27.757982323433396,25.43909051616875,24622.0,30.145942504530094,18.066058356819305,0.06974368377624393,154.30769230769232,-8880,0.9345276297309113,No,False
719,INFY,2022,121641,90150,31491.0,25.89,2295,200,3476,30110,26.0,22146,53.0,59.0,791,2098.0,73252,5474,35905,116729,25800,416,20324,70189,116729,Information Technology,18.20603250548746,25.88847510296693,29.39084273390843,28015.0,34.66173413837474,18.97214916601701,0.07264764432647644,168.93,-14850,1.0420803742000702,No,False
720,INFY,2023,146767,111637,35130.0,23.94,2701,284,4225,33322,28.0,24108,58.0,73.0,792,2069.0,73338,8299,40890,124596,29225,288,19478,75605,124596,Information Technology,16.426035825492104,23.93589839677857,31.970506716883047,30905.0,36.92088978089982,19.34893576037754,0.11005609558794277,133.20774647887325,-11179,1.1779431121384314,No,False
721,INFY,2024,153670,117245,36425.0,23.7,4711,470,4678,35988,27.0,26248,63.0,,793,2071.0,86045,8359,39545,136020,27622,293,24623,83482,136020,Information Technology,17.08075746730006,23.703390381987376,29.788006718416632,31747.0,32.906970717802544,19.297162182032054,0.09486358890553362,87.52340425531915,-16264,1.129760329363329,No,False
723,IOC,2013,461780,447919,13861.0,3.0,3499,7164,5692,4504,19.0,3627,3.0,36.0,795,2428.0,60609,89671,89170,241878,66774,27240,17351,130514,241878,Energy,0.7854389536142752,3.0016458053618607,5.753763662610847,8169.0,5.3494250464939626,1.4995162850693324,1.422513761758967,2.4232272473478504,72320,1.9091442793474396,No,False
724,IOC,2014,488345,471123,17222.0,3.53,5064,5948,6360,9978,30.0,6967,5.0,30.0,796,2428.0,65485,94916,103124,265953,72554,38061,15895,139443,265953,Energy,1.4266553358793475,3.526605166429471,10.258713353849778,10862.0,6.670801884185249,2.619635800310581,1.39761165019952,3.7468056489576327,79021,1.8362079013961115,No,False
725,IOC,2015,449507,438932,10575.0,2.35,5860,4201,5219,7014,31.0,4872,3.0,33.0,797,2428.0,66404,64893,100158,233883,76781,40378,16069,100655,233883,Energy,1.0838540890353208,2.352577379217676,7.078103207810321,5356.0,4.005234623294074,2.083092828465515,0.942773709902371,3.912163770530826,48824,1.9219310509955834,No,False
726,IOC,2016,346045,324007,22038.0,6.37,5219,3487,5698,18072,31.0,12413,8.0,28.0,798,2370.0,87610,58552,83184,231715,100033,26219,31185,74278,231715,Energy,3.587105723244087,6.3685358840613215,13.79528784174261,16340.0,11.000996418280236,5.357011846449302,0.6507223827517226,7.816747920848867,27367,1.4934078501607577,No,False
727,IOC,2017,355379,321230,34149.0,9.61,4356,3743,6806,27956,27.0,20385,14.0,45.0,799,4739.0,97357,63271,108352,273719,115958,16778,43687,97295,273719,Energy,5.736129596852938,9.609177807354964,19.966502115655853,27343.0,16.534737886035302,7.447418703122545,0.6197206550697383,10.287202778519903,19584,1.2983351539352401,No,False
728,IOC,2018,421492,379834,41658.0,9.88,4331,3875,7664,34450,34.0,22626,15.0,90.0,800,9479.0,104395,65650,116336,295860,124053,19130,44806,107871,295860,Energy,5.36807341539104,9.883461607812247,19.869329258654304,33994.0,18.93562977652013,7.647535996755223,0.5765143931011468,11.868129032258064,20844,1.424633272493747,No,False
729,IOC,2019,528158,492896,35262.0,6.68,4097,4925,8506,25927,33.0,17274,12.0,49.0,801,9181.0,103288,96765,126128,335363,132494,28281,44112,130476,335363,Energy,3.2706122031664764,6.676411225428754,15.358898896584835,26756.0,12.787596662110365,5.150836556209242,0.8603704131805209,7.991675126903553,52653,1.5748845281083483,No,False
730,IOC,2020,483763,467710,16053.0,3.32,-7165,5792,10273,-7177,-74.0,-1876,-1.0,-437.0,802,9181.0,86217,129790,104773,329962,147022,32845,35571,114524,329962,Energy,-0.3877931962551911,3.31836043682547,-1.9664982494391918,5780.0,2.56674423148658,-0.5685503179153963,1.3605107025304515,1.5345303867403315,94219,1.4661173104781762,No,False
731,IOC,2021,363950,324021,39929.0,10.97,4696,2933,10941,30751,29.0,21762,15.0,51.0,803,9181.0,102657,116649,126658,355145,157085,36291,44717,117053,355145,Energy,5.9793927737326555,10.971012501717269,19.458502476796795,28988.0,12.686936237072569,6.12763800701122,1.043017578998194,15.214797136038186,71932,1.0247926903095919,No,False
732,IOC,2022,589321,541563,47758.0,8.1,4332,5454,12348,34289,25.0,25727,18.0,46.0,804,9181.0,124354,132020,145327,410882,160514,47469,52352,150546,410882,Energy,4.365532536597202,8.103902626921492,19.266110008611975,35410.0,13.334337519534559,6.261408384889092,0.9886546598270116,9.550788412174551,79668,1.434282835461276,No,False
733,IOC,2023,841756,811073,30683.0,3.65,5124,7588,13181,15038,22.0,11704,7.0,42.0,805,13772.0,125949,148977,153298,441995,180048,51133,52190,158624,441995,Energy,1.3904266794653084,3.6451180627165116,8.37669355358178,17502.0,6.062390456463156,2.6479937555854702,1.0662463051366653,4.7188982604111755,96787,1.9044468828832906,No,False
734,IOC,2024,776352,700706,75646.0,9.74,5389,7881,15866,57288,25.0,43161,30.0,40.0,806,13772.0,169645,132628,166639,482683,195998,61032,65542,160111,482683,Energy,5.559462717942377,9.743776019125345,23.53162465856491,59780.0,18.915027923238778,8.941893540895371,0.7230954600718581,10.282324578099226,67086,1.6084096601703395,No,False
736,IRCTC,2015,1059,907,152.0,14.35,82,0,20,214,39.0,131,13.0,20.0,808,20.0,424,0,718,1162,155,16,0,990,1162,Consumer Discretionary,12.370160528800756,14.353163361661943,29.504504504504503,132.0,29.72972972972973,11.273666092943202,0.0,,0,0.9113597246127366,Yes,False
737,IRCTC,2016,1367,1176,190.0,13.9,139,0,21,309,39.0,189,19.0,40.0,809,20.0,522,0,895,1437,159,14,0,1264,1437,Consumer Discretionary,13.825896122896856,13.89904901243599,34.87084870848708,169.0,31.18081180811808,13.152400835073069,0.0,,0,0.9512874043145442,Yes,False
738,IRCTC,2017,1520,1206,314.0,20.66,67,3,22,355,35.0,229,11.0,49.0,810,40.0,747,0,1040,1826,170,17,0,1639,1826,Consumer Discretionary,15.06578947368421,20.657894736842106,29.09783989834816,292.0,37.10292249047014,12.54107338444688,0.0,127.0,0,0.8324205914567361,Yes,False
739,IRCTC,2018,1466,1192,274.0,18.69,99,3,24,346,36.0,221,11.0,21.0,811,40.0,915,0,1365,2319,190,8,0,2122,2319,Consumer Discretionary,15.075034106412005,18.69031377899045,23.141361256544503,250.0,26.17801047120419,9.529969814575248,0.0,124.33333333333333,0,0.6321690383786115,Yes,False
740,IRCTC,2019,1870,1487,383.0,20.48,126,2,29,479,36.0,309,4.0,98.0,812,160.0,911,0,1523,2594,182,40,0,2372,2594,Consumer Discretionary,16.524064171122994,20.481283422459892,28.851540616246496,354.0,33.0532212885154,11.912104857363145,0.0,254.5,0,0.7208943716268311,Yes,False
741,IRCTC,2020,2264,1562,703.0,31.05,77,10,40,730,30.0,513,6.0,39.0,813,160.0,1154,0,1928,3241,285,16,0,2941,3241,Consumer Discretionary,22.659010600706715,31.051236749116605,39.04109589041096,663.0,50.456621004566216,15.828448009873497,0.0,78.0,0,0.6985498302992903,Yes,False
742,IRCTC,2021,777,589,188.0,24.2,124,8,46,258,27.0,187,2.0,43.0,814,160.0,1296,79,1618,3153,311,24,0,2818,3153,Consumer Discretionary,24.066924066924066,24.195624195624195,12.843406593406591,142.0,9.250814332247558,5.930859498889946,0.05425824175824176,39.0,79,0.24643196955280686,No,False
743,IRCTC,2022,1879,1005,874.0,46.51,72,11,49,885,26.0,660,8.0,42.0,815,160.0,1710,105,1909,3884,335,26,0,3522,3884,Consumer Discretionary,35.125066524747204,46.514103246407664,35.294117647058826,825.0,41.77215189873418,16.992790937178167,0.05614973262032086,86.0,105,0.4837796086508754,No,False
744,IRCTC,2023,3541,2265,1276.0,36.04,148,16,54,1354,26.0,1006,13.0,44.0,816,160.0,2318,84,2526,5089,351,34,0,4704,5089,Consumer Discretionary,28.410053657158997,36.0350183563965,40.597255851493145,1222.0,47.69711163153786,19.768127333464335,0.03389830508474576,89.0,84,0.6958145018667715,No,False
745,IRCTC,2024,4270,2804,1466.0,34.33,106,19,57,1496,26.0,1111,14.0,47.0,817,160.0,3070,60,2801,6091,343,443,0,5306,6091,Consumer Discretionary,26.01873536299766,34.33255269320843,34.39628482972136,1409.0,42.82674772036474,18.240026268264653,0.018575851393188854,82.73684210526316,60,0.7010343129207027,No,False
747,IRFC,2013,5550,22,5528.0,99.6,2,4075,0,1454,64.0,522,222.0,21.0,819,2352.0,4042,58753,5608,70755,13,0,13,70729,70755,Financials,9.405405405405405,99.6036036036036,8.163903659680951,5528.0,8.485425269007015,0.7377570489718042,9.188770722552393,1.3570552147239263,58740,0.07843968624125504,No,False
748,IRFC,2014,6197,19,6178.0,99.69,1,4607,0,1572,55.0,701,209.0,6.0,820,3352.0,4210,69917,6451,83930,13,0,11,83906,83930,Financials,11.311925125060514,99.69340003227369,9.270034382438508,6178.0,7.973773538636275,0.8352198260455141,9.245834435334567,1.3412198827870632,69906,0.07383533897295365,No,False
749,IRFC,2015,6939,34,6905.0,99.51,1,4992,0,1914,60.0,758,212.0,20.0,821,3584.0,5098,71270,7696,87647,12,0,9,87626,87647,Financials,10.923764231157227,99.5100158524283,8.730707210320203,6905.0,8.636431859115469,0.8648327951897954,8.208938032711357,1.3834134615384615,71261,0.07916985179184684,No,False
750,IRFC,2016,7507,38,7468.0,99.48,1,5519,0,1950,56.0,849,188.0,40.0,822,4526.0,6999,87503,9372,108400,12,0,8,108381,108400,Financials,11.309444518449448,99.48048488077794,7.366594360086768,7468.0,7.541301450094923,0.783210332103321,7.592451193058569,1.3533248776952347,87495,0.06925276752767527,No,False
751,IRFC,2017,9047,26,9021.0,99.71,0,6888,0,2133,56.0,934,143.0,40.0,823,6526.0,5483,106395,11245,129650,12,0,8,129630,129650,Financials,10.323864264397038,99.71261191555212,7.7775002081772,9021.0,7.618830444917402,0.7204010798303123,8.85960529602798,1.3096689895470384,106387,0.06978017740069417,No,False
752,IRFC,2018,9267,38,9229.0,99.59,1,6638,0,2592,21.0,2055,3.0,18.0,824,6526.0,7402,134006,13534,161468,11,0,14,161443,161468,Financials,22.17546131434121,99.58994280781268,14.754451464675475,9229.0,6.238592886016738,1.2726979958877302,9.621338311315336,1.3904790599578187,133992,0.057392176778061285,No,False
753,IRFC,2019,11134,48,11085.0,99.56,0,8183,0,2902,22.0,2255,2.0,18.0,825,9380.0,15648,173933,7642,206604,11,0,13,206579,206604,Financials,20.25327824681157,99.55990659241961,9.009908902029727,11085.0,5.571443649760506,1.0914599910940737,6.94953651909861,1.354637663448613,173920,0.05389053454918588,No,False
754,IRFC,2020,13421,66,13355.0,99.51,0,10163,0,3192,0.0,3192,3.0,0.0,826,11880.0,18419,234377,10828,275504,11,0,12,275482,275504,Financials,23.783622680873258,99.50823336562105,10.535001155153635,13355.0,5.045791836056159,1.158603867820431,7.7354698174857255,1.3140804880448687,234365,0.04871435623439224,No,False
755,IRFC,2021,15771,113,15657.0,99.28,0,11237,4,4416,0.0,4416,3.0,31.0,827,13069.0,22845,323145,21423,380482,45,0,12,380424,380482,Financials,28.000760890241583,99.27715427049648,12.29604054129309,15653.0,4.359450675237217,1.160633091709989,8.997744612128974,1.3933434190620273,323133,0.041450055455974265,No,False
756,IRFC,2022,20299,123,20177.0,99.4,2,14075,14,6090,0.0,6090,5.0,30.0,828,13069.0,27928,388440,20544,449980,38,0,10,449932,449980,Financials,30.001477905315532,99.39898517168334,14.854745469180672,20163.0,4.695217226275332,1.3533934841548514,9.474839622411396,1.433676731793961,388430,0.045110893817503,No,False
757,IRFC,2023,23722,134,23588.0,99.44,41,17447,14,6167,0.0,6167,5.0,32.0,829,13069.0,31612,418935,26744,490359,19,0,14,490326,490359,Financials,25.996964842761994,99.4351235140376,13.802287325708914,23574.0,5.084811568194367,1.2576500074435262,9.376133031937513,1.354330257350834,418921,0.048376801486258024,No,False
758,IRFC,2024,26645,133,26513.0,99.5,10,20101,9,6412,0.0,6412,5.0,31.0,830,13069.0,36110,412039,23865,485082,22,4,54,485003,485082,Financials,24.064552448864703,99.50459748545694,13.038085361638096,26504.0,5.746523336036321,1.3218383695952436,8.378352548852153,1.3194865927068304,411985,0.05492885738906,No,False
760,ITC,2013,31618,20398,11221.0,35.49,852,108,859,11106,31.0,7704,6.0,55.0,832,790.0,22368,102,12069,35329,12140,2062,5981,15146,35329,Consumer Staples,24.36586754380416,35.48927825921943,33.26712151308403,10362.0,44.54858125537403,21.80644796059894,0.0044045254339753,111.78703703703704,-5879,0.8949588157038127,No,False
761,ITC,2014,35306,22227,13080.0,37.05,966,29,965,13052,31.0,9001,7.0,54.0,833,795.0,26442,242,13369,40848,12921,3117,7284,17526,40848,Consumer Staples,25.49425026907608,37.04752733246474,33.04695818188493,12115.0,44.0882128170603,22.035350567959263,0.00888497264750156,484.3448275862069,-7042,0.8643262828045437,No,False
762,ITC,2015,38817,24566,14252.0,36.72,1229,91,1028,14362,32.0,9779,8.0,52.0,834,802.0,30934,269,13948,45952,15303,2700,6943,21006,45952,Consumer Staples,25.192570265605273,36.715871911791226,30.813587093521555,13224.0,41.318543977503516,21.28090181058496,0.008476178472397277,170.12087912087912,-6674,0.844729282729805,No,False
763,ITC,2016,39192,24661,14531.0,37.08,1483,78,1077,14859,36.0,9501,8.0,73.0,835,805.0,41875,84,8888,51651,15107,2560,11748,22237,51651,Consumer Staples,24.242192284139623,37.07644417228006,22.261012183692596,13454.0,31.461041997942196,18.394609978509614,0.0019681349578256793,205.30769230769232,-11664,0.7587849218795377,No,False
764,ITC,2017,42768,27298,15470.0,36.17,1759,49,1153,16026,35.0,10477,8.0,56.0,836,1215.0,45198,46,9440,55898,15893,3730,17581,18694,55898,Consumer Staples,24.497287691732136,36.171904227459784,22.57341693060134,14317.0,30.816418777847133,18.743067730509143,0.0009911016310085537,351.61224489795916,-17535,0.7651078750581416,No,False
765,ITC,2018,43449,26928,16521.0,38.02,2240,115,1236,17409,34.0,11493,9.0,56.0,837,1220.0,51290,36,11695,64241,16524,5508,22053,20156,64241,Consumer Staples,26.45170199544293,38.02389007802251,21.88725956960579,15285.0,29.088798386175924,17.890443797574758,0.0006855836983431727,163.1391304347826,-22017,0.6763437679986302,No,False
766,ITC,2019,48340,29802,18537.0,38.35,2080,71,1397,19150,33.0,12836,10.0,56.0,838,1226.0,57915,13,12585,71739,19374,4136,25043,23185,71739,Consumer Staples,26.553578816714936,38.347124534546964,21.70406317106576,17140.0,28.975217229604084,17.89263859267623,0.00021981366564650582,290.38028169014086,-25030,0.6738315281785361,No,False
767,ITC,2020,49388,30044,19344.0,39.17,2417,81,1645,20035,22.0,15593,12.0,82.0,839,1229.0,64044,277,11760,77311,21713,3256,28663,23678,77311,Consumer Staples,31.57244674819794,39.16740908722767,23.88889740015014,17699.0,27.00076277650648,20.169186791012923,0.004243714859130115,268.65432098765433,-28386,0.6388224185432863,No,False
768,ITC,2021,49257,32193,17065.0,34.64,2577,58,1646,17938,25.0,13383,11.0,101.0,840,1231.0,59116,271,13143,73761,23298,4011,24871,21580,73761,Consumer Staples,27.16974237164261,34.64482205574842,22.17674449434106,15419.0,25.436339041208882,18.143734493838206,0.004490695477819941,338.6551724137931,-24600,0.6677919225607029,No,False
769,ITC,2022,60645,40021,20623.0,34.01,1910,60,1732,20740,25.0,15503,12.0,93.0,841,1232.0,61223,249,14491,77196,24232,3226,24841,24898,77196,Consumer Staples,25.563525434908072,34.00610108005606,24.822672324073334,18891.0,30.12726460831845,20.082646769262656,0.003986870546793691,375.55,-24592,0.7855976993626613,No,False
770,ITC,2023,70919,45215,25704.0,36.24,2098,78,1809,25915,25.0,19477,15.0,100.0,842,1243.0,67912,306,16370,85831,25851,3003,29415,27561,85831,Consumer Staples,27.463726222873987,36.24416587938352,28.16426867182416,23895.0,34.4005988972229,22.692267362607915,0.004424842744559323,356.43589743589746,-29109,0.8262632382239518,No,False
771,ITC,2024,70866,44634,26233.0,37.02,2804,80,1816,27140,24.0,20751,16.0,84.0,843,1248.0,73259,303,16944,91754,27820,2861,31114,29959,91754,Consumer Staples,29.282025230717128,37.0177518132814,27.851074395694365,24417.0,32.63868466782516,22.61590775334045,0.004066731984914169,362.9625,-30811,0.7723477995509732,No,False
773,JINDALSTEL,2013,19807,13701,6106.0,30.83,333,1067,1539,3833,24.0,2952,31.0,5.0,1036,93.0,21159,24618,11202,57073,19429,19230,809,17605,57073,Materials,14.903821881153128,30.82748523249356,13.890457368718238,4567.0,9.956398517549598,5.172323165069297,1.1583850931677018,6.034676663542643,23809,0.3470467646698088,No,False
774,JINDALSTEL,2014,19286,13487,5799.0,30.07,349,1807,1829,2512,25.0,1896,21.0,7.0,1037,91.0,22519,36368,9935,68913,34989,17811,342,15771,68913,Materials,9.830965467178263,30.068443430467696,8.385670057496682,3970.0,6.7313235443724775,2.7512951112271993,1.6084918177797434,3.4023242944106253,36026,0.27986011347641226,No,False
775,JINDALSTEL,2015,19401,13937,5464.0,28.16,-1399,2875,2733,-1543,-6.0,-1452,-14.0,0.0,1038,91.0,20951,45501,8994,75537,46643,9073,1785,18035,75537,Materials,-7.48415030153085,28.163496726972838,-6.900484744796122,2731.0,4.104113129855882,-1.9222367846221056,2.162389506700884,1.413913043478261,43716,0.2568410183089082,No,False
776,JINDALSTEL,2016,19469,16032,3437.0,17.65,-79,3254,4068,-3964,-22.0,-3087,-32.0,0.0,1039,91.0,32345,46797,13166,92398,65038,11827,392,15142,92398,Materials,-15.855976167240229,17.653705891417122,-9.517203107658158,-631.0,-0.7963853444903009,-3.3409814065239503,1.4427487976322604,1.031960663798402,46405,0.2107080239832031,No,False
777,JINDALSTEL,2017,21603,16894,4709.0,21.8,-362,3441,3949,-3043,-17.0,-2538,-25.0,0.0,1040,92.0,29959,45850,14674,90575,65932,9716,368,14559,90575,Materials,-11.74836828218303,21.797898440031478,-8.44564240790656,760.0,1.0013043306412301,-2.802097709080872,1.5257395760540415,1.2632955536181343,45482,0.23850952249516974,No,False
778,JINDALSTEL,2018,33286,26817,6469.0,19.43,-584,3866,3883,-1864,-13.0,-1616,-15.0,0.0,1041,97.0,30288,42962,15884,89230,68450,4978,146,15657,89230,Materials,-4.85489394940816,19.43459712792165,-5.3184136909659365,2586.0,3.525706572865966,-1.8110500952594417,1.413921342767813,1.5222452146921883,42816,0.3730359744480556,No,False
779,JINDALSTEL,2019,46966,38553,8412.0,17.91,-1470,4264,5480,-2802,-14.0,-2412,-17.0,0.0,1042,97.0,31988,39559,17357,89001,69039,4027,150,15784,89001,Materials,-5.135630030234638,17.910829110420305,-7.517531556802244,2932.0,4.092457149237898,-2.7100819091920316,1.2329437431821724,1.6280487804878048,39409,0.5277019359333042,No,False
780,JINDALSTEL,2020,37923,31092,6831.0,18.01,74,3768,3429,-291,37.0,-400,-1.0,0.0,1043,102.0,32035,36824,20780,89742,69381,3126,181,17055,89742,Materials,-1.0547688737705352,18.01281544181631,-1.2446712512057752,3402.0,4.933223126114761,-0.4457221813643556,1.1458443538600367,1.8325371549893843,36643,0.4225780570970114,No,False
781,JINDALSTEL,2021,34579,23646,10933.0,31.62,313,2753,2414,6078,30.0,4267,36.0,0.0,1044,102.0,31713,29910,16116,77840,54349,1712,1156,20624,77840,Materials,12.339859452268719,31.61745568119379,13.411912619833414,8519.0,13.801539084649656,5.481757451181911,0.9401225836869401,4.084998183799492,28754,0.44423175745118193,No,False
782,JINDALSTEL,2022,51166,35650,15515.0,30.32,-1840,1888,2097,9690,30.0,6766,56.0,5.0,1045,101.0,35524,13502,27517,76644,45488,2538,470,28147,76644,Materials,13.223625063518742,30.322870656295198,18.992280701754385,13418.0,27.31288293606367,8.827827357653566,0.37900350877192984,7.243114406779661,13032,0.6675799801680496,No,False
783,JINDALSTEL,2023,53212,43270,9942.0,18.68,-539,1446,2691,5266,25.0,3974,31.0,6.0,1046,100.0,38606,13046,17674,69427,43542,7870,907,17108,69427,Materials,7.468240246560925,18.683755543862286,10.267142045160957,7251.0,14.011052712938628,5.723997868264508,0.3370536867669095,6.502766251728907,12139,0.7664453310671641,No,False
784,JINDALSTEL,2024,50354,40153,10202.0,20.26,156,1294,2822,6241,5.0,5943,58.0,3.0,1047,100.0,44216,16472,17888,78676,48384,9611,819,19862,78676,Materials,11.802438733764944,20.260555268697622,13.410506363390198,7380.0,12.14055405672172,7.553764807565204,0.3716941962270963,8.004636785162287,15653,0.6400172860847018,No,False
786,JIOFIN,2023,45,6,39.0,86.67,10,0,0,49,37.0,31,,0.0,1033,2.0,114118,743,66,114930,158,38,108141,6593,114930,Financials,68.88888888888889,86.66666666666667,0.027164388363126533,39.0,0.03395349242140637,0.0269729400504655,0.006510690501226779,,-107398,0.00039154267815191856,No,False
787,JIOFIN,2024,1855,296,1559.0,84.04,429,10,22,1956,18.0,1605,3.0,0.0,1034,6353.0,132794,0,5715,144863,172,3,133292,11395,144863,Financials,86.52291105121293,84.04312668463612,1.153456416595399,1537.0,1.104587235082323,1.1079433671814058,0.0,198.8,-133292,0.012805202156520298,Yes,False
789,JSWENERGY,2013,8870,6069,2801.0,31.58,9,963,662,1186,23.0,901,6.0,36.0,1020,1640.0,4564,10377,3798,20378,13925,977,955,4521,20378,Energy,10.15783540022548,31.578354002254795,14.522888459058672,2139.0,12.900307580966167,4.421434880753754,1.6726305609284333,2.917964693665628,9422,0.43527333398763374,No,False
790,JSWENERGY,2014,8648,5394,3255.0,37.64,-179,1206,810,1060,27.0,760,5.0,43.0,1021,1640.0,4931,10106,2567,19244,13635,615,888,4107,19244,Energy,8.788159111933396,37.638760407030524,11.565971693806118,2445.0,14.660910235653896,3.949282893369362,1.5379698676000608,2.5505804311774463,9218,0.4493868218665558,No,False
791,JSWENERGY,2015,9347,5723,3624.0,38.77,196,1137,790,1892,27.0,1358,8.0,24.0,1022,1640.0,5878,9294,2608,19420,13191,454,1619,4157,19420,Energy,14.528725794372527,38.7717984380015,18.063314711359403,2834.0,16.85700689983345,6.992790937178167,1.2362330407023145,3.3597185576077395,7675,0.48130792996910404,No,False
792,JSWENERGY,2016,9824,5796,4029.0,41.01,340,1498,854,2017,28.0,1460,9.0,22.0,1023,1627.0,8077,14862,3973,28539,20298,321,1012,6908,28539,Energy,14.861563517915311,41.01180781758957,15.045342126957955,3175.0,12.924367011316454,5.115806440309751,1.5315333882934872,2.916555407209613,13850,0.3442307018465959,No,False
793,JSWENERGY,2017,8263,4939,3324.0,40.23,221,1685,969,892,30.0,623,4.0,13.0,1024,1628.0,8741,14349,3672,28389,19491,531,1579,6789,28389,Energy,7.53963451530921,40.22752027108798,6.00829395312952,2355.0,9.527469860021037,2.194511958857304,1.3838364355289807,2.1038575667655786,12770,0.2910634400648138,No,False
794,JSWENERGY,2018,8049,5336,2713.0,33.71,47,1456,966,338,75.0,85,0.0,0.0,1025,1640.0,9470,11883,3728,26721,18877,294,2415,5135,26721,Energy,1.0560318051931916,33.70605044104858,0.7650765076507651,1747.0,7.597964597921106,0.3181018674450806,1.0695769576957697,1.8956043956043955,9468,0.30122375659593575,No,False
795,JSWENERGY,2019,9138,6283,2855.0,31.24,398,1192,1164,897,24.0,684,4.0,24.0,1026,1641.0,10181,10555,3549,25926,17825,400,2451,5251,25926,Energy,7.485226526592252,31.243160428977895,5.785823041786499,1691.0,7.556866425347455,2.6382781763480674,0.8928269328370834,2.7290268456375837,8104,0.3524647072436936,No,False
796,JSWENERGY,2020,8273,5316,2957.0,35.74,376,1051,1738,544,6.0,1081,7.0,15.0,1027,1642.0,10004,9840,3445,24931,16713,391,1854,5974,24931,Energy,13.066602199927473,35.74277771062492,9.282156963764383,1219.0,5.673461789071954,4.335967269664273,0.844925296239052,3.1712654614652713,7986,0.3318358669929004,No,False
797,JSWENERGY,2021,6922,4009,2913.0,42.08,248,896,1167,1099,25.0,823,5.0,41.0,1028,1642.0,12865,8371,3328,26207,15637,473,4052,6045,26207,Energy,11.889627275353943,42.08321294423577,5.67312331977666,1746.0,7.631785995279309,3.140382340596024,0.5770317777624595,3.5279017857142856,4319,0.2641279047582707,No,False
798,JSWENERGY,2022,8167,4596,3572.0,43.74,575,777,1131,2238,22.0,1743,11.0,19.0,1029,1640.0,15775,8943,4157,30514,14831,2091,6623,6970,30514,Energy,21.341986041386065,43.73699032692543,10.008613264427218,2441.0,9.260945443508612,5.71213213606869,0.5135228251507321,5.337194337194338,2320,0.2676476371501606,No,False
799,JSWENERGY,2023,10332,7050,3282.0,31.77,674,844,1169,1943,24.0,1480,9.0,22.0,1030,1641.0,16988,25051,4737,48417,25020,4788,6033,12576,48417,Energy,14.3244289585753,31.765389082462253,7.944602501476193,2113.0,4.837454212454213,3.0567775781233864,1.3447313328681088,4.687203791469194,19018,0.2133961211971002,No,False
800,JSWENERGY,2024,11486,6104,5382.0,46.86,472,2053,1633,2167,20.0,1725,10.0,19.0,1031,1641.0,19191,31573,5362,57767,28946,10285,7035,11501,57767,Energy,15.018283127285393,46.857043357130415,8.280529953917052,3749.0,7.15389752886175,2.98613395191026,1.5156009984639016,2.8514369215781783,24538,0.19883324389357246,No,False
802,JSWSTEEL,2013,38210,31698,6512.0,17.04,-307,1967,2237,1999,42.0,929,4.0,30.0,1007,284.0,16781,21625,18823,57513,34717,5898,1750,15148,57513,Materials,2.431300706621303,17.042658989793246,5.443891004980955,4275.0,11.049366761437064,1.6152869785961435,1.2672135950776442,3.1545500762582614,19875,0.6643715333924504,No,False
803,JSWSTEEL,2014,51220,42051,9169.0,17.9,-1630,3048,3183,1308,70.0,402,2.0,74.0,1008,303.0,20871,35527,20939,77640,47046,9400,663,20531,77640,Materials,0.7848496680983992,17.90121046466224,1.8985548313969962,5986.0,10.55713303116347,0.517774343122102,1.6778596391801266,2.4734251968503935,34864,0.6597114889232355,No,False
804,JSWSTEEL,2015,52972,43608,9364.0,17.68,103,3493,3434,2539,32.0,1722,7.0,19.0,1009,303.0,21987,38754,24610,85654,52176,8265,599,24613,85654,Materials,3.2507739938080498,17.677263459941102,7.7254374158815615,5930.0,9.71430443614442,2.010413991173792,1.7386271870794079,2.71027769825365,38155,0.6184416372848903,No,False
805,JSWSTEEL,2016,41546,35124,6422.0,15.46,-1966,3601,3323,-2468,-80.0,-481,-1.0,-67.0,1010,301.0,18665,42204,20737,81907,56140,7271,1195,17302,81907,Materials,-1.1577528522601455,15.457565108554375,-2.536117262469683,3099.0,5.06620892594409,-0.5872513948746749,2.225245175577349,1.237434046098306,41009,0.5072338139597348,No,False
806,JSWSTEEL,2017,55604,43296,12308.0,22.14,18,3768,3430,5128,33.0,3467,15.0,19.0,1011,301.0,22346,43334,22024,88005,58730,4363,1366,23546,88005,Materials,6.235162937918135,22.135098194374507,15.30887093213229,8878.0,13.455388672496627,3.939548889267655,1.9134543206605732,3.271231422505308,41968,0.6318277370603943,No,False
807,JSWSTEEL,2018,71933,57017,14916.0,20.74,-177,3701,3387,7651,20.0,6113,26.0,16.0,1012,302.0,27696,39393,24579,91970,57848,5950,1469,26703,91970,Materials,8.49818581179709,20.735962631893567,21.83370240731481,11529.0,17.107625647341635,6.646732630205501,1.4069933566683335,3.982437179140773,37924,0.7821354789605306,No,False
808,JSWSTEEL,2019,84757,65827,18930.0,22.33,196,3917,4041,11168,33.0,7524,32.0,16.0,1013,301.0,34494,47396,32606,114797,62644,11889,1894,38370,114797,Materials,8.877142890852673,22.334438453461072,21.623796522488863,14889.0,18.115122093659892,6.55417824507609,1.3621497341572064,4.882818483533316,45502,0.7383206878228525,No,False
809,JSWSTEEL,2020,73326,61513,11813.0,16.11,-289,4265,4246,3013,-30.0,3919,17.0,15.0,1014,301.0,36298,61423,33798,131820,62085,27191,1259,41285,131820,Materials,5.344625371628072,16.1102473883752,10.707942839968306,7567.0,7.719695578543592,2.9729934759520558,1.678269898084647,2.7019929660023445,60164,0.5562585343650432,No,False
810,JSWSTEEL,2021,79839,59661,20178.0,25.27,473,3957,4679,12015,34.0,7873,33.0,25.0,1015,302.0,46462,62392,39161,148317,64917,32566,8581,42253,148317,Materials,9.861095454602388,25.273362642317664,16.835600034214355,15499.0,14.198944629704277,5.30822495061254,1.3341886921563595,5.218852666161233,53811,0.5382997228908352,No,False
811,JSWSTEEL,2022,146371,107257,39114.0,26.72,1600,4968,6001,29745,30.0,20938,85.0,25.0,1016,301.0,66996,72237,56951,196485,99880,16905,4940,74760,196485,Materials,14.304746158733629,26.722506507436584,31.112828209281247,33113.0,23.731133630512993,10.656284194722243,1.0734059467732588,8.19524959742351,67297,0.7449474514593989,No,False
812,JSWSTEEL,2023,165960,147490,18470.0,11.13,1561,6902,7474,5655,27.0,4139,17.0,25.0,1017,301.0,65394,80853,63991,210539,104452,22166,4806,79115,210539,Materials,2.4939744516751023,11.129187756085804,6.300327269959662,10996.0,7.503343614378906,1.9659065541301135,1.2307329324910572,2.9022022602144304,76047,0.7882625071839422,No,False
813,JSWSTEEL,2024,175006,146849,28157.0,16.09,1500,8105,8172,13380,33.0,8973,36.0,25.0,1018,305.0,77364,87984,62245,227898,112461,29676,7246,78515,227898,Materials,5.127252779904689,16.089162657280323,11.5528718021347,19985.0,12.064375531985535,3.937287733986257,1.1328071688833383,3.659099321406539,80738,0.7679137157851319,No,False
815,KOTAKBANK,2013,10838,6024,6603.0,60.92,-17,5112,179,3144,30.0,2238,15.0,2.0,995,373.0,14894,85561,15006,115835,620,0,40907,74308,115835,Financials,20.64956634065326,60.92452482007751,14.659068579288661,6424.0,6.371246082437418,1.9320585315319203,5.60430994956442,1.288341158059468,44654,0.09356412137954849,No,False
816,KOTAKBANK,2014,11986,6312,7053.0,58.84,-12,5282,208,3695,32.0,2527,16.0,2.0,996,385.0,18699,85937,17176,122197,1264,0,38791,82142,122197,Financials,21.08293008509928,58.84365092608043,13.241458813665899,6845.0,6.517744070233572,2.067972208810364,4.503091595053448,1.3330177962892844,47146,0.09808751442343101,No,False
817,KOTAKBANK,2015,13319,6966,9718.0,72.96,-25,8152,237,4550,33.0,3105,20.0,2.0,997,386.0,21770,104258,22049,148464,1385,0,45589,101490,148464,Financials,23.312561003078308,72.96343569337037,14.014262502256724,9481.0,7.4999604474187995,2.091416100872939,4.70563278570139,1.1890333660451422,58669,0.08971198405000538,No,False
818,KOTAKBANK,2016,20402,11123,11541.0,56.57,-11,7631,345,5024,32.0,3524,19.0,3.0,998,917.0,32447,179679,27761,240804,1761,0,70274,168769,240804,Financials,17.27281639054995,56.567983531026364,10.562282699916077,11196.0,5.2552771036832935,1.4634308400192688,5.38541541781561,1.5109422094089897,109405,0.08472450623743792,No,False
819,KOTAKBANK,2017,22324,11458,14832.0,66.44,-18,11660,362,7332,32.0,5019,27.0,2.0,999,920.0,37572,205230,32465,276188,1759,0,68462,205967,276188,Financials,22.482530012542558,66.439706145852,13.03907305414112,14470.0,5.93709226085458,1.8172404304314451,5.331757248259379,1.2704974271012006,136768,0.08082900053586688,No,False
820,KOTAKBANK,2018,25131,12467,16805.0,66.87,-16,13682,383,9158,33.0,6258,33.0,2.0,1000,953.0,49535,249840,37392,337720,2543,0,90977,244201,337720,Financials,24.901516055867255,66.86960327881899,12.395024560291553,16422.0,5.468021629684878,1.853014331398792,4.948502614482649,1.2270866832334455,158863,0.07441371550396779,No,False
821,KOTAKBANK,2019,29831,15187,19758.0,66.23,-17,16148,458,10576,33.0,7204,38.0,2.0,1001,954.0,56827,291763,45626,395171,2697,0,103487,288987,395171,Financials,24.149374811437767,66.2331132043847,12.467766220729997,19300.0,5.521479413178312,1.8230082673070647,5.049462626122774,1.2225043349021552,188276,0.07548883900893537,No,False
822,KOTAKBANK,2020,33474,15901,22578.0,67.45,-15,16892,465,11422,25.0,8593,45.0,0.0,1002,957.0,65680,326477,50059,443173,2675,0,111197,329301,443173,Financials,25.670669773555595,67.44936368524826,12.89523838107958,22113.0,5.6250858529586845,1.938971913902697,4.899335204165854,1.335721051385271,215280,0.07553257982774221,No,False
823,KOTAKBANK,2021,32820,12967,29812.0,90.83,-30,23588,461,13168,25.0,9990,50.0,2.0,1003,991.0,83348,327110,67405,478854,2554,0,156946,319355,478854,Financials,30.438756855575868,90.83485679463742,11.845053889659587,29351.0,7.133569409574456,2.086230876216968,3.878514091938486,1.262591148041377,170164,0.06853863599343432,No,False
824,KOTAKBANK,2022,33741,11554,30699.0,90.98,-25,24941,480,15948,25.0,12089,61.0,2.0,1004,992.0,95673,365747,84086,546498,2723,0,164529,379245,546498,Financials,35.82881360955514,90.98426246999199,12.50607769099467,30219.0,6.535081269517227,2.2120849481608347,3.783654890601562,1.2298624754420433,201218,0.061740390632719605,No,False
825,KOTAKBANK,2023,42151,14411,33485.0,79.44,-14,25991,599,19646,25.0,14925,75.0,2.0,1005,993.0,110821,418807,89809,620430,3075,0,195338,422017,620430,Financials,35.40841261180043,79.44058266707789,13.348060171356002,32886.0,6.197643892721924,2.4055896716793193,3.745568533457349,1.2877919279750683,223469,0.06793836532727301,No,False
826,KOTAKBANK,2024,56237,22567,47052.0,83.67,-24,38037,792,23863,25.0,18213,92.0,2.0,1006,994.0,128978,520374,117321,767667,3510,0,246446,517711,767667,Financials,32.386151466116615,83.66733645109092,14.013018188532914,46260.0,7.113136699541475,2.372513081844081,4.003739266919029,1.2363751084470385,273928,0.07325702420450533,No,False
828,LICI,2019,571508,565587,5920.0,1.04,2615,0,336,8199,68.0,2627,,2.0,988,100.0,710,269401,3157039,3427249,25194,710,2900287,501059,3427249,Financials,0.4596611071061123,1.0358560160137742,324.32098765432096,5584.0,2.0665331907287268,0.07665039803060705,332.59382716049384,,-2630886,0.16675415179930025,No,False
829,LICI,2020,628043,634989,-6947.0,-1.11,20870,0,379,13544,80.0,2710,,2.0,989,100.0,902,253414,3245419,3499834,28216,734,2976100,494784,3499834,Financials,0.43149911709867,-1.1061344525772918,270.45908183632736,-7326.0,-2.879535878246651,0.0774322439292835,252.90818363273453,,-2722686,0.1794493681700332,No,False
830,LICI,2021,690914,691166,-252.0,-0.04,12820,0,417,12151,76.0,2974,7.0,0.0,990,100.0,6784,4,3822637,3829524,17723,148,3517445,294208,3829524,Financials,0.43044431000095523,-0.03647342505724301,43.201626961069145,-669.0,-9.712543554006968,0.07765978226014512,0.0005810575246949448,,-3517441,0.18041772293371186,No,False
831,LICI,2022,723606,720280,3326.0,0.46,9248,0,436,12138,66.0,4125,57.0,23.0,991,6325.0,5013,1,4242719,4254059,17770,199,3926212,309878,4254059,Financials,0.5700616081127022,0.4596424020806903,36.38207796789557,2890.0,25.487256371814095,0.09696621509010571,8.819897689186806e-05,,-3926211,0.17009778190664493,No,False
832,LICI,2023,784628,750420,34207.0,4.36,7800,77,466,41463,13.0,35997,65.0,5.0,992,6325.0,39908,0,4532258,4578491,20473,331,4243008,314678,4578491,Financials,4.5877791768838225,4.359645590012082,77.85997015119071,33741.0,72.98033871909675,0.7862197392110195,0.0,545.5454545454545,-4243008,0.17137262036771503,Yes,False
833,LICI,2024,845966,813188,32779.0,3.87,14829,128,466,47014,13.0,40916,66.0,15.0,993,6325.0,76422,0,5233300,5316047,20667,403,4976133,318844,5316047,Financials,4.836600998148862,3.87474201090824,49.44710986501021,32313.0,39.05035832114759,0.7696696436280568,0.0,371.9375,-4976133,0.15913440945875762,Yes,False
835,LODHA,2011,2173,1663,510.0,23.47,145,283,17,355,26.0,264,6.0,0.0,975,108.0,636,5596,3138,9478,991,159,376,7951,9478,Real Estate,12.149102623101703,23.469857340082832,35.483870967741936,493.0,7.7760252365930596,2.7853977632411904,7.521505376344086,2.314487632508834,5220,0.22926777801223888,No,True
836,LODHA,2012,2954,2229,724.0,24.51,124,254,37,556,32.0,381,9.0,0.0,976,108.0,1018,4259,3883,9268,971,112,181,8003,9268,Real Estate,12.897765741367637,24.509140148950575,33.83658969804618,687.0,12.757660167130918,4.110919292188174,3.782415630550622,3.338582677165354,4078,0.3187311178247734,No,False
837,LODHA,2015,6236,4769,1467.0,23.52,423,492,128,1269,37.0,798,18.0,0.0,977,108.0,3186,11852,12752,27998,2290,4,595,25008,27998,Real Estate,12.796664528543939,23.524695317511224,24.225865209471767,1339.0,8.84061798494652,2.8502035859704264,3.5980570734669097,3.841463414634146,11257,0.22273019501392957,No,False
838,LODHA,2016,8249,6123,2126.0,25.77,510,988,450,1198,41.0,703,16.0,0.0,978,108.0,3865,13835,13173,30981,1899,176,611,28295,30981,Real Estate,8.522245120620681,25.772820947993697,17.694437452806444,1676.0,9.411500449236298,2.2691326942319487,3.4822552227535866,2.668016194331984,13224,0.26625996578548144,No,False
839,LODHA,2017,7926,6313,1614.0,20.36,584,736,460,1001,42.0,584,13.0,0.0,979,113.0,3920,16183,13715,33931,1753,109,1180,30888,33931,Real Estate,7.368155437799646,20.36336109008327,14.480535581453013,1154.0,5.708349821923229,1.7211399605080901,4.012645673196132,2.9864130434782608,15003,0.23359170080457398,No,False
840,LODHA,2018,9677,7995,1682.0,17.38,285,390,395,1182,33.0,794,10.0,0.0,980,396.0,4756,22616,12483,40251,2197,6,1384,36664,40251,Real Estate,8.20502221762943,17.381419861527334,15.411490683229815,1287.0,4.634831460674158,1.9726217982161933,4.3897515527950315,5.043589743589743,21232,0.2404163871705051,No,False
841,LODHA,2019,11907,8728,3179.0,26.7,72,568,194,2489,34.0,1644,21.0,0.0,981,396.0,3445,25641,20382,49864,2139,6,1405,46314,49864,Real Estate,13.80700428319476,26.698580666834637,42.80135381411091,2985.0,10.12482192524252,3.2969677522862186,6.675605311116897,5.723591549295775,24236,0.23878950746029198,No,True
842,LODHA,2020,12443,10526,1917.0,15.41,119,740,292,1003,26.0,742,9.0,0.0,982,396.0,4156,18423,17717,40693,2021,6,1553,37112,40693,Real Estate,5.96319215623242,15.406252511452223,16.300527240773285,1625.0,7.072905331882481,1.823409431597572,4.047231985940246,2.7513513513513512,16870,0.30577740643353896,No,False
843,LODHA,2021,5449,4066,1383.0,25.38,-140,1136,73,33,-44.0,48,1.0,0.0,983,396.0,4203,18193,16516,39308,1946,6,1579,35776,39308,Real Estate,0.8808955771701229,25.380803817214172,1.0437051532941943,1310.0,5.7476307476307475,0.12211254706421083,3.9558599695586,1.0941901408450705,16614,0.13862318103185103,No,False
844,LODHA,2022,9233,7047,2186.0,23.68,293,688,75,1716,30.0,1208,12.0,20.0,984,482.0,11624,11537,14763,38404,1923,0,574,35908,38404,Real Estate,13.08350481966858,23.675944979963177,9.97852304642326,2111.0,8.928646956815971,3.145505676492032,0.9529985131339831,3.6031976744186047,10963,0.24041766482658056,No,False
845,LODHA,2023,9470,7406,2064.0,21.8,-1037,482,93,452,-8.0,490,5.0,14.0,985,482.0,12181,9060,17399,39122,1828,0,246,37048,39122,Real Estate,5.174234424498416,21.795142555438225,3.8695411829740185,1971.0,9.073332412650187,1.2524922038750574,0.7154702677090736,2.1307053941908713,8814,0.24206328919789377,No,False
846,LODHA,2024,10316,7651,2665.0,25.83,48,482,204,2028,23.0,1554,16.0,,986,994.0,16475,7698,22031,47198,1169,4,2500,43524,47198,Real Estate,15.063978286157425,25.833656455990695,8.895758200240426,2461.0,9.77867842810029,3.292512394592991,0.4406663232010991,5.628630705394191,5198,0.21856858341455146,No,False
848,LT,2013,74426,63032,11394.0,15.31,2523,4642,1637,7638,31.0,5291,38.0,22.0,962,16.0,1323,234,756,2328,699,142,49,1438,2328,Industrials,7.1090747856931715,15.309166151613685,395.1456310679612,9757.0,620.2797202797202,227.2766323024055,0.17475728155339806,2.9980611805256356,185,31.969931271477662,No,False
849,LT,2014,85054,70968,14086.0,16.56,1337,6494,1446,7483,35.0,4885,35.0,27.0,963,16.0,1594,110,945,2666,649,57,169,1791,2666,Industrials,5.743410068897406,16.561243445340608,303.41614906832297,12640.0,734.8837209302326,183.23330832708177,0.06832298136645963,2.374961502925778,-59,31.903225806451612,No,False
850,LT,2015,91929,76245,15684.0,17.06,1422,7266,2623,7217,31.0,4966,34.0,32.0,964,16.0,2010,218,734,2978,683,25,104,2166,2978,Industrials,5.401995017894244,17.06099272264465,245.11352418558738,13061.0,582.0409982174688,166.75621222296843,0.10760118460019744,2.3542526837324527,114,30.869375419744795,No,False
851,LT,2016,101122,85637,15486.0,15.31,1219,6899,1787,8020,30.0,4592,31.0,40.0,965,17.0,2108,55,958,3137,638,20,43,2437,3137,Industrials,4.541049425446491,15.314174956982654,216.09411764705882,13699.0,628.394495412844,146.38189352884922,0.02588235294117647,2.4213654152775765,12,32.23525661459993,No,False
852,LT,2017,109312,92691,16620.0,15.2,1466,6829,2370,8887,23.0,6486,43.0,22.0,966,17.0,3127,0,1273,4417,542,1,941,2934,4417,Industrials,5.933474824355972,15.20418618266979,206.29770992366412,14250.0,453.24427480916034,146.84174779261943,0.0,2.6484111875823695,-941,24.748019017432647,Yes,False
853,LT,2018,119683,99572,20111.0,16.8,1465,7714,2223,11639,27.0,8004,53.0,30.0,967,17.0,3843,0,1477,5337,681,7,1264,3385,5337,Industrials,6.687666585897746,16.8035560605934,207.3575129533679,17888.0,463.419689119171,149.97189432265316,0.0,2.7969924812030076,-1264,22.42514521266629,Yes,False
854,LT,2019,135220,112354,22866.0,16.91,2701,9339,1923,14305,28.0,10217,63.0,28.0,968,17.0,4876,0,1770,6664,930,12,1740,3982,6664,Industrials,7.555834935660405,16.910220381600354,208.80850194154914,20943.0,428.0196198651134,153.31632653061226,0.0,2.737659278295321,-1740,20.29111644657863,Yes,False
855,LT,2020,145452,120899,24553.0,16.88,3015,11021,2462,14086,23.0,10894,68.0,26.0,969,17.0,5387,912,2499,8815,1920,59,2219,4617,8815,Industrials,7.489756070731238,16.880482908450897,201.59141376757955,22091.0,349.7625079164028,123.58479863868406,0.1687638786084382,2.501406405952273,-1307,16.500510493477027,No,False
856,LT,2021,135979,112519,23460.0,17.25,8111,11750,2904,16918,24.0,12921,82.0,44.0,970,18.0,7286,798,2604,10706,1906,66,3730,5004,10706,Industrials,9.502202545981364,17.252664014296325,176.90306681270536,20556.0,253.7151320661565,120.68933308425183,0.1092552026286966,2.6868936170212767,-2932,12.701195591257239,No,False
857,LT,2022,156521,132207,24314.0,15.53,2364,9235,2948,14495,29.0,10419,62.0,36.0,971,30.0,14258,258,6027,20572,3473,503,6048,10548,20572,Industrials,6.656614767347513,15.534017799528499,72.92133258678611,21366.0,146.8857417846831,50.64650981917169,0.018057110862262037,2.8887926367081755,-5790,7.608448376433988,No,False
858,LT,2023,183341,156175,27166.0,14.82,2891,9445,3502,17109,26.0,12531,75.0,32.0,972,30.0,16562,1541,5348,23481,3679,902,5458,13442,23481,Industrials,6.834805089968965,14.817198553515034,75.52434908389586,23664.0,130.502398941157,53.36655168008176,0.09287608486017358,3.1823186871360507,-3917,7.8080575784676975,No,False
859,LT,2024,221113,191248,29865.0,13.51,3847,9512,3682,20517,24.0,15547,95.0,36.0,973,30.0,19988,2071,5456,27544,4981,551,8744,13269,27544,Industrials,7.031246466738726,13.506668535997433,77.66510140873214,26183.0,118.53411200144868,56.44423467905896,0.10345688880007993,3.5441547518923464,-6673,8.027628521638107,No,False
861,LTIM,2013,3851,2981,870.0,22.59,22,21,123,749,25.0,562,174.0,54.0,949,16.0,1323,234,756,2328,699,142,49,1438,2328,Information Technology,14.593612048818489,22.591534666320438,41.97162061239731,747.0,47.488874761602034,24.140893470790378,0.17475728155339806,42.476190476190474,185,1.654209621993127,No,False
862,LTIM,2014,4920,3773,1147.0,23.31,217,31,130,1204,17.0,996,309.0,55.0,950,16.0,1594,110,945,2666,649,57,169,1791,2666,Information Technology,20.243902439024392,23.3130081300813,61.86335403726708,1017.0,59.127906976744185,37.35933983495874,0.06832298136645963,44.0,-59,1.8454613653413354,No,False
863,LTIM,2015,4978,3973,1005.0,20.19,99,10,158,936,18.0,769,238.0,63.0,951,16.0,2010,218,734,2978,683,25,104,2166,2978,Information Technology,15.447971072719968,20.188830855765367,37.95656465942744,847.0,37.745098039215684,25.822699798522496,0.10760118460019744,110.4,114,1.671591672263264,No,False
864,LTIM,2016,5846,4819,1028.0,17.58,187,6,174,1035,19.0,836,49.0,72.0,952,17.0,2108,55,958,3137,638,20,43,2437,3137,Information Technology,14.300376325692781,17.584673280875812,39.34117647058824,854.0,39.174311926605505,26.64966528530443,0.02588235294117647,202.5,12,1.8635639145680587,No,False
865,LTIM,2017,6501,5271,1230.0,18.92,187,3,178,1236,21.0,971,57.0,29.0,953,17.0,3127,0,1273,4417,542,1,941,2934,4417,Information Technology,14.936163667128133,18.920166128287956,30.884223918575067,1052.0,33.460559796437664,21.983246547430383,0.0,472.3333333333333,-941,1.4718134480416571,Yes,False
866,LTIM,2018,7306,6119,1187.0,16.25,426,16,156,1442,23.0,1112,65.0,33.0,954,17.0,3843,0,1477,5337,681,7,1264,3385,5337,Information Technology,15.22036682179031,16.24692033944703,28.808290155440414,1031.0,26.709844559585495,20.835675473112236,0.0,100.8125,-1264,1.3689338579726438,Yes,False
867,LTIM,2019,9446,7562,1883.0,19.93,302,11,147,2028,25.0,1516,87.0,32.0,955,17.0,4876,0,1770,6664,930,12,1740,3982,6664,Information Technology,16.049121321194157,19.934363751852636,30.983036991620683,1736.0,35.47925608011445,22.749099639855945,0.0,198.63636363636363,-1740,1.4174669867947178,Yes,False
868,LTIM,2020,10879,8849,2029.0,18.65,329,83,273,2003,24.0,1520,87.0,32.0,956,17.0,5387,912,2499,8815,1920,59,2219,4617,8815,Information Technology,13.971872414744002,18.650611269418146,28.127313101406365,1756.0,27.80240658644712,17.243335224049915,0.1687638786084382,28.40963855421687,-1307,1.2341463414634146,No,False
869,LTIM,2021,12370,9645,2725.0,22.03,274,79,332,2588,25.0,1938,111.0,36.0,957,18.0,7286,798,2604,10706,1906,66,3730,5004,10706,Information Technology,15.666936135812449,22.029102667744542,26.533406352683457,2393.0,29.535917057516663,18.1019988791332,0.1092552026286966,37.962025316455694,-2932,1.1554268634410612,No,False
870,LTIM,2022,26109,20860,5249.0,20.1,766,123,597,5294,25.0,3950,225.0,41.0,958,30.0,14258,258,6027,20572,3473,503,6048,10548,20572,Information Technology,15.128882760733847,20.10417863571948,27.645576707726764,4652.0,31.981300701223702,19.200855531790783,0.018057110862262037,48.90243902439025,-5790,1.2691522457709508,No,False
871,LTIM,2023,33183,27075,6108.0,18.41,557,150,723,5792,24.0,4410,149.0,40.0,959,30.0,16562,1541,5348,23481,3679,902,5458,13442,23481,Information Technology,13.289937618660158,18.40701564053883,26.57907425265188,5385.0,29.697237081563998,18.78114220007666,0.09287608486017358,44.43333333333333,-3917,1.4131851284016865,No,False
872,LTIM,2024,35517,29130,6387.0,17.98,702,222,819,6049,24.0,4585,155.0,42.0,960,30.0,19988,2071,5456,27544,4981,551,8744,13269,27544,Information Technology,12.90931103415266,17.982937748120616,22.904386052552702,5568.0,25.207116664403095,16.64609352309033,0.10345688880007993,31.93243243243243,-6673,1.2894641301190821,No,False
874,M&M,2013,68693,59578,9116.0,13.27,841,2297,2080,5580,35.0,4129,33.0,19.0,936,295.0,19666,28711,27460,76131,18307,1631,6440,49752,76131,Consumer Discretionary,6.010801682849781,13.270638929730833,20.685336405991684,7036.0,14.45595003287311,5.423546255795931,1.438354791844096,4.3347845015237265,22271,0.9022999829241701,No,False
875,M&M,2014,74001,63830,10170.0,13.74,773,2954,2170,5820,26.0,5154,38.0,18.0,937,295.0,23012,35167,29415,87889,18381,2191,8082,59234,87889,Consumer Discretionary,6.964770746341266,13.743057526249643,22.11352812459776,8000.0,13.68129425043609,5.864215089487876,1.5088599991418887,3.7044685172647256,27085,0.8419825006542343,No,False
876,M&M,2015,71448,62655,8793.0,12.31,800,3157,2124,4313,40.0,3381,25.0,23.0,938,296.0,25561,37911,30608,94376,19047,3032,10027,62270,94376,Consumer Discretionary,4.732112865300638,12.306852536110178,13.075762849518505,6669.0,10.458223560406473,3.582478596253285,1.4661793711567468,3.0386442825467217,27884,0.7570568788675087,No,False
877,M&M,2016,75841,65759,10082.0,13.29,1399,3368,2442,5672,37.0,3554,25.0,21.0,939,270.0,26222,41553,31806,99852,20585,2371,11603,65293,99852,Consumer Discretionary,4.686119645046874,13.293601086483564,13.41537067794051,7640.0,11.227863913586598,3.5592677162200057,1.5685112486788464,3.4088479809976246,29950,0.7595341104835156,No,False
878,M&M,2017,83773,73038,10735.0,12.81,2077,3647,2813,6350,36.0,4051,30.0,22.0,940,311.0,29467,48762,35296,113835,20989,4279,14662,73905,113835,Consumer Discretionary,4.83568691583207,12.814391271650772,13.604002955201826,7922.0,10.086580086580087,3.558659463258225,1.6375176304654442,3.513024403619413,34100,0.7359160187991391,No,False
879,M&M,2018,92094,78868,13226.0,14.36,4366,3987,3280,10326,23.0,7958,60.0,11.0,941,543.0,36232,55898,43696,136369,26182,4269,16018,89900,136369,Consumer Discretionary,8.641170977479531,14.361413338545399,21.63970088375255,9946.0,10.732360018559882,5.835637131606157,1.52,4.412340105342363,39880,0.675329437042143,No,False
880,M&M,2019,104721,89514,15207.0,14.52,2676,5021,3991,8871,32.0,6017,43.0,17.0,942,544.0,39439,70848,51057,161889,28983,4760,18268,109878,161889,Consumer Discretionary,5.745743451647711,14.521442690577821,15.0488957807068,11216.0,10.119912298905541,3.7167441889195683,1.771953080059025,3.5616411073491334,52580,0.6468691510850026,No,False
881,M&M,2020,75382,65224,10158.0,13.48,885,6021,3367,1655,99.0,-321,1.0,205.0,943,554.0,39415,82092,43655,165716,29689,6856,19210,109960,165716,Consumer Discretionary,-0.4258311002626622,13.47536547186331,-0.8031224198754034,6791.0,5.5636116368045485,-0.19370489270800648,2.053891766118742,1.8340807174887892,62882,0.4548866735861353,No,False
882,M&M,2021,74278,62791,11487.0,15.46,1152,6102,3378,3158,52.0,1512,15.0,54.0,944,555.0,41027,80625,42762,164968,21380,7873,28778,106938,164968,Consumer Discretionary,2.035596004200436,15.464875198578316,3.636188735510557,8109.0,6.635462780364463,0.9165413898453033,1.9389399259294888,2.0712881022615535,51847,0.45025701954318414,No,False
883,M&M,2022,90171,75488,14683.0,16.28,3204,5018,3508,9362,23.0,7253,53.0,20.0,945,556.0,46567,77605,47661,172388,26018,6703,30060,109607,172388,Consumer Discretionary,8.043606037417796,16.28350578345588,15.391634658234832,11175.0,8.959495862997883,4.207369422465601,1.6468603442055896,3.564567556795536,47545,0.5230700512796714,No,False
884,M&M,2023,121269,100983,20285.0,16.73,3961,5830,4357,14060,19.0,11374,83.0,18.0,946,557.0,55809,92247,55670,204283,27140,3969,35272,137902,204283,Consumer Discretionary,9.379148834409454,16.72727572586564,20.178831210304086,15928.0,10.717770316190373,5.567766285006584,1.6365716921548452,4.158833619210978,56975,0.5936323629474797,No,False
885,M&M,2024,139078,114186,24892.0,17.9,3298,7488,4724,15978,23.0,12270,91.0,21.0,947,557.0,65633,108647,59884,234722,28129,8039,35208,163345,234722,Consumer Discretionary,8.82238743726542,17.89787025985418,18.537543435564285,20168.0,11.535315751242587,5.227460570376871,1.6414413053331318,3.7646901709401708,73439,0.5925222177725139,No,False
887,MARUTI,2013,44304,39944,4361.0,9.84,797,198,1890,3070,20.0,2470,82.0,10.0,923,151.0,18877,1569,6920,27517,10022,1966,7421,8107,27517,Consumer Discretionary,5.575117370892019,9.843355001805707,12.980870296405298,2471.0,11.99689275137156,8.97626921539412,0.08245743115408871,26.050505050505052,-5852,1.6100592361085875,No,False
888,MARUTI,2014,44542,39232,5310.0,11.92,724,184,2116,3734,24.0,2854,94.0,13.0,924,151.0,21345,2004,7975,31476,11034,2640,10527,7275,31476,Consumer Discretionary,6.407435678685286,11.92133267477886,13.276888723483438,3194.0,13.591489361702127,9.067225822849155,0.09322664681801265,32.79347826086956,-8523,1.4151099250222392,No,False
889,MARUTI,2015,50801,43909,6892.0,13.57,817,218,2515,4976,24.0,3809,126.0,20.0,925,151.0,24167,666,9492,34477,12490,1890,13298,6800,34477,Consumer Discretionary,7.49788389992323,13.566662073581229,15.66329467883872,4377.0,17.51921229586936,11.04794500681614,0.027387120651369355,35.362385321100916,-12632,1.4734750703367463,No,False
890,MARUTI,2016,57589,48565,9024.0,15.67,1464,82,2822,7585,28.0,5497,182.0,19.0,926,151.0,30465,231,11879,42726,12530,1007,20676,8513,42726,Consumer Discretionary,9.54522565073191,15.66965913629339,17.954664227854717,6202.0,20.10568288650436,12.865702382624164,0.0075450744708649075,127.90243902439025,-20445,1.347867808828348,No,False
891,MARUTI,2017,68085,57664,10421.0,15.31,2399,89,2604,10127,26.0,7511,249.0,30.0,927,151.0,36924,484,14402,51960,13311,1252,29151,8247,51960,Consumer Discretionary,11.031798487185137,15.305867665418226,20.258934592043158,7817.0,20.81258819457387,14.45535026943803,0.013054619015509103,144.04494382022472,-28667,1.3103348729792148,No,False
892,MARUTI,2018,79809,67692,12118.0,15.18,2155,346,2760,11167,29.0,7881,261.0,31.0,928,151.0,42408,121,17568,60248,13389,2132,36123,8604,60248,Consumer Discretionary,9.874826147426981,15.183751206004336,18.517822317253696,9358.0,21.925960637300843,13.080932147125216,0.002843111915223572,41.2514450867052,-36002,1.32467467799761,No,False
893,MARUTI,2019,86068,75012,11056.0,12.85,2664,76,3021,10624,28.0,7651,253.0,32.0,929,151.0,46941,160,16717,63969,15437,1607,37504,9421,63969,Consumer Discretionary,8.889482734581959,12.845656922433424,16.24692092075087,8035.0,17.004571235079997,11.960480857915552,0.00339760468869447,180.52631578947367,-37344,1.345464209226344,No,False
894,MARUTI,2020,75660,68305,7355.0,9.72,3410,134,3528,7103,20.0,5678,188.0,32.0,930,151.0,49262,184,14031,63628,15744,1415,37488,8980,63628,Consumer Discretionary,7.504625958234206,9.721120803595031,11.490903203610387,3827.0,7.716192511643849,8.923744263531779,0.0037237164308987513,80.33582089552239,-37304,1.1890991387439491,No,False
895,MARUTI,2021,70372,64961,5411.0,7.69,3046,102,3034,5321,18.0,4389,145.0,31.0,931,151.0,52350,541,18335,71376,14989,1497,42945,11946,71376,Consumer Discretionary,6.236855567555278,7.689137725231626,8.359840764937811,2377.0,4.481354398401267,6.149125756556826,0.010304565627321384,82.91176470588235,-42404,0.985933647164313,No,False
896,MARUTI,2022,88330,82578,5752.0,6.51,1861,127,2789,4697,17.0,3880,128.0,47.0,932,151.0,55182,426,18896,74656,13747,2936,42035,15937,74656,Consumer Discretionary,4.3926185893807315,6.511943846937621,7.012090434279725,2963.0,5.313940350436701,5.197171024432062,0.007698841559286501,59.94488188976378,-41609,1.1831600942991856,No,False
897,MARUTI,2023,118410,105288,13122.0,11.08,2415,252,4846,10438,21.0,8264,274.0,34.0,933,157.0,74443,1248,24258,100106,27941,4143,49184,18837,100106,Consumer Discretionary,6.9791402753145855,11.081834304535091,11.077747989276139,8276.0,10.911296276764054,8.255249435598266,0.016729222520107237,61.654761904761905,-47936,1.1828461830459713,No,False
898,MARUTI,2024,141858,123232,18626.0,13.13,4248,194,5256,17424,23.0,13488,429.0,29.0,934,157.0,85479,119,29550,115304,27865,7735,57296,22408,115304,Consumer Discretionary,9.50809964894472,13.130031439890594,15.750385351954785,13370.0,15.59092764270305,11.697772843960314,0.001389602503619973,117.90721649484536,-57177,1.230295566502463,No,False
900,MOTHERSON,2013,25298,23819,1480.0,5.85,318,250,714,834,46.0,452,1.0,26.0,910,59.0,2230,4904,5546,12739,5277,386,72,7005,12739,Consumer Discretionary,1.7867025061269666,5.850264843070598,19.746614242027086,766.0,10.649242318921173,3.548159196169244,2.142420270860638,7.192,4832,1.9858701624931314,No,False
901,MOTHERSON,2014,30414,28017,2397.0,7.88,311,294,817,1596,31.0,1097,2.0,29.0,911,88.0,2871,4840,7445,15244,5919,647,75,8603,15244,Consumer Discretionary,3.6068915630959424,7.881238903136713,37.07333558634674,1580.0,20.259007565072444,7.19627394384676,1.6356877323420074,9.210884353741497,4765,1.9951456310679612,No,False
902,MOTHERSON,2015,34661,31817,2844.0,8.21,212,318,921,1817,29.0,1292,2.0,31.0,912,88.0,3236,5131,8971,17425,6129,956,65,10276,17425,Consumer Discretionary,3.7275323851014104,8.2051873863997,38.86883273164862,1923.0,22.74393849793022,7.414634146341463,1.5436221419975933,9.61006289308176,5066,1.9891535150645625,No,False
903,MOTHERSON,2016,37216,33668,3548.0,9.53,177,345,1087,2293,23.0,1774,3.0,26.0,913,132.0,4265,6069,9199,19665,7147,1397,590,10531,19665,Consumer Discretionary,4.766766981943251,9.533533963886502,40.34569024334774,2461.0,23.514236575578064,9.021103483346046,1.3802592676825107,10.797101449275363,5479,1.8924993643529113,No,False
904,MOTHERSON,2017,42376,38204,4171.0,9.84,346,375,1059,3083,30.0,2172,3.0,18.0,914,140.0,8132,10349,13322,31944,12193,1935,474,17343,31944,Consumer Discretionary,5.12554276005286,9.842835567302247,26.25725338491296,3112.0,16.712314054025025,6.799398948159278,1.251088007736944,12.045333333333334,9875,1.3265715001252192,No,False
905,MOTHERSON,2018,56303,51174,5128.0,9.11,125,411,1575,3267,31.0,2260,3.0,30.0,915,210.0,9674,10374,16716,36974,14712,2585,792,18885,36974,Consumer Discretionary,4.013995701827612,9.10786281370442,22.865236746256574,3553.0,17.538750123408036,6.112403310434359,1.0495750708215297,12.781021897810218,9582,1.5227727592362201,No,False
906,MOTHERSON,2019,63523,58174,5348.0,8.42,333,423,2058,3200,34.0,2098,3.0,29.0,916,316.0,10647,11534,20257,42754,18423,1067,855,22409,42754,Consumer Discretionary,3.3027407395746424,8.418997843300852,19.13709750980571,3290.0,14.624172111837133,4.907143191280348,1.0520842834990423,13.430260047281324,10679,1.4857791083875194,No,False
907,MOTHERSON,2020,60729,56075,4654.0,7.66,642,593,2721,1983,-5.0,1294,2.0,40.0,917,316.0,10945,13136,20636,45033,20750,852,796,22635,45033,Consumer Discretionary,2.1307777174002536,7.6635544797378525,11.490986590888909,1933.0,7.9231052998319464,2.8734483600914884,1.166503862889619,8.930860033726812,12340,1.3485444007727667,No,False
908,MOTHERSON,2021,57370,53000,4370.0,7.62,568,512,2926,1500,34.0,1569,2.0,46.0,918,316.0,12245,11930,23258,47749,20099,877,846,25926,47749,Consumer Discretionary,2.7348788565452327,7.617221544361165,12.491043706711249,1444.0,5.896043444530644,3.285932689689836,0.949765146087095,9.64453125,11084,1.201491130704308,No,False
909,MOTHERSON,2022,63774,59060,4714.0,7.39,575,543,2958,1788,31.0,1182,1.0,34.0,919,452.0,20136,14130,21008,55726,21411,1310,6462,26543,55726,Consumer Discretionary,1.8534198889829712,7.391727036096214,5.741208470953954,1756.0,5.057895040036868,2.121092488246061,0.6863221293957645,9.740331491712707,7668,1.144420916627786,No,False
910,MOTHERSON,2023,78788,72537,6251.0,7.93,70,781,3136,2405,31.0,1670,2.0,29.0,920,678.0,21774,13792,25086,61330,23147,1478,6290,30415,61330,Consumer Discretionary,2.119612123673656,7.933949332385643,7.438090147871014,3115.0,8.594525990508775,2.7229740746779716,0.6142882593978265,8.093469910371319,7502,1.2846567748247186,No,False
911,MOTHERSON,2024,98692,89370,9322.0,9.45,140,1811,3810,3840,21.0,3020,4.0,20.0,921,678.0,25477,19922,38101,84178,30122,2498,6521,45037,84178,Consumer Discretionary,3.0600251286831757,9.445547764763102,11.546549416937488,5512.0,11.962584369642121,3.58763572429851,0.7616899254444657,5.224737713970182,13401,1.1724203473591674,No,False
913,NAUKRI,2013,472,351,121.0,25.64,24,3,12,130,41.0,76,8.0,12.0,897,109.0,499,1,216,825,152,10,261,402,825,Communication Services,16.101694915254235,25.635593220338983,12.5,109.0,17.898193760262725,9.212121212121211,0.001644736842105263,48.333333333333336,-260,0.5721212121212121,No,False
914,NAUKRI,2014,567,471,97.0,17.11,48,3,21,120,49.0,60,8.0,30.0,898,109.0,563,1,387,1060,149,10,538,363,1060,Communication Services,10.582010582010582,17.10758377425044,8.928571428571429,76.0,11.292719167904904,5.660377358490567,0.001488095238095238,48.333333333333336,-537,0.5349056603773585,No,False
915,NAUKRI,2015,732,711,21.0,2.87,89,4,47,60,99.0,-14,2.0,150.0,899,120.0,1295,1,801,2217,576,12,1175,455,2217,Communication Services,-1.912568306010929,2.8688524590163933,-0.9893992932862191,-26.0,-1.8361581920903955,-0.6314839873703203,0.0007067137809187279,27.5,-1174,0.3301759133964817,No,False
916,NAUKRI,2016,748,656,91.0,12.17,111,3,24,175,33.0,118,11.0,27.0,900,121.0,1422,1,382,1925,82,0,568,1276,1925,Communication Services,15.775401069518717,12.165775401069519,7.647440051847052,67.0,4.339378238341969,6.129870129870129,0.0006480881399870382,67.33333333333333,-567,0.38857142857142857,No,False
917,NAUKRI,2017,888,896,-9.0,-1.01,50,4,33,5,99.0,-43,-2.0,-230.0,901,121.0,1471,1,459,2053,157,1,551,1343,2053,Communication Services,-4.842342342342342,-1.0135135135135136,-2.701005025125628,-42.0,-2.6365348399246704,-2.0944958597174863,0.000628140703517588,10.25,-550,0.43253774963468095,No,False
918,NAUKRI,2018,988,769,219.0,22.17,401,5,30,585,14.0,501,42.0,13.0,902,122.0,1923,1,550,2596,88,0,1565,943,2596,Communication Services,50.708502024291505,22.16599190283401,24.49877750611247,189.0,9.237536656891496,19.298921417565484,0.0004889975550122249,124.0,-1564,0.38058551617873654,No,False
919,NAUKRI,2019,1151,1142,9.0,0.78,737,7,22,716,17.0,592,49.0,12.0,903,122.0,2421,1,646,3189,88,2,1204,1895,3189,Communication Services,51.433536055603824,0.7819287576020852,23.27959103421156,-13.0,-0.511006289308176,18.563813107557227,0.00039323633503735744,106.57142857142857,-1203,0.36092819065537785,No,False
920,NAUKRI,2020,1312,1662,-350.0,-26.68,286,14,48,-126,95.0,-246,-19.0,-31.0,904,122.0,2073,77,621,2893,242,0,1133,1518,2893,Communication Services,-18.75,-26.676829268292686,-11.207289293849659,-398.0,-17.517605633802816,-8.50328378845489,0.03507972665148064,-4.571428571428571,-1056,0.4535084687175942,No,False
921,NAUKRI,2021,1128,1054,74.0,6.56,1584,11,45,1602,12.0,1418,110.0,7.0,905,129.0,5267,65,831,6292,134,0,2324,3834,6292,Communication Services,125.70921985815602,6.560283687943262,26.278724981467754,29.0,0.5310382713788684,22.536554354736175,0.012045959970348406,150.72727272727272,-2259,0.1792752701843611,No,False
922,NAUKRI,2022,1589,1143,446.0,28.07,13810,11,73,14200,9.0,12882,991.0,1.0,906,129.0,17113,64,3177,20483,1033,0,15614,3836,20483,Communication Services,810.6985525487728,28.067967275015732,74.71291033522793,373.0,2.155321853692361,62.891178050090325,0.0037118663728105787,1296.0,-15550,0.0775765268759459,No,False
923,NAUKRI,2023,2346,1997,348.0,14.83,-116,18,73,141,99.0,-70,-8.0,-228.0,907,129.0,13269,108,3153,16658,801,4,12403,3450,16658,Communication Services,-2.9838022165387894,14.83375959079284,-0.522466039707419,275.0,2.0361320894417294,-0.42021851362708607,0.00806090461262875,12.88888888888889,-12295,0.14083323328130629,No,False
924,NAUKRI,2024,2536,1825,711.0,28.04,303,35,101,878,32.0,595,44.0,49.0,908,129.0,30133,246,5581,36089,810,0,31203,4077,36089,Communication Services,23.462145110410095,28.036277602523658,1.9661621835965897,610.0,1.999475547397404,1.6487018204993213,0.008129006675038002,28.97142857142857,-30957,0.07027071960985341,No,False
926,NESTLEIND,2013,9101,7153,1948.0,21.4,97,37,330,1678,33.0,1117,12.0,42.0,884,96.0,2272,1189,2756,6314,3369,295,851,1799,6314,Consumer Staples,12.27337655202725,21.404241292165697,47.170608108108105,1618.0,45.487770593196515,17.690845739626226,0.5021114864864865,55.270270270270274,338,1.441400063351283,No,False
927,NESTLEIND,2014,9855,7816,2039.0,20.69,87,14,338,1774,33.0,1185,12.0,51.0,885,96.0,2741,20,2963,5820,3177,245,812,1586,5820,Consumer Staples,12.02435312024353,20.690005073566716,41.76947479732112,1701.0,59.537976898844946,20.36082474226804,0.007049700387733521,151.85714285714286,-792,1.693298969072165,No,False
928,NESTLEIND,2015,8175,6620,1555.0,19.02,-391,3,347,814,31.0,563,6.0,83.0,886,96.0,2721,18,3251,6086,2898,231,1325,1633,6086,Consumer Staples,6.886850152905198,19.021406727828747,19.985800496982606,1208.0,42.61022927689594,9.250739401906014,0.006389776357827476,388.0,-1307,1.343246795925074,No,False
929,NESTLEIND,2016,9141,7292,1850.0,20.24,140,91,354,1545,35.0,1001,10.0,61.0,887,96.0,3186,33,3495,6810,2730,188,1756,2136,6810,Consumer Staples,10.95066185318893,20.238485942457064,30.499695307739184,1496.0,45.12820512820513,14.698972099853158,0.010054844606946984,21.86813186813187,-1723,1.3422907488986784,No,False
930,NESTLEIND,2017,10010,7913,2097.0,20.95,177,92,342,1839,33.0,1225,13.0,68.0,888,96.0,3324,35,3907,7363,2616,94,1979,2673,7363,Consumer Staples,12.237762237762238,20.94905094905095,35.8187134502924,1755.0,50.7959479015919,16.637240255330706,0.01023391812865497,24.717391304347824,-1944,1.3595002037213093,No,False
931,NESTLEIND,2018,11292,8675,2618.0,23.18,259,112,336,2429,34.0,1607,17.0,69.0,889,96.0,3577,35,4379,8088,2401,105,2658,2924,8088,Consumer Staples,14.231314204746722,23.18455543747786,43.75170160631636,2282.0,61.54261057173679,19.868941641938676,0.00952899537163082,25.6875,-2623,1.3961424332344214,No,False
932,NESTLEIND,2019,12369,9443,2926.0,23.66,247,129,370,2673,26.0,1968,20.0,168.0,890,96.0,1822,189,5065,7173,2341,143,1751,2937,7173,Consumer Staples,15.910744603444094,23.655913978494624,102.60688216892598,2556.0,121.30991931656384,27.436219155165205,0.09854014598540146,24.5968992248062,-1562,1.7243831033040569,No,False
933,NESTLEIND,2020,13350,10149,3202.0,23.99,146,164,370,2813,26.0,2082,22.0,93.0,891,96.0,1923,147,5733,7900,2179,639,1464,3618,7900,Consumer Staples,15.595505617977528,23.98501872659176,103.12035661218424,2832.0,130.74792243767314,26.354430379746834,0.07280832095096583,20.414634146341463,-1317,1.6898734177215189,No,False
934,NESTLEIND,2021,14741,11178,3562.0,24.16,-112,202,391,2857,26.0,2118,22.0,91.0,892,96.0,1850,266,6021,8234,2995,246,774,4219,8234,Consumer Staples,14.368089003459739,24.163896614883658,108.83864337101747,3171.0,143.35443037974684,25.722613553558414,0.1366906474820144,17.07920792079208,-508,1.790259897983969,No,False
935,NESTLEIND,2022,16897,13191,3706.0,21.93,107,155,403,3256,27.0,2391,25.0,89.0,893,96.0,2363,271,6249,8979,3044,358,778,4799,8979,Consumer Staples,14.150440906669823,21.932887494821564,97.23464823098821,3303.0,120.98901098901098,26.628800534580687,0.11020740138267589,24.6,-507,1.8818353936964027,No,False
936,NESTLEIND,2023,19126,14655,4471.0,23.38,116,119,429,4038,26.0,2999,31.0,56.0,894,96.0,2363,271,6249,8979,3044,358,778,4799,8979,Consumer Staples,15.680225870542715,23.376555474223572,121.96014640097602,4042.0,148.05860805860806,33.400155919367414,0.11020740138267589,38.54621848739496,-507,2.130081300813008,No,False
937,NESTLEIND,2024,24394,18581,5813.0,23.83,159,145,538,5289,26.0,3933,41.0,79.0,895,96.0,3244,345,6838,10523,3460,1742,464,4857,10523,Consumer Staples,16.12281708616873,23.829630236943512,117.75449101796407,5275.0,143.14789687924016,37.37527321106148,0.10329341317365269,41.186206896551724,-119,2.318160220469448,No,False
939,NHPC,2013,6381,2229,4152.0,65.07,1595,611,1241,3895,26.0,2873,2.0,28.0,871,12301.0,17494,20340,12226,62361,23537,19962,1447,17415,62361,Energy,45.02429086350102,65.06817113305125,9.64255747608659,2911.0,5.806322928094146,4.607046070460704,0.6826648766571572,9.405891980360066,18893,0.10232356761437437,No,False
940,NHPC,2014,7389,3047,4342.0,58.76,889,1203,1499,2529,35.0,1633,1.0,27.0,872,11071.0,17175,20819,12362,61427,29587,14924,1273,15643,61427,Energy,22.10041954256327,58.76302611990797,5.781349571620761,2843.0,5.794354427799857,2.6584400996304556,0.7370601147065071,4.348295926849543,19546,0.1202891236752568,No,False
941,NHPC,2015,8221,3087,5134.0,62.45,1597,1296,1715,3718,25.0,2798,2.0,27.0,873,11071.0,19687,20584,10094,61436,27916,16378,1020,16123,61436,Energy,34.03478895511495,62.44982362243036,9.096820339423891,3419.0,6.659265318842274,4.5543329643857025,0.669224266857403,5.193672839506172,19564,0.13381405039390584,No,False
942,NHPC,2016,8354,3571,4783.0,57.25,1174,1160,1432,3365,30.0,2365,2.0,81.0,874,11071.0,20572,19938,11242,62823,22610,16742,606,22866,62823,Energy,28.309791716542975,57.25401005506344,7.4740068893594165,3351.0,6.496578197398267,3.764544832306639,0.6300919634674336,5.135344827586207,19332,0.13297677602152078,No,False
943,NHPC,2017,8623,3739,4884.0,56.64,2245,1133,1462,4535,23.0,3480,3.0,61.0,875,10259.0,18756,19227,11946,60187,22227,17588,1020,19352,60187,Energy,40.357184274614404,56.63922068885539,11.993796312252284,3422.0,7.093404087724389,5.781979497233622,0.6626572462519387,6.292144748455428,18207,0.14327014139265953,No,False
944,NHPC,2018,7755,3508,4248.0,54.78,1185,924,1469,3040,8.0,2785,2.0,57.0,876,10259.0,19782,18602,14290,62933,21201,19087,1125,21520,62933,Energy,35.912314635718886,54.77756286266925,9.270663426650245,2779.0,5.713052237732048,4.425341235917563,0.6192203987883226,5.87987012987013,17477,0.12322628827483197,No,False
945,NHPC,2019,8983,4002,4981.0,55.45,1733,896,1658,4159,32.0,2836,3.0,56.0,877,10045.0,20753,19066,16870,66734,24977,15037,1283,25437,66734,Energy,31.570744740064566,55.449181787821445,9.208390155204883,3323.0,6.6641264238729345,4.2497077951269215,0.6190661731281252,7.493303571428571,17783,0.13460904486468667,No,False
946,NHPC,2020,10008,4562,5446.0,54.42,311,877,1614,3266,-2.0,3345,3.0,52.0,878,10045.0,21336,23226,16669,71277,24402,17180,1398,28297,71277,Energy,33.42326139088729,54.416466826538766,10.659316146712978,3832.0,7.0174153496804434,4.692958457847553,0.7401293776488959,6.56442417331813,21828,0.1404099499137169,No,False
947,NHPC,2021,9648,4371,5277.0,54.7,1087,577,1292,4495,20.0,3600,3.0,49.0,879,10045.0,23008,23365,16717,73136,21993,19167,1842,30133,73136,Energy,37.3134328358209,54.69527363184079,10.891598342056696,3985.0,7.063348576695382,4.922336469043973,0.7068949868393186,11.029462738301559,21523,0.13191861737037847,No,False
948,NHPC,2022,9144,5131,4013.0,43.89,981,586,1190,3217,-17.0,3774,4.0,52.0,880,10045.0,24876,26096,16271,77288,21825,22522,2386,30554,77288,Energy,41.272965879265094,43.88670166229222,10.807250651470463,2823.0,4.626579477850435,4.883034882517338,0.7472867329114287,8.522184300341298,23710,0.11831073387848048,No,False
949,NHPC,2023,10607,4423,6184.0,58.3,743,475,1215,5237,19.0,4261,4.0,48.0,881,10045.0,26916,29540,19710,86211,22137,31357,499,32218,86211,Energy,40.17158480248892,58.30112190063166,11.5283677389681,4969.0,7.472068089201667,4.942524735822575,0.7992208003030221,14.583157894736843,29041,0.12303534351764855,No,False
950,NHPC,2024,9632,4825,4807.0,49.91,2029,608,1184,5043,20.0,4028,4.0,53.0,882,10045.0,28657,32561,22034,93297,21474,39831,479,31513,93297,Energy,41.81893687707641,49.90656146179402,10.407730866621879,3623.0,5.083984676480081,4.317394985905228,0.8413260296625498,11.243421052631579,32082,0.10324018993108032,No,False
952,NTPC,2013,71518,53370,18149.0,25.38,4777,2491,3823,16611,24.0,12586,13.0,38.0,858,8245.0,72995,70419,27116,178776,71833,46555,4923,55465,178776,Energy,17.598366844710423,25.376828211079726,15.492368291482029,14326.0,9.44619178551883,7.040094867319999,0.8668020679468242,9.203532717784022,65496,0.4000425112990558,No,False
953,NTPC,2014,78330,58603,19727.0,25.18,2792,3263,4770,14486,21.0,11403,12.0,42.0,859,8245.0,79084,81455,31334,200118,84208,53825,3300,58785,200118,Energy,14.557640750670242,25.184475935146178,13.057518121128147,14957.0,8.86162195468765,5.698138098521873,0.9327371205441491,6.901317805700276,78155,0.3914190627529757,No,False
954,NTPC,2015,79957,62605,17352.0,21.7,2338,3669,5565,10456,4.0,9992,10.0,21.0,860,8245.0,73849,102252,35366,219712,91853,67555,1902,58403,219712,Energy,12.496716985379642,21.70166464474655,12.171413257972569,11787.0,6.393954845779133,4.547771628313429,1.2455477866835578,5.366584900517852,100350,0.3639173099330032,No,False
955,NTPC,2016,73396,54829,18568.0,25.3,1188,3366,5771,10618,-2.0,10781,11.0,26.0,861,8245.0,83330,99424,33666,224665,92929,75046,6473,50217,224665,Energy,14.688811379366722,25.298381383181646,11.772863772863772,12797.0,6.700035078717689,4.798700287094118,1.0857111657111658,5.869281045751634,92951,0.32669085082233545,No,False
956,NTPC,2017,82042,60445,21598.0,26.33,1592,3753,6010,13426,20.0,10714,11.0,37.0,862,8245.0,89593,113773,36990,248601,104532,86896,7614,49560,248601,Energy,13.059164818020038,26.32554057677775,10.950755330239783,15588.0,7.36634674000879,4.309717177324307,1.1628712770089331,6.179056754596323,106159,0.33001476261157436,No,False
957,NTPC,2018,88083,65598,22485.0,25.53,5576,4447,7460,16154,35.0,10502,11.0,40.0,863,8245.0,95318,130049,48880,282492,128245,83386,8876,61985,282492,Energy,11.922845497996208,25.52705970505092,10.140687311105317,15025.0,6.431604540862628,3.717627401837928,1.2557477091239149,6.31009669440072,121173,0.3118070600229387,No,False
958,NTPC,2019,100287,77576,22710.0,22.65,2818,5605,8669,11255,-25.0,14034,14.0,44.0,864,9895.0,101462,173058,62509,346923,150985,118397,8132,69409,346923,Energy,13.993837685841633,22.645008824673187,12.602710202322262,14041.0,4.936800098447691,4.045278058819968,1.5540828147310004,4.554504906333631,164926,0.2890756738526993,No,False
959,NTPC,2020,109464,77878,31586.0,28.86,8209,8189,10356,21250,44.0,11902,12.0,27.0,865,9895.0,108945,202984,55746,377569,187803,98508,9307,81951,377569,Energy,10.872981071402469,28.855148724694878,10.015146415348369,21230.0,6.5967733916674955,3.152271505340746,1.7080444294850219,4.859567712785444,193677,0.28991786931660174,No,False
960,NTPC,2021,111531,77487,34044.0,30.52,5021,9224,12450,17390,14.0,14969,15.0,41.0,866,9697.0,116042,210208,62075,398022,203245,97506,10589,86681,398022,Energy,13.421380602702387,30.524248863544667,11.904818711775981,21594.0,6.427799623154843,3.7608473903452575,1.6717804340737559,4.235147441457069,199619,0.2802131540467612,No,False
961,NTPC,2022,132669,92307,40362.0,30.42,4809,9376,13788,22007,23.0,16960,17.0,41.0,867,9697.0,125677,210707,69751,415831,224923,91126,10626,89156,415831,Energy,12.7836947591374,30.42308301110282,12.528255056362376,26574.0,7.678549241362571,4.078580000048096,1.5564805649533884,4.817726109215017,200081,0.3190454776098944,No,False
962,NTPC,2023,176207,128611,47596.0,27.01,2561,11447,14792,23917,28.0,17121,17.0,42.0,868,9697.0,137326,222913,77253,447189,240424,89179,13935,103651,447189,Energy,9.716413082340656,27.011412713456334,11.645116750440407,32804.0,8.867479780286319,3.828582545635067,1.5161777408976826,4.381672053813226,208978,0.39403250079943825,No,False
963,NTPC,2024,178501,127045,51456.0,28.83,5190,12301,16204,28142,24.0,21332,21.0,36.0,869,9697.0,151013,237131,81437,479278,258934,87664,15885,116795,479278,Energy,11.950633329785267,28.82672926202094,13.273598407068633,35252.0,8.86082631000827,4.450861504179203,1.475521125007778,4.604991464108609,221246,0.37243729109201756,No,False
965,ONGC,2013,161984,118482,43501.0,26.86,5488,484,11763,36742,35.0,23994,19.0,34.0,845,4278.0,148250,20686,80211,253424,119644,53385,2128,78267,253424,Energy,14.812574081390755,26.855121493480837,15.730882198678275,31738.0,18.32299929566894,9.467927268135615,0.1356210007342914,101.21694214876032,18558,0.6391817665256645,No,False
966,ONGC,2014,174121,124991,49130.0,28.22,7170,624,16262,39413,32.0,26665,21.0,31.0,846,4278.0,167874,49113,103711,324976,155923,72034,4746,92273,324976,Energy,15.314063208917936,28.216010705199256,15.489218829871277,32868.0,14.854586129753915,8.205221308650485,0.285288582183187,90.22435897435898,44367,0.5357964895869234,No,False
967,ONGC,2015,160923,118610,42312.0,26.29,5955,2864,18033,27370,35.0,17703,14.0,44.0,847,4278.0,176177,53944,103448,337847,179933,63393,4749,89771,337847,Energy,11.000913480360172,26.293320407896942,9.810201989415644,24279.0,10.357979342915286,5.23994589266739,0.2989332520572996,16.85300279329609,49195,0.47631916222432047,No,False
968,ONGC,2016,124036,84901,39135.0,31.55,1067,3766,16384,20052,35.0,13102,10.0,56.0,848,4278.0,193536,45500,98459,341772,166277,57668,33387,84440,341772,Energy,10.563062336740945,31.55132380921668,6.623393693065202,22751.0,9.350468941367945,3.8335498519480824,0.23001405360591262,10.674986723313861,12113,0.36292030944606346,No,False
969,ONGC,2017,282506,229702,52804.0,18.69,12724,3591,20119,41718,30.0,29169,19.0,40.0,849,6417.0,187969,80029,170111,444525,211125,59042,70746,103612,444525,Energy,10.325090440557014,18.691284432897,15.005710287777926,32685.0,11.91079204853962,6.561835667285304,0.41170145998168595,18.247841826789195,9283,0.6355233113998088,No,False
970,ONGC,2018,322706,265817,56889.0,17.63,10429,4999,23112,39208,34.0,26068,17.0,38.0,850,6417.0,197602,106550,148664,459232,226058,61512,67335,104328,459232,Energy,8.077940912161534,17.628739471841243,12.777241335365824,33777.0,10.875844015339586,5.676433698000139,0.5222552801454766,13.46629325865173,39215,0.7027079994425476,No,False
971,ONGC,2019,421624,346805,74819.0,17.75,9567,5837,23704,54846,38.0,33938,24.0,29.0,851,6290.0,210644,107742,167667,492343,230391,69056,66909,125987,492343,Energy,8.049352029296244,17.745431948845418,15.644389537831781,51115.0,15.743387253754513,6.8931618810463435,0.4966579697050716,14.457084118554052,40833,0.8563623327639471,No,False
972,ONGC,2020,396728,344623,52105.0,13.13,982,7489,26635,18962,40.0,11456,9.0,58.0,852,6290.0,198814,129473,173787,508364,243892,83832,56755,123884,508364,Energy,2.8876207376338447,13.13368353128592,5.585459084171932,25470.0,7.612597399103943,2.2535033952050103,0.6312553631328497,7.088663372946989,72718,0.7804014446341597,No,False
973,ONGC,2021,303849,254375,49473.0,16.28,11271,5079,25538,30126,29.0,21360,13.0,28.0,853,6290.0,214691,133187,187580,541748,243746,100309,60320,137372,541748,Energy,7.029807568891126,16.28210064867747,9.665989383702671,23935.0,6.758092204829347,3.9427925899126532,0.6027079251157339,11.959834613112818,72867,0.5608677835451169,No,False
974,ONGC,2022,491246,411373,79874.0,16.26,6797,5696,26883,54091,9.0,49294,36.0,29.0,854,6290.0,253213,121986,201771,583260,254402,106719,66642,155496,583260,Energy,10.03448374134344,16.259470815029538,18.995541477362497,52991.0,13.890570894573631,8.451462469567602,0.4700754904567577,15.216116573033707,55344,0.8422418818365738,No,False
975,ONGC,2023,632291,556764,75527.0,11.94,-30,7889,24557,43051,24.0,32778,28.0,40.0,855,6290.0,274357,142255,190212,613115,250819,113945,78873,169478,613115,Energy,5.184005465837723,11.944974703103476,11.679440720905623,50970.0,12.052437680597397,5.346142240852043,0.5068823112308345,9.569907466092026,63382,1.0312763510923726,No,False
976,ONGC,2024,591396,488561,102835.0,17.39,12982,10194,28763,76860,26.0,57101,39.0,31.0,856,6290.0,330780,153181,219523,709774,298454,116022,102207,193091,709774,Energy,9.655290194725701,17.388518015001793,16.940398136885513,74072.0,15.108995188179117,8.044955154739396,0.45444863084819176,11.361290955463998,50974,0.8332173339682772,No,False
978,PFC,2013,17314,331,5987.0,34.58,12,10995,6,5994,26.0,4438,13.0,21.0,1049,1320.0,22360,139473,6178,169330,75,0,27,169229,169330,Financials,25.63243617881483,34.578953448076696,18.741554054054056,5981.0,3.665884170073489,2.6209177346010746,5.889907094594594,0.5456116416552979,139446,0.10225004429221048,No,False
979,PFC,2014,21407,748,7607.0,35.54,23,13053,5,7624,28.0,5462,17.0,22.0,1050,1320.0,26202,159215,7582,194320,72,1,27,194220,194320,Financials,25.515018451908254,35.53510533937497,19.845941428675243,7602.0,4.0709661181233505,2.81082750102923,5.785008356950803,0.5845399525013407,159188,0.11016364759160148,No,False
980,PFC,2015,24988,1103,8429.0,33.73,25,15456,8,8446,29.0,6004,18.0,20.0,1051,1320.0,31091,187795,8705,228912,102,2,528,228280,228912,Financials,24.027533215943652,33.73219145189691,18.52457498997254,8421.0,3.8241464810223156,2.6228419654714474,5.794174817191694,0.546972049689441,187267,0.10915985182078702,No,False
981,PFC,2016,27861,2042,9162.0,32.88,25,16657,20,9167,33.0,6184,19.0,30.0,1052,1320.0,34708,200660,10531,247220,198,47,2230,244745,247220,Financials,22.19590108036323,32.88467750619145,17.164427667369825,9142.0,3.862468735212601,2.501415743062859,5.569557011213501,0.5515398931380201,198430,0.11269719278375535,No,False
982,PFC,2017,27581,5538,5275.0,19.13,30,16768,41,5264,58.0,2236,7.0,59.0,1053,2640.0,34205,202993,19700,259537,296,105,3145,255990,259537,Financials,8.107030201950618,19.125484935281534,6.068666033383091,5234.0,2.1823063901466826,0.8615341935831885,5.5093771203691135,0.3163764312977099,199848,0.10627001159757568,No,False
983,PFC,2018,48624,6583,11752.0,24.17,42,30289,15,11779,25.0,8797,20.0,31.0,1054,2640.0,37194,441151,41546,522531,161,129,5493,516749,522531,Financials,18.091888779203686,24.169134583744654,22.08414921925993,11737.0,2.4402008378639666,1.6835364791753984,11.074735150876135,0.38938228399749086,435658,0.09305476612870815,No,False
984,PFC,2019,54106,1696,17783.0,32.87,94,34627,15,17862,29.0,12640,30.0,0.0,1055,2640.0,44481,539488,42260,628869,196,199,4604,623871,628869,Financials,23.361549550881602,32.866964846782246,26.824558052672902,17768.0,3.0289340940899305,2.009957558728447,11.448993017975,0.5162734282496317,534884,0.08603699657639349,No,False
985,PFC,2020,62189,7332,14012.0,22.53,105,40845,24,14093,33.0,9477,22.0,35.0,1056,2640.0,46760,596561,48560,694521,238,288,4404,689590,694521,Financials,15.23902941034588,22.53131582755793,19.18421052631579,13988.0,2.1654558092516423,1.3645375733779108,12.076133603238866,0.3456236993512058,592157,0.08954228885807629,No,False
986,PFC,2021,71656,7102,19871.0,27.73,46,44684,25,19891,21.0,15716,36.0,22.0,1057,2640.0,58127,659682,55257,775707,341,336,3499,771530,775707,Financials,21.932566707602994,27.731104164340735,25.86272154294272,19846.0,2.7546710454175107,2.0260227121838525,10.855925090921058,0.4457300152179751,656183,0.09237508492252874,No,False
987,PFC,2022,76262,8215,23338.0,30.6,79,44709,35,23382,20.0,18768,42.0,23.0,1058,2640.0,69036,660476,58848,791000,719,53,3774,786454,791000,Financials,24.60989745876059,30.602396999816424,26.18449690272895,23303.0,3.1828090341896216,2.372692793931732,9.214744126346336,0.523764790087007,656702,0.09641213653603034,No,False
988,PFC,2023,77684,4167,26501.0,34.11,47,47017,52,26496,20.0,21179,48.0,22.0,1059,2640.0,81518,751158,60796,896112,782,22,5973,889334,896112,Financials,27.263014262911284,34.11384583698059,25.165759642577058,26449.0,3.1663466281024184,2.363432249540236,8.925568573397657,0.564646829870047,745185,0.08669005660006784,No,False
989,PFC,2024,91508,-27,33573.0,36.69,69,57962,53,33588,21.0,26461,60.0,23.0,1060,3300.0,97847,861961,75770,1038877,764,39,10971,1027102,1038877,Financials,28.916597455960137,36.68859553263103,26.1609340860332,33520.0,3.4803988753078574,2.54707727671322,8.521864217426122,0.5804147544943239,850990,0.0880835748601615,No,False
991,PIDILITIND,2013,3678,3120,558.0,15.17,107,16,69,581,27.0,424,8.0,31.0,1062,51.0,1600,111,853,2616,646,428,294,1248,2616,Materials,11.52800435019032,15.171288743882544,25.681405208964264,489.0,27.75255391600454,16.207951070336392,0.06723198061780739,41.5625,-183,1.4059633027522935,No,False
992,PIDILITIND,2014,4283,3611,672.0,15.69,38,16,81,612,27.0,450,9.0,31.0,1063,51.0,1901,46,930,2928,729,458,260,1481,2928,Materials,10.506654214335747,15.689936960074713,23.05327868852459,591.0,29.57957957957958,15.368852459016393,0.0235655737704918,44.375,-214,1.462773224043716,No,False
993,PIDILITIND,2015,4844,4073,771.0,15.92,40,16,118,678,25.0,514,10.0,29.0,1064,51.0,2219,58,986,3315,978,462,370,1505,3315,Materials,10.611065235342693,15.91659785301404,22.643171806167402,653.0,28.04982817869416,15.5052790346908,0.02555066079295154,50.6875,-312,1.461236802413273,No,False
994,PIDILITIND,2016,5361,4188,1173.0,21.88,81,13,100,1141,29.0,807,16.0,26.0,1065,51.0,2587,80,996,3714,1137,158,706,1713,3714,Materials,15.05316172355904,21.88024622271964,30.591357088703564,1073.0,39.4775570272259,21.72859450726979,0.030326004548900682,96.46153846153847,-626,1.4434571890145396,No,False
995,PIDILITIND,2017,5617,4355,1262.0,22.47,115,14,115,1248,31.0,863,17.0,28.0,1066,51.0,3420,98,1202,4770,1275,148,1443,1904,4770,Materials,15.364073348762686,22.467509346626315,24.863151829443964,1147.0,32.13785374054357,18.09224318658281,0.028233938346297897,98.35714285714286,-1345,1.1775681341719078,No,False
996,PIDILITIND,2018,6078,4737,1341.0,22.06,153,16,120,1359,29.0,966,19.0,32.0,1067,51.0,3523,125,1500,5199,1342,228,1246,2383,5199,Materials,15.893385982230997,22.063178677196447,27.028539451594852,1221.0,33.008921330089215,18.580496249278706,0.03497481813094572,93.375,-1121,1.169070975187536,No,False
997,PIDILITIND,2019,7078,5707,1371.0,19.37,130,26,133,1342,31.0,928,18.0,36.0,1068,51.0,4097,113,1643,5904,1448,242,1548,2666,5904,Materials,13.111048318734106,19.369878496750495,22.372227579556416,1238.0,29.0542126261441,15.718157181571815,0.027242044358727097,57.73076923076923,-1435,1.1988482384823849,No,False
998,PIDILITIND,2020,7294,5718,1576.0,21.61,97,34,170,1470,24.0,1122,22.0,32.0,1069,51.0,4405,288,1779,6523,1807,259,1186,3270,6523,Materials,15.382506169454347,21.606800109679188,25.179533213644522,1406.0,29.63743676222597,17.200674536256326,0.06463195691202872,49.205882352941174,-898,1.11819714855128,No,False
999,PIDILITIND,2021,7293,5606,1686.0,23.12,74,37,201,1522,26.0,1126,22.0,38.0,1070,51.0,5542,331,2890,8814,4418,294,516,3586,8814,Materials,15.439462498286026,23.118058412176058,20.132308242445916,1485.0,25.067521944632006,12.775130474245518,0.059181119256213124,47.567567567567565,-185,0.827433628318584,No,False
1000,PIDILITIND,2022,9921,8065,1856.0,18.71,39,42,240,1614,25.0,1207,24.0,42.0,1071,51.0,6353,416,2675,9494,4703,225,459,4107,9494,Materials,12.166112287067836,18.707791553270837,18.847595252966894,1616.0,23.6950146627566,12.71329260585633,0.06495940037476577,45.11904761904762,-43,1.044975774173162,No,False
1001,PIDILITIND,2023,11799,9813,1986.0,16.83,55,48,270,1723,25.0,1289,25.0,44.0,1072,51.0,7161,391,2902,10505,4914,406,881,4304,10505,Materials,10.924654631748453,16.831934909738113,17.872989462007766,1716.0,22.570038142838353,12.270347453593528,0.05421519689406545,42.520833333333336,-490,1.1231794383626845,No,False
1002,PIDILITIND,2024,12383,9675,2708.0,21.87,63,51,341,2379,27.0,1747,34.0,47.0,1073,51.0,8356,382,3286,12076,5451,148,2235,4242,12076,Materials,14.108051360736493,21.868690947266415,20.780302129178065,2367.0,26.93139151211742,14.466710831401125,0.045438325205186154,54.333333333333336,-1853,1.0254223252732693,No,False
1004,PNB,2013,43071,12456,,,4310,27802,336,6786,27.0,5020,28.0,19.0,1075,50.0,568,6695,342,7655,14,4,777,6860,7655,Financials,11.655174014998492,,812.2977346278317,,,65.57805355976485,10.833333333333334,,5918,5.626518615284128,No,False
1005,PNB,2014,44958,16112,,,4710,28220,367,4969,29.0,3674,20.0,10.0,1076,66.0,868,10108,498,11540,26,3,645,10865,11540,Financials,8.172071711375061,,393.3618843683083,,,31.83708838821491,10.822269807280515,,9463,3.895840554592721,No,False
1006,PNB,2015,48710,18760,,,6175,31343,384,4397,24.0,3525,18.0,18.0,1077,104.0,1475,16481,976,19035,40,18,1586,17392,19035,Financials,7.236707041675221,,223.2425585813806,,,18.51851851851852,10.437618746041798,,14895,2.5589703178355663,No,False
1007,PNB,2016,50804,27453,,,6100,34331,413,-5293,-31.0,-3510,-19.0,-2.0,1078,127.0,2019,26014,1511,29671,58,4,1622,27987,29671,Financials,-6.908904810644831,,-163.56011183597388,,,-11.829732735667823,12.122087604846225,,24392,1.7122442789255503,No,False
1008,PNB,2017,48058,22533,,,9168,32722,430,1540,41.0,1239,6.0,0.0,1079,166.0,5412,35497,1885,42960,58,2,3280,39620,42960,Financials,2.578134753839111,,22.212262459662963,,,2.884078212290503,6.3637504481893155,,32217,1.1186685288640597,No,False
1009,PNB,2018,48725,43345,,,8883,33530,581,-19849,-37.0,-12111,-44.0,0.0,1080,167.0,6402,53777,2673,63018,255,10,2413,60340,63018,Financials,-24.855823499230375,,-184.36596133353632,,,-19.218318575645053,8.186481960724615,,51364,0.7731917864737059,No,False
1010,PNB,2019,52147,39645,,,7367,34656,584,-15370,-35.0,-9550,-21.0,0.0,1081,167.0,7268,71859,4456,83750,102,5,4457,79185,83750,Financials,-18.31361343893225,,-128.4465366509751,,,-11.402985074626866,9.664963012777404,,67402,0.6226507462686567,No,False
1011,PNB,2020,54918,25867,,,9388,36997,614,827,56.0,485,1.0,0.0,1082,168.0,7779,67736,3191,78874,250,4,2048,76572,78874,Financials,0.883134855602899,,6.1029319239964765,,,0.6149047848467175,8.523467975336604,,65688,0.6962750716332379,No,False
1012,PNB,2021,81935,38601,,,12777,50805,982,4325,38.0,2695,2.0,0.0,1083,168.0,8699,59394,3072,71333,181,2,2033,69117,71333,Financials,3.289192652712516,,30.393594225780983,,,3.7780550376403625,6.69831961204466,,57361,1.1486268627423493,No,False
1013,PNB,2022,76242,36026,,,12329,46823,896,4826,19.0,3908,4.0,18.0,1084,169.0,9632,52961,2888,65649,150,4,3472,62024,65649,Financials,5.125783688780462,,39.87348229772472,,,5.95287056923944,5.403632282420161,,49489,1.161358131883197,No,False
1014,PNB,2023,86845,41502,,,12529,51817,905,5151,35.0,3359,3.0,21.0,1085,169.0,10784,53621,2231,66805,146,3,3188,63468,66805,Financials,3.8678104669238302,,30.667397060166163,,,5.02806676146995,4.895553729571807,,50433,1.299977546590824,No,False
1015,PNB,2024,109065,39623,,,14158,68534,906,14160,35.0,9157,8.0,18.0,1086,260.0,14673,55017,2422,72371,206,15,4345,67804,72371,Financials,8.395910695456838,,61.320565191187306,,,12.652858189053626,3.684256345007701,,50672,1.5070262950629396,No,False
1017,POWERGRID,2013,13081,2244,10837.0,82.85,966,2599,3428,5776,25.0,4313,5.0,31.0,1135,4630.0,21773,69233,17748,113384,62568,35265,586,14964,113384,Energy,32.97148536044645,82.84534821496827,16.3352649320153,7409.0,7.747082688527334,3.8038876737458547,2.6221641480134834,4.541362062331666,68647,0.11536901150074085,No,False
1018,POWERGRID,2014,15555,2588,12967.0,83.36,725,3254,4079,6359,28.0,4548,5.0,30.0,1136,5232.0,29466,84220,22562,141480,74252,50069,423,16736,141480,Energy,29.238187078109934,83.36226293796207,13.107383710876707,8888.0,7.474057754082645,3.214588634435963,2.427229235114416,4.207744314689613,83797,0.1099448685326548,No,False
1019,POWERGRID,2015,17540,2613,14927.0,85.1,731,4081,5173,6404,21.0,5046,5.0,21.0,1137,5232.0,33207,96243,26102,160784,91191,53681,220,15693,160784,Energy,28.76852907639681,85.10262257696694,13.127292593459766,9754.0,7.242244694910975,3.1383719773111753,2.503785218137829,3.836804704729233,96023,0.10909045676186685,No,False
1020,POWERGRID,2016,20652,2468,18184.0,88.05,656,5086,6182,7572,21.0,5959,6.0,20.0,1138,5232.0,38738,108545,26797,179312,115094,45611,919,17688,179312,Energy,28.854348247143136,88.04958357544064,13.552422105981352,12002.0,7.869389896075796,3.323257785312751,2.468614964748692,3.7042862760519073,107626,0.11517355224413313,No,False
1021,POWERGRID,2017,25697,3247,22450.0,87.36,933,6204,7722,9457,21.0,7451,8.0,31.0,1139,5232.0,44634,118988,26809,195662,137678,38264,1165,18555,195662,Energy,28.995602599525238,87.36428376853328,14.94204467974171,14728.0,8.722328165160434,3.808097637763081,2.386154895118919,3.7690199871050933,117823,0.13133362635565413,No,False
1022,POWERGRID,2018,29954,3993,25961.0,86.67,4065,7324,9231,13471,39.0,8204,9.0,33.0,1140,5232.0,49194,131503,39425,225354,156198,37669,1224,30264,225354,Energy,27.388662616011217,86.66955999198771,15.073678021533826,16730.0,8.998058398636038,3.640494510858472,2.416179767023114,4.099672310212998,130279,0.13291976179699494,No,False
1023,POWERGRID,2019,35059,8140,26920.0,76.78,1505,8737,10541,9147,-10.0,10034,11.0,43.0,1141,5232.0,53857,146376,41916,247380,172740,37631,1296,35713,247380,Energy,28.62032573661542,76.78484839841411,16.981164006837144,16379.0,7.971674007738544,4.056108011965398,2.477212340706392,3.253405058944718,145080,0.14172123858032176,No,False
1024,POWERGRID,2020,37744,4858,32886.0,87.13,2820,9509,11607,14590,24.0,11059,12.0,47.0,1142,5232.0,59464,148270,43706,256671,181112,35177,1431,38951,256671,Energy,29.300021195421788,87.12908011869436,17.0937925064919,21279.0,9.991735770029019,4.308628555621788,2.2917954742178805,3.75496897675886,146839,0.14705206275738203,No,False
1025,POWERGRID,2021,39640,4734,34906.0,88.06,769,8135,12039,15501,22.0,12036,13.0,52.0,1143,5232.0,64704,143232,42539,255708,183726,24838,1486,45659,255708,Energy,30.363269424823407,88.05751765893038,17.210020590253947,22867.0,10.72721984538017,4.706931343563752,2.0480439258750858,4.385371850030731,141746,0.15502057033804184,No,False
1026,POWERGRID,2022,41622,5796,35826.0,86.07,4692,8036,12872,19610,14.0,16824,18.0,61.0,1144,6975.0,69272,134696,40008,250950,191773,12854,3788,42536,250950,Energy,40.420931238287444,86.07467204843591,22.065130431361236,22954.0,10.881612568324146,6.70412432755529,1.7665744226002336,5.042060726729717,130908,0.16585774058577407,No,False
1027,POWERGRID,2023,45603,6028,39576.0,86.78,1093,9634,13333,17702,13.0,15420,17.0,67.0,1145,6975.0,76051,128584,40615,252225,185437,13772,3489,49527,252225,Energy,33.81356489704624,86.78376422603776,18.57249536289837,26243.0,12.401587826662256,6.113589057389236,1.5487196781731023,4.22140336308906,125095,0.1808028545941124,No,False
1028,POWERGRID,2024,45843,6017,39826.0,86.87,556,8773,13095,18514,16.0,15573,17.0,67.0,1146,9301.0,77845,123516,40168,250829,177761,18197,4163,50708,250829,Energy,33.97028990249329,86.87476823070044,17.870011245496066,26731.0,12.689046909266978,6.208612241806171,1.4173456039290386,4.60298643565485,119353,0.18276594811604718,No,False
1030,RECLTD,2013,13634,365,13270.0,97.33,4,8083,4,5186,26.0,3833,15.0,21.0,1161,987.0,16543,107762,5277,130570,72,9,638,129851,130570,Financials,28.113539680211236,97.33020390200969,21.86537364517969,13266.0,10.588066277176516,2.9355901049245614,6.147290359383914,1.6422120499814425,107124,0.10441908554798192,No,False
1031,RECLTD,2014,17223,572,16650.0,96.67,6,10035,5,6617,28.0,4741,18.0,20.0,1162,987.0,19816,126173,5968,152944,73,10,1690,151170,152944,Financials,27.527143935435173,96.67305347500435,22.789982214103734,16645.0,11.324978227737862,3.0998273878020717,6.065134836321684,1.6597907324364722,124483,0.1126098441259546,No,False
1032,RECLTD,2015,20544,1149,19395.0,94.41,6,11840,8,7552,29.0,5344,20.0,20.0,1163,987.0,24085,150979,7404,183456,110,10,1596,181740,183456,Financials,26.012461059190027,94.4071261682243,21.31461391193363,19387.0,11.012149888384617,2.912960055817199,6.021817166560306,1.638597972972973,149383,0.1119832548403977,No,False
1033,RECLTD,2016,24125,1680,22445.0,93.04,4,14282,20,8147,30.0,5691,22.0,30.0,1164,987.0,27906,169212,8840,206945,254,78,2352,204261,206945,Financials,23.589637305699483,93.03626943005182,19.69681237670024,22425.0,11.319754675550845,2.750006040252241,5.856505035821825,1.5718386780562947,166860,0.11657686825001812,No,False
1034,RECLTD,2017,24338,1888,22450.0,92.24,24,13462,40,8972,30.0,6313,24.0,30.0,1165,1975.0,31696,167852,8723,210245,355,166,2617,207108,210245,Financials,25.938861040348428,92.2425836141014,18.749071901636423,22410.0,11.120318772547053,3.002687340959357,4.9850613287398655,1.6694399049175457,165235,0.11576018454660039,No,False
1035,RECLTD,2018,22658,3379,19279.0,85.09,18,13333,7,5958,25.0,4451,17.0,41.0,1166,1975.0,30613,204367,5416,242370,132,129,2948,239162,242370,Financials,19.644275752493602,85.08694500838556,13.658401865717442,19272.0,8.133189846173323,1.8364484053306929,6.271234810359641,1.4473111827795695,201419,0.09348516730618475,No,False
1036,RECLTD,2019,25408,1702,23705.0,93.3,33,15639,8,8090,29.0,5741,22.0,38.0,1167,1975.0,32571,244249,19659,298454,165,199,2463,295627,298454,Financials,22.59524559193955,93.29738664987406,16.618421814392402,23697.0,8.499793755268207,1.9235795130907944,7.0702541538817805,1.5178719866999169,241786,0.08513204714964451,No,False
1037,RECLTD,2020,29942,3981,25961.0,86.7,72,18991,12,7030,29.0,4972,19.0,44.0,1168,1975.0,33422,286289,25345,347030,166,288,2386,344190,347030,Financials,16.605437178545188,86.70429497027587,14.046388111986891,25949.0,8.066561802503063,1.432729158862346,8.087945306099387,1.3708072244747511,283903,0.08628072500936518,No,False
1038,RECLTD,2021,35557,3292,32265.0,90.74,15,21489,11,10780,22.0,8378,32.0,30.0,1169,1975.0,41789,329723,27380,400867,267,336,1981,398282,400867,Financials,23.562167786933657,90.74162612143881,19.143588337446303,32254.0,8.635909683603446,2.089969990046574,7.534114797550498,1.5021638978081808,327742,0.08870024222497735,No,False
1039,RECLTD,2022,39276,4838,34438.0,87.68,62,22051,18,12431,19.0,10036,38.0,30.0,1170,1975.0,49339,333043,26503,410860,628,6,2190,408035,410860,Financials,25.55250025460841,87.68204501476728,19.558015356432943,34420.0,8.955216114185511,2.4426812052767364,6.490295046186226,1.5645548954695931,330853,0.09559460643528209,No,False
1040,RECLTD,2023,39486,1858,37628.0,95.29,28,23733,24,13898,20.0,11167,42.0,30.0,1171,2633.0,55487,380790,26592,465503,641,3,3170,461689,465503,Financials,28.28090968951021,95.29453477181787,19.213695801789402,37604.0,8.567587888177531,2.3989104259263634,6.551789401238816,1.5866514979142965,377620,0.08482437277525601,No,False
1041,RECLTD,2024,47517,-366,47883.0,100.77,48,29948,24,17960,21.0,14145,54.0,30.0,1172,2633.0,66717,445568,33273,548191,632,24,5352,542184,548191,Financials,29.7682934528695,100.7702506471368,20.39653929343908,47859.0,9.294489608054098,2.5803050396668312,6.4249170872386445,1.6004741552023507,440216,0.08667964267928514,No,False
1043,RELIANCE,2013,395957,362802,33155.0,8.37,7757,3463,11232,26217,20.0,20886,15.0,13.0,1174,2936.0,179119,107219,73083,362357,133487,49952,42848,136070,362357,Energy,5.274815194579209,8.373383978563329,11.472357254675785,21923.0,7.578627875301618,5.763928943003723,0.5889374090247452,11.814034074501876,64371,1.0927262340730275,No,False
1044,RELIANCE,2014,433521,398586,34935.0,8.06,8865,3836,11201,28763,22.0,22548,16.0,12.0,1175,2940.0,195747,138761,91395,428843,141417,91494,60602,135330,428843,Energy,5.2011321250873666,8.058433155487277,11.348502921680835,23734.0,7.033379957800906,5.257868264143288,0.698389929889726,11.418143899895725,78159,1.0109084210305403,No,False
1045,RELIANCE,2015,374372,336923,37449.0,10.0,8528,3316,11547,31114,24.0,23640,17.0,12.0,1176,2943.0,215556,168251,117736,504486,156458,166462,76451,105115,504486,Energy,6.314574807945039,10.003151945124102,10.81927148408002,25902.0,6.697349709114415,4.685957588515835,0.7700309841234971,13.865199034981906,91800,0.7420860043688031,No,False
1046,RELIANCE,2016,272583,230802,41781.0,15.33,12212,3691,11565,38737,23.0,29861,22.0,10.0,1177,2948.0,228608,194714,172727,598997,184910,228697,84015,101375,598997,Energy,10.954828437576811,15.327808410649233,12.895800583876039,30216.0,7.088465057358012,4.985166870618717,0.8408937794745116,14.628285017610404,110699,0.45506571819224473,No,False
1047,RELIANCE,2017,303954,257647,46307.0,15.23,9222,3849,11646,40034,25.0,29833,22.0,11.0,1178,2959.0,260750,217475,225618,706802,198526,324837,82899,100540,706802,Energy,9.81497200234246,15.234871066016566,11.31284863239404,34661.0,7.203273591806876,4.2208426122167175,0.8246779594173881,14.426864120550793,134576,0.43004122795351457,No,False
1048,RELIANCE,2018,390823,326508,64315.0,16.46,9869,8052,16706,49426,27.0,36080,27.0,10.0,1179,5922.0,287584,239843,277924,811273,403885,187022,82862,137504,811273,Energy,9.231800584919515,16.456298631349743,12.292764032081116,47609.0,8.926425286257217,4.447331539444798,0.8171655775350418,9.21311475409836,156981,0.48174042523293636,No,False
1049,RELIANCE,2019,568337,484087,84250.0,14.82,8406,16495,20934,55227,28.0,39837,29.0,10.0,1180,5926.0,381186,307714,302804,997630,398374,179463,235635,184158,997630,Energy,7.00939759332931,14.823951282425742,10.290820227737708,63316.0,9.11249722952221,3.9931637982017385,0.7948965674016822,5.617217338587451,72079,0.569687158565801,No,False
1050,RELIANCE,2020,596679,507413,89266.0,14.96,8570,22027,22203,53606,26.0,39880,29.0,10.0,1181,6339.0,442827,355133,358716,1163015,532658,109106,276767,244484,1163015,Energy,6.683660728800578,14.960472884080051,8.878677370949715,67063.0,8.338068305443622,3.429018542323186,0.7906497820404929,4.441639805693013,78366,0.5130449736245878,No,False
1051,RELIANCE,2021,466307,385517,80790.0,17.33,22432,21189,26572,55461,3.0,53739,39.0,9.0,1182,6445.0,693727,278962,340931,1320065,541258,125953,364828,288026,1320065,Energy,11.524382005845935,17.32549586431257,7.675114114817502,54218.0,5.537342181968964,4.0709359008836685,0.398419245556806,4.871489924017179,-85866,0.35324548412388784,No,False
1052,RELIANCE,2022,694673,586092,108581.0,15.63,19600,14584,29782,83815,19.0,67845,45.0,9.0,1183,6765.0,772720,319158,399979,1498622,627798,172506,394264,304054,1498622,Energy,9.76646566082171,15.630519683361813,8.703823678454365,78799.0,7.172393580080154,4.527158950022088,0.40944726325715053,8.789152495885903,-75106,0.4635411731577409,No,False
1053,RELIANCE,2023,876396,734078,142318.0,16.24,12020,19571,40303,94464,22.0,74088,49.0,9.0,1184,6766.0,709106,451664,438346,1605882,724805,293752,235560,351765,1605882,Energy,8.45371270521545,16.239006111392566,10.349336194179966,102015.0,8.737632073015307,4.613539475503181,0.6309284341334763,7.886055899034285,216104,0.5457412188442239,No,False
1054,RELIANCE,2024,899041,736543,162498.0,18.07,16179,23118,50832,104727,25.0,79020,51.0,10.0,1185,6766.0,786715,458991,502576,1755048,779985,338855,225672,410536,1755048,Energy,8.789365557299389,18.07459281612296,9.958650553699458,111666.0,8.915648413697072,4.502440958879758,0.5784524141094746,7.728912535686478,233319,0.5122600635424216,No,False
1056,SBILIFE,2013,14870,14443,427.0,2.87,292,4,25,690,9.0,630,6.0,8.0,1187,1000.0,1736,0,50978,53714,283,3,50047,3382,53714,Financials,4.236718224613315,2.8715534633490245,23.026315789473685,402.0,14.692982456140353,1.1728785791413783,0.0,179.75,-50047,0.276836578917973,Yes,False
1057,SBILIFE,2014,17258,16747,511.0,2.96,344,5,35,816,11.0,728,7.0,14.0,1188,1000.0,2356,0,57284,60640,304,4,56275,4058,60640,Financials,4.218333526480473,2.9609456483949472,21.69249106078665,476.0,14.183551847437425,1.2005277044854883,0.0,171.0,-56275,0.2845976253298153,Yes,False
1058,SBILIFE,2015,23399,22505,794.0,3.39,183,4,34,939,13.0,815,8.0,15.0,1189,1000.0,3056,0,70064,74121,292,7,69385,4437,74121,Financials,3.4830548314030514,3.3933074062994146,20.09368836291913,760.0,18.73767258382643,1.0995534329002576,0.0,244.25,-69385,0.31568651259427155,Yes,False
1059,SBILIFE,2016,19324,18404,920.0,4.76,129,5,37,1007,16.0,844,8.0,14.0,1190,1000.0,3733,0,78696,83429,301,146,77843,5139,83429,Financials,4.367625750362244,4.760919064375906,17.832241707162478,883.0,18.656243397422354,1.0116386388426086,0.0,209.8,-77843,0.23162209783168922,Yes,False
1060,SBILIFE,2017,30548,29479,1068.0,3.5,139,5,48,1154,17.0,955,10.0,16.0,1191,1000.0,4552,0,96687,102240,507,31,95830,5871,102240,Financials,3.1262275762734055,3.496137226659683,17.201008645533143,1020.0,18.371757925072046,0.9340766823161188,0.0,241.4,-95830,0.2987871674491393,Yes,False
1061,SBILIFE,2018,34068,32736,1332.0,3.91,156,6,59,1422,19.0,1150,12.0,17.0,1192,1000.0,5528,0,115193,121720,511,70,114436,6703,121720,Financials,3.3756017377010687,3.9098274040154988,17.61642156862745,1273.0,19.50061274509804,0.9447913243509694,0.0,248.0,-114436,0.2798882681564246,Yes,False
1062,SBILIFE,2019,44604,43130,1474.0,3.3,266,8,92,1642,19.0,1327,13.0,15.0,1193,1000.0,6576,0,139157,146734,563,32,139325,6814,146734,Financials,2.9750695004932295,3.304636355483813,17.51583949313622,1382.0,18.24181626187962,0.9043575449452751,0.0,217.5,-139325,0.30397862799351205,Yes,False
1063,SBILIFE,2020,43798,42447,1351.0,3.08,529,0,89,1790,21.0,1422,14.0,0.0,1194,1000.0,7743,0,156837,165580,568,13,158813,6186,165580,Financials,3.246723594684689,3.0846157358783506,16.264440123527393,1262.0,14.434404666590414,0.8587993719048195,0.0,,-158813,0.26451262229737893,Yes,False
1064,SBILIFE,2021,81913,81040,872.0,1.06,867,0,99,1640,11.0,1456,15.0,17.0,1195,1000.0,9400,0,216430,226830,564,1,218756,7509,226830,Financials,1.7774956356133946,1.0645440894607694,14.000000000000002,773.0,7.432692307692308,0.641890402504078,0.0,,-218756,0.36112066305162455,Yes,False
1065,SBILIFE,2022,82983,82254,730.0,0.88,1032,0,75,1687,11.0,1506,15.0,13.0,1196,1000.0,10622,0,261715,273337,919,3,264437,7978,273337,Financials,1.8148295434004555,0.8796982514490921,12.958182756840475,655.0,5.635863018413354,0.5509682187190171,0.0,,-264437,0.3035922688841979,Yes,False
1066,SBILIFE,2023,80636,80514,122.0,0.15,1862,10,68,1906,10.0,1721,17.0,15.0,1197,1001.0,12017,0,301582,314599,867,1,303988,9743,314599,Financials,2.1342824544868297,0.15129718736048417,13.220156706099248,54.0,0.4148102627131664,0.547045604086472,0.0,198.4,-303988,0.2563135928594814,Yes,False
1067,SBILIFE,2024,131988,131742,246.0,0.19,1917,9,76,2078,9.0,1894,19.0,14.0,1198,1001.0,13907,0,383390,398299,1198,6,384943,12152,398299,Financials,1.4349789374791648,0.18638058005273206,12.704588140595655,170.0,1.140327341024953,0.4755221579767963,0.0,240.33333333333334,-384943,0.33137919000549837,Yes,False
1082,SHREECEM,2013,5418,3857,1561.0,28.81,187,193,436,1119,10.0,1004,288.0,7.0,1213,35.0,3809,1288,1028,6160,1782,133,2203,2042,6160,Materials,18.530823181985973,28.811369509043928,26.11862643080125,1125.0,21.921278254091973,16.2987012987013,0.3350676378772112,9.05699481865285,-915,0.8795454545454545,No,False
1083,SHREECEM,2014,5715,4325,1390.0,24.32,104,129,550,815,3.0,787,226.0,10.0,1214,35.0,4676,1200,1418,7329,2194,758,2244,2132,7329,Materials,13.770778652668417,24.32195975503062,16.705582678836763,840.0,14.210793435966842,10.738163460226497,0.25472298874973465,11.581395348837209,-1044,0.7797789602947196,No,False
1084,SHREECEM,2015,6259,4916,1344.0,21.47,102,121,925,401,-6.0,426,122.0,20.0,1215,35.0,5241,917,1805,7998,3004,511,1662,2820,7998,Materials,6.806199073334398,21.47307876657613,8.074298711144806,419.0,6.765703213305345,5.326331582895724,0.17380591357088704,11.950413223140496,-745,0.7825706426606651,No,False
1085,SHREECEM,2016,5514,4107,1407.0,25.52,673,76,828,1176,3.0,1143,328.0,7.0,1216,35.0,6811,881,1737,9463,3050,264,3030,3118,9463,Materials,20.729053318824807,25.516866158868336,16.695880806310253,579.0,7.49320564255209,12.078622001479445,0.1286882851300029,27.36842105263158,-2149,0.5826904787065412,No,False
1086,SHREECEM,2017,8594,6081,2513.0,29.24,362,129,1215,1531,13.0,1339,384.0,36.0,1217,35.0,7663,1293,2175,11166,2599,710,4042,3814,11166,Materials,15.580637654177332,29.24133116127531,17.394128345024683,1298.0,14.436658881103327,11.99176070213147,0.16796570537802027,22.286821705426355,-2749,0.769657890023285,No,False
1087,SHREECEM,2018,9833,7360,2473.0,25.15,389,135,899,1827,24.0,1384,397.0,13.0,1218,35.0,8862,3403,2842,15142,3589,1427,5434,4691,15142,Materials,14.075053391640393,25.15000508491813,15.55580532763853,1574.0,12.796747967479675,9.140140007924977,0.3824884792626728,21.2,-2031,0.649385814291375,No,False
1088,SHREECEM,2019,12555,9758,2797.0,22.28,69,248,1472,1146,11.0,1015,289.0,21.0,1219,35.0,9636,2803,3019,15493,6182,1129,2286,5896,15493,Materials,8.084428514536041,22.277976901632815,10.495295212490953,1325.0,10.622093955427289,6.551345769056994,0.2898355909419915,11.556451612903226,517,0.810365971729168,No,False
1089,SHREECEM,2020,12868,9098,3771.0,29.31,263,291,1808,1934,20.0,1544,426.0,26.0,1220,36.0,13133,3146,3629,19944,6163,1197,6358,6227,19944,Materials,11.998756605533105,29.305253341622628,11.72450451818665,1963.0,12.03187250996016,7.741676694745286,0.2388943731490622,13.862542955326461,-3212,0.6452065784195748,No,False
1090,SHREECEM,2021,13560,9468,4091.0,30.17,426,251,1262,3004,24.0,2337,646.0,9.0,1221,36.0,15361,2230,3886,21513,6216,997,8500,5800,21513,Materials,17.234513274336283,30.169616519174042,15.17828148340586,2829.0,16.049242639133148,10.863198995955933,0.14483340910566994,17.99601593625498,-6270,0.6303165527820388,No,False
1091,SHREECEM,2022,15010,11300,3710.0,24.72,544,263,1146,2892,19.0,1269,352.0,14.0,1222,36.0,17424,2129,4159,23749,7282,1054,9033,6380,23749,Materials,8.454363757495004,24.716855429713526,7.268041237113403,2564.0,13.088978508346521,5.343382879279127,0.12193585337915235,16.174904942965778,-6904,0.6320266116468062,No,False
1092,SHREECEM,2023,17852,14893,2960.0,16.58,459,263,1661,1495,15.0,2369,664.0,28.0,1223,36.0,18600,2725,4973,26334,7481,2797,8683,7373,26334,Materials,13.270221823885278,16.580775263275825,12.711955355226442,1299.0,6.081175974907542,8.99597478544847,0.14622236531444516,13.0,-5958,0.6779068884332042,No,False
1093,SHREECEM,2024,20521,16003,4518.0,22.02,597,258,1897,2959,19.0,1733,480.0,16.0,1224,36.0,20667,1656,5566,27925,9591,1930,7556,8848,27925,Materials,8.445007553238145,22.01647093221578,8.370767521615225,2621.0,11.722348942260387,6.205908683974934,0.07998840747717723,19.825581395348838,-5900,0.7348612354521038,No,False
1095,SHRIRAMFIN,2013,7009,1738,2179.0,31.09,7,3092,23,2163,32.0,1463,12.0,11.0,1260,227.0,7111,33386,6550,47274,72,0,3280,43922,47274,Financials,20.873163076045085,31.088600370951635,19.937312619242302,2156.0,5.2941754248109225,3.0947243728053473,4.549741073862088,0.7069857697283312,30106,0.1482633159876465,No,False
1096,SHRIRAMFIN,2014,8476,2244,1999.0,23.58,4,4233,33,1970,31.0,1358,11.0,12.0,1261,227.0,8283,38630,5192,52332,155,0,2435,49742,52332,Financials,16.021708352996697,23.58423784804153,15.957696827262044,1966.0,4.170555791260076,2.5949705724986623,4.539365452408931,0.47318686510748875,36195,0.16196590995948942,No,False
1097,SHRIRAMFIN,2015,9177,2781,1691.0,18.43,2,4706,43,1650,38.0,1028,8.0,22.0,1262,227.0,9039,46695,6193,62154,154,0,3037,58962,62154,Financials,11.201917838073443,18.426501035196686,11.094323332613858,1648.0,2.9449080609710334,1.6539563020883612,5.039391323116771,0.3597535061623459,43658,0.14764938700646782,No,False
1098,SHRIRAMFIN,2016,10359,3447,1824.0,17.61,3,5088,38,1789,34.0,1184,9.0,19.0,1263,227.0,9949,49790,8048,68013,152,0,1340,66522,68013,Financials,11.429674679023073,17.607877208224732,11.635220125786164,1786.0,2.9783544008271354,1.7408436622410421,4.892885220125786,0.3590801886792453,48450,0.15230911737461955,No,False
1099,SHRIRAMFIN,2017,10903,3712,1972.0,18.09,1,5219,35,1938,35.0,1266,10.0,7.0,1264,227.0,11105,53080,10034,74446,136,0,1518,72791,74446,Financials,11.611483078051913,18.08676511052004,11.17190257677374,1937.0,3.0072036266534186,1.7005614808048786,4.684080480056477,0.37804177045410997,51562,0.1464551486983854,No,False
1100,SHRIRAMFIN,2018,13502,3288,3805.0,28.18,127,6409,37,3896,35.0,2549,20.0,10.0,1265,227.0,13463,82131,1539,97360,122,0,2456,94782,97360,Financials,18.878684639312695,28.181010220708043,18.619430241051862,3768.0,3.932332161008547,2.6181183237469186,5.999342585829072,0.6135122484006865,79675,0.1386811832374692,No,False
1101,SHRIRAMFIN,2019,15536,4171,3801.0,24.47,20,7564,43,3778,32.0,2576,20.0,11.0,1266,227.0,15736,87914,1542,105419,147,0,4126,101146,105419,Financials,16.580844490216272,24.465756951596294,16.13731754682704,3758.0,3.617740211981478,2.443582276439731,5.507360771784752,0.5051560021152829,83788,0.14737381306975023,No,False
1102,SHRIRAMFIN,2020,16561,4683,3565.0,21.53,14,8313,141,3439,27.0,2512,20.0,5.0,1267,227.0,17915,94735,1389,114266,489,0,2936,110841,114266,Financials,15.168166173540246,21.526477869693856,13.84632344835189,3424.0,3.0333903275246508,2.1983792204155215,5.221860875316944,0.4305304944063515,91799,0.14493375107205994,No,False
1103,SHRIRAMFIN,2021,17422,4932,3402.0,19.53,14,9089,137,3278,24.0,2499,18.0,18.0,1268,253.0,21464,106546,1647,129910,437,0,3347,126126,129910,Financials,14.343932958328551,19.527034783606933,11.50711424229866,3265.0,2.5455509383064485,1.9236394426910937,4.906110420407975,0.37583892617449666,103199,0.13410822877376646,No,False
1104,SHRIRAMFIN,2022,19255,5816,3666.0,19.04,18,9773,135,3549,24.0,2721,20.0,20.0,1269,271.0,25824,114846,1328,142268,418,0,6971,134879,142268,Financials,14.131394443001819,19.03921059465074,10.427284920482851,3531.0,2.505303637692368,1.9125875108949308,4.401073002490898,0.3769569221324056,107875,0.13534315517192905,No,False
1105,SHRIRAMFIN,2023,30492,8706,8799.0,28.86,16,12987,601,8214,27.0,6020,32.0,22.0,1270,374.0,43138,164202,2858,210573,3714,66,7430,199363,210573,Financials,19.742883379247015,28.856749311294767,13.835263835263836,8198.0,3.946772966675333,2.8588660464541986,3.7737175951461666,0.6787556787556788,156772,0.14480488951574988,No,False
1106,SHRIRAMFIN,2024,36388,10278,10523.0,28.92,25,15588,588,9960,26.0,7399,39.0,23.0,1271,376.0,48571,195496,3823,248266,3718,0,9472,235076,248266,Financials,20.333626470264925,28.918874354182698,15.116350338120824,9935.0,4.0643421983857175,2.9802711607711085,3.994034363699512,0.6766743648960739,186024,0.14656859980827017,No,False
1108,SIEMENS,2011,11955,10784,1171.0,9.8,299,26,154,1290,33.0,868,,24.0,1273,68.0,3748,0,6341,10158,1169,249,0,8739,10158,Industrials,7.26056043496445,9.795064826432455,22.746331236897273,1017.0,26.650943396226417,8.544989171096674,0.0,56.53846153846154,0,1.1769049025398701,Yes,False
1109,SIEMENS,2014,10678,10559,119.0,1.11,985,31,229,844,28.0,603,17.0,35.0,1274,71.0,4304,0,5915,10290,1356,41,8,8886,10290,Industrials,5.6471249297621275,1.1144409065368046,13.782857142857145,-110.0,-2.5142857142857142,5.860058309037901,0.0,35.61290322580645,-8,1.037706511175899,Yes,False
1110,SIEMENS,2015,10563,9565,998.0,9.45,943,30,224,1688,30.0,1174,33.0,30.0,1275,71.0,5046,25,5433,10576,1394,32,114,9037,10576,Industrials,11.114266780270757,9.448073463978037,22.94313074066836,774.0,15.052508751458577,11.100605143721634,0.004885675200312683,64.7,-89,0.9987708018154312,No,False
1111,SIEMENS,2016,10837,9815,1021.0,9.42,3156,11,228,3938,26.0,2914,82.0,41.0,1276,71.0,6732,25,5157,11986,1227,79,110,10570,11986,Industrials,26.889360524130296,9.421426594075852,42.83404380420402,793.0,11.61394258933802,24.311696979809778,0.003674849331177422,379.72727272727275,-85,0.9041381611880527,No,False
1112,SIEMENS,2017,11065,10008,1056.0,9.54,818,8,198,1669,32.0,1137,32.0,22.0,1277,71.0,7619,0,5448,13138,1365,143,0,11630,13138,Industrials,10.275643922277451,9.543605964753727,14.785435630689205,858.0,11.157347204161248,8.654285279342364,0.0,234.25,0,0.8422134267011722,Yes,False
1113,SIEMENS,2018,12795,11468,1327.0,10.37,280,8,198,1402,36.0,901,25.0,28.0,1278,71.0,8228,0,6037,14336,1381,62,0,12893,14336,Industrials,7.041813208284486,10.371238765142634,10.85672972647307,1129.0,13.604048680563924,6.284877232142858,0.0,200.875,0,0.8925083705357143,Yes,False
1114,SIEMENS,2019,13084,11594,1490.0,11.39,398,12,199,1678,34.0,1099,31.0,23.0,1279,71.0,8978,0,6309,15358,1219,58,0,14081,15358,Industrials,8.399571996331396,11.38795475389789,12.144988396507902,1291.0,14.266769808818655,7.15587967183227,0.0,157.33333333333334,0,0.8519338455528064,Yes,False
1115,SIEMENS,2020,9946,8944,1003.0,10.08,315,30,252,1036,26.0,769,22.0,32.0,1280,71.0,9421,0,6368,15860,1196,88,0,14576,15860,Industrials,7.7317514578725115,10.08445606273879,8.1015592077539,751.0,7.911925832279815,4.848675914249685,0.0,43.93333333333333,0,0.6271122320302648,Yes,False
1116,SIEMENS,2021,13198,11746,1452.0,11.0,321,24,297,1452,25.0,1089,31.0,26.0,1281,71.0,10276,4,7664,18015,3264,35,3,14713,18015,Industrials,8.25125018942264,11.001666919230187,10.52478979414323,1155.0,11.158342189160468,6.04496253122398,0.0003865854837150865,73.875,1,0.7326117124618373,No,False
1117,SIEMENS,2022,16138,14278,1860.0,11.53,487,36,317,1993,23.0,1543,43.0,23.0,1282,71.0,11539,182,8317,20109,3107,52,1,16949,20109,Industrials,9.561283926137069,11.525591770975337,13.290267011197244,1543.0,13.085142469470828,7.673181162663484,0.015676141257536608,65.19444444444444,181,0.8025262320354071,No,False
1118,SIEMENS,2023,19554,17067,2487.0,12.72,496,23,321,2640,26.0,1962,55.0,18.0,1283,71.0,13016,175,8384,21646,3038,50,1,18556,21646,Industrials,10.03375268487266,12.718625345197914,14.991976770841292,2166.0,16.332378223495702,9.064030305830178,0.01337204859784519,129.69565217391303,174,0.9033539684006283,No,False
1119,SIEMENS,2024,22240,19136,3104.0,13.96,925,60,330,3639,25.0,2718,76.0,16.0,1284,71.0,15286,279,9663,25299,3112,103,1,22082,25299,Industrials,12.221223021582734,13.956834532374101,17.698769290877124,2774.0,17.7411102583781,10.743507648523657,0.018167610861496385,67.15,278,0.8790861298865568,No,False
1120,SUNPHARMA,2013,11131,6346,4784.0,42.98,-90,43,336,4315,20.0,3469,14.0,9.0,1310,104.0,14886,260,5128,20377,5647,563,2412,11756,20377,Healthcare,31.165214266463032,42.979067469230074,23.142094729819878,4448.0,29.167213114754098,17.024095794277862,0.01734489659773182,109.16279069767442,-2152,0.5462531285272612,No,False
1121,SUNPHARMA,2014,16080,9078,7003.0,43.55,-1968,44,409,4581,15.0,3879,15.0,10.0,1311,207.0,18318,2561,8009,29095,6817,842,2786,18650,29095,Healthcare,24.12313432835821,43.55099502487562,20.939271255060728,6594.0,31.271933984634355,13.332187661110156,0.13824561403508773,114.43181818181819,-225,0.5526722804605603,No,False
1122,SUNPHARMA,2015,27392,19498,7894.0,28.82,283,579,1195,6403,14.0,5476,22.0,14.0,1312,207.0,25431,8996,14089,48723,12682,2039,2716,31286,48723,Healthcare,19.99123831775701,28.818633177570092,21.358920352601608,6699.0,19.342264826471098,11.239045214785625,0.35088540447772837,14.122625215889464,6280,0.5621985509923445,No,False
1123,SUNPHARMA,2016,28487,20313,8174.0,28.69,-42,523,1038,6571,14.0,5658,19.0,5.0,1313,241.0,32742,8497,13948,55428,15872,2175,1830,35550,55428,Healthcare,19.861691297784954,28.693790149892934,17.154291604766094,7136.0,17.20347155255545,10.207837194197879,0.25761756056150137,15.548757170172085,6667,0.5139460200620625,No,False
1124,SUNPHARMA,2017,31578,21476,10102.0,31.99,610,400,1265,9048,13.0,7846,29.0,12.0,1314,240.0,36400,9832,14624,61095,17675,2801,1192,39427,61095,Healthcare,24.846412059028438,31.99062638545823,21.413755458515286,8837.0,19.01575142021002,12.842294786807432,0.2683406113537118,26.78,8640,0.5168671740731647,No,False
1125,SUNPHARMA,2018,26489,20858,5631.0,21.26,-135,518,1500,3479,26.0,2542,9.0,23.0,1315,240.0,38074,10385,15598,64297,18853,2465,7143,35837,64297,Healthcare,9.596436256559326,21.257880629695343,6.634650519392389,4131.0,8.482720384402144,3.9535281583899717,0.2710497468288354,10.61003861003861,3242,0.4119787859464672,No,False
1126,SUNPHARMA,2019,29066,22689,6377.0,21.94,-258,555,1753,3810,16.0,3208,11.0,25.0,1316,240.0,41169,10514,12666,64590,21837,1411,7903,33439,64590,Healthcare,11.036950388770386,21.939723388151105,7.747108116593012,4624.0,8.905494674806926,4.96671311348506,0.25390615566664254,11.025225225225226,2611,0.4500077411363988,No,False
1127,SUNPHARMA,2020,32838,25855,6983.0,21.26,382,303,2053,5010,16.0,4172,16.0,25.0,1317,240.0,45025,8315,14615,68194,22847,1220,10143,33984,68194,Healthcare,12.704793227358548,21.264997868323285,9.216834198608197,4930.0,9.201194475550578,6.117840279203449,0.18369601237158953,24.306930693069308,-1828,0.48153796521688125,No,False
1128,SUNPHARMA,2021,33498,25028,8470.0,25.29,-3449,141,2080,2799,18.0,2272,12.0,62.0,1318,240.0,46223,3869,17291,67622,21553,1567,9612,34890,67622,Healthcare,6.782494477282226,25.285091647262526,4.889912403417773,6390.0,12.695700548358896,3.359853302179764,0.08327055936982115,35.60992907801418,-5743,0.4953713288574724,No,False
1129,SUNPHARMA,2022,38654,28397,10258.0,26.54,-3505,127,2144,4481,24.0,3389,14.0,73.0,1319,240.0,47771,1290,20474,69776,22665,1287,12849,32975,69776,Healthcare,8.767527293423708,26.538003828840484,7.0587990252233865,8114.0,16.45808401452303,4.856970878238935,0.02686884255691404,53.173228346456696,-11559,0.5539727126805778,No,False
1130,SUNPHARMA,2023,43886,32235,11650.0,26.55,459,172,2529,9408,9.0,8513,35.0,33.0,1320,240.0,55755,6886,17831,80712,24065,4973,14824,36849,80712,Healthcare,19.39798569019733,26.546051132479608,15.20314313778016,9121.0,14.505176444394968,10.547378332837743,0.12297526564871863,70.40116279069767,-7938,0.5437357518089008,No,False
1131,SUNPHARMA,2024,48497,35479,13018.0,26.84,865,238,2557,11088,13.0,9610,40.0,34.0,1321,240.0,63427,3274,18367,85308,23211,5354,15026,41717,85308,Healthcare,19.815658700538176,26.84289749881436,15.094161810671148,10461.0,15.627194096293751,11.2650630655976,0.051423814535002436,58.331932773109244,-11752,0.5684929901064378,No,False
1133,TATACONSUM,2013,7351,6581,770.0,10.47,56,84,105,637,26.0,445,6.0,36.0,1401,62.0,4748,1389,2595,8794,4434,91,578,3691,8794,Consumer Staples,6.0535981499115765,10.474765338049245,9.251559251559252,665.0,10.727536699467656,5.060268364794178,0.28877338877338876,9.833333333333334,811,0.835910848305663,No,False
1134,TATACONSUM,2014,7738,6986,752.0,9.72,170,87,129,707,26.0,510,7.0,29.0,1402,62.0,5787,1438,2625,9911,5181,60,611,4060,9911,Consumer Staples,6.590850348927371,9.7182734556733,8.719439220379552,623.0,8.549471661863594,5.145797598627787,0.24585399213540776,10.597701149425287,827,0.7807486631016043,No,False
1135,TATACONSUM,2015,7993,7201,792.0,9.91,-77,82,133,500,43.0,273,4.0,6.0,1403,62.0,5431,1324,2641,9458,4922,47,622,3867,9458,Consumer Staples,3.415488552483423,9.908670086325534,4.96996176952485,659.0,9.66700894821769,2.886445337280609,0.24103404332787184,8.71951219512195,702,0.8451046732924509,No,False
1136,TATACONSUM,2016,6637,6271,366.0,5.51,38,117,117,170,99.0,-37,0.0,-999.0,1404,63.0,6184,1354,2294,9895,4662,39,1366,3828,9895,Consumer Staples,-0.5574807895133344,5.514539701672443,-0.5922842964623019,249.0,3.2758847520063155,-0.3739262253663466,0.21674403713782617,3.452991452991453,-12,0.6707427993936331,No,False
1137,TATACONSUM,2017,6780,5988,791.0,11.67,88,43,126,662,30.0,455,6.0,38.0,1405,63.0,6202,787,2499,9551,4573,63,1451,3465,9551,Consumer Staples,6.710914454277287,11.666666666666666,7.262569832402235,665.0,9.429948950652298,4.763899068160402,0.12561851556264964,20.441860465116278,-664,0.7098733116951105,No,False
1138,TATACONSUM,2018,6815,5976,839.0,12.31,73,52,116,753,25.0,556,8.0,30.0,1406,63.0,6968,1068,2362,10461,4798,135,1161,4366,10461,Consumer Staples,8.158473954512106,12.311078503301541,7.907836723083488,723.0,8.927028028151623,5.31497944747156,0.1518987341772152,17.53846153846154,-93,0.6514673549373865,No,False
1139,TATACONSUM,2019,7252,6466,786.0,10.84,124,78,123,735,36.0,457,6.0,39.0,1407,63.0,7269,1141,2408,10881,4913,424,1188,4355,10881,Consumer Staples,6.301709873138445,10.83838940981798,6.232951445717403,663.0,7.824855423108698,4.199981619336459,0.15561920349154393,11.666666666666666,-47,0.6664828600312471,No,False
1140,TATACONSUM,2020,9637,8345,1292.0,13.41,-163,69,242,809,34.0,460,5.0,54.0,1408,92.0,13723,1586,3072,18473,11656,95,1323,5399,18473,Consumer Staples,4.77326968973747,13.406661824219155,3.329714078899747,1050.0,6.817739107850139,2.490120716721702,0.11480275063336953,16.36231884057971,263,0.5216802901531965,No,False
1141,TATACONSUM,2021,11602,10058,1544.0,13.31,91,73,255,1311,24.0,930,9.0,44.0,1409,92.0,14442,1634,4050,20218,12023,113,806,7276,20218,Consumer Staples,8.015859334597483,13.308050336148941,6.398789046374019,1289.0,7.972538347352795,4.599861509545949,0.11242603550295859,22.397260273972602,828,0.5738450885349689,No,False
1142,TATACONSUM,2022,12425,10707,1719.0,13.84,88,87,278,1456,26.0,1015,10.0,60.0,1410,92.0,15050,1412,4521,21075,12599,247,797,7431,21075,Consumer Staples,8.169014084507042,13.835010060362174,6.703209615638621,1441.0,8.704844750513471,4.816132858837485,0.09325056135252939,20.770114942528735,615,0.5895610913404508,No,False
1143,TATACONSUM,2023,13783,11927,1856.0,13.47,328,130,304,1794,25.0,1320,12.0,65.0,1411,93.0,16184,1600,4886,22762,13070,295,1433,7965,22762,Consumer Staples,9.577015163607342,13.465863745193355,8.109602506604412,1552.0,8.681546120713767,5.799138915736754,0.09829821220126558,16.8,167,0.6055267551181794,No,False
1144,TATACONSUM,2024,15206,12922,2284.0,15.02,-81,87,377,1696,23.0,1215,12.0,64.0,1412,95.0,15962,3477,8345,27879,19358,190,871,7461,27879,Consumer Staples,7.9902669998684726,15.020386689464685,7.566793298872766,1907.0,9.762465444865363,4.358119014311847,0.21654107242947002,25.32183908045977,2606,0.5454284586965099,No,False
1146,TATAMOTORS,2013,188793,164197,24596.0,13.03,213,3560,7601,13647,28.0,9976,35.0,6.0,1466,638.0,36999,53716,76977,168330,55512,18454,8765,85600,168330,Consumer Discretionary,5.284094219595007,13.02802540348424,26.505832026994714,16995.0,18.603658336343635,5.9264539891879044,1.427212583362117,6.968820224719101,44951,1.1215647834610587,No,False
1147,TATAMOTORS,2014,232834,197980,34853.0,14.97,-157,4749,11078,18869,25.0,14050,48.0,5.0,1467,644.0,64960,60642,92180,218426,69092,33263,10687,105385,218426,Consumer Discretionary,6.034342063444342,14.96903373218688,21.416377050179864,23775.0,18.83227983460862,6.432384423099815,0.9243643680263398,7.305959149294588,49955,1.0659628432512613,No,False
1148,TATAMOTORS,2015,263159,223920,39239.0,14.91,714,4861,13389,21703,35.0,14073,48.0,0.0,1468,644.0,55618,73610,107442,237315,88479,28640,15337,104858,237315,Consumer Discretionary,5.347717539586334,14.910757374819026,25.013330489495573,25850.0,19.904213379327338,5.9300929144807535,1.3083431090256301,8.219090722073647,58273,1.10890167077513,No,False
1149,TATAMOTORS,2016,273046,234650,38395.0,14.06,-2670,4889,16711,14126,21.0,11678,40.0,1.0,1469,679.0,78273,69360,114872,263184,107232,25919,23767,106266,263184,Consumer Discretionary,4.276935021937695,14.061733187814507,14.791265579086026,21684.0,14.620529694158261,4.437199829776886,0.8785084608369642,7.307220290447944,45593,1.0374718827892273,No,False
1150,TATAMOTORS,2017,269693,240104,29589.0,10.97,1869,4238,17905,9315,35.0,7557,26.0,0.0,1470,679.0,57383,78604,135914,272580,95944,33699,20338,122600,272580,Consumer Discretionary,2.8020749518897414,10.971363735803303,13.015397333884469,11684.0,8.54930999663413,2.7723970944309926,1.3537942199717543,7.422840962718263,58266,0.9894086139848852,No,False
1151,TATAMOTORS,2018,291550,260093,31458.0,10.79,5933,4682,21554,11155,39.0,9091,31.0,0.0,1471,679.0,94749,88950,142813,327192,121414,40034,20813,144932,327192,Consumer Discretionary,3.1181615503344196,10.789915966386554,9.526554051221863,9904.0,5.371573615073382,2.778490916648329,0.9321163599782034,7.986117043998291,68137,0.8910670187535148,No,False
1152,TATAMOTORS,2019,301938,277274,24664.0,8.17,-26686,5759,23591,-31371,-8.0,-28724,-100.0,0.0,1472,679.0,59500,106175,139349,305703,111234,31884,15771,146814,305703,Consumer Discretionary,-9.513211321529585,8.16856440726242,-47.73093604081158,1073.0,0.6450100388328505,-9.396047798026189,1.7643197793250136,-0.35110262198298314,90404,0.9876841247877842,No,False
1153,TATAMOTORS,2020,261068,243081,17987.0,6.89,102,7243,21425,-10580,4.0,-11975,-39.0,0.0,1473,720.0,62359,124788,132313,320179,127107,35622,16308,141141,320179,Consumer Discretionary,-4.586927543781696,6.889775843841452,-18.984131010320393,-3438.0,-1.8300180446805454,-3.740095384144494,1.9782812029360008,2.4974458097473424,108480,0.8153813960315949,No,False
1154,TATAMOTORS,2021,249795,217507,32287.0,12.93,-11118,8097,23547,-10474,24.0,-13395,-41.0,0.0,1474,766.0,54481,142131,144193,341570,138708,20964,24620,157278,341570,Consumer Discretionary,-5.362397165675854,12.92539882703817,-24.245660397849658,8740.0,4.428051758554651,-3.921597329976286,2.5726464785418215,2.6144250957144624,117511,0.7313142254881869,No,False
1155,TATAMOTORS,2022,278454,253734,24720.0,8.88,2424,9312,24836,-7003,60.0,-11309,-34.0,0.0,1475,766.0,43795,146449,138051,329061,138855,10251,29380,150575,329061,Consumer Discretionary,-4.061353042154179,8.877588398801956,-25.378694374004173,-116.0,-0.06072980472226586,-3.4367488094912497,3.2864836965059134,2.9149484536082473,117069,0.846207845961691,No,False
1156,TATAMOTORS,2023,345967,314151,31816.0,9.2,6664,10225,24860,3394,21.0,2690,7.0,32.0,1476,766.0,44556,134113,155239,334674,132080,14274,26379,161941,334674,Consumer Discretionary,0.7775308049611668,9.196252821800924,5.935307356250828,6956.0,3.87661270097807,0.8037672481280291,2.9591147786946737,3.763325183374083,107734,1.0337432845097019,No,False
1157,TATAMOTORS,2024,437928,378389,59538.0,13.6,5673,9986,27270,27955,-14.0,31807,94.0,7.0,1477,766.0,84152,107262,177340,369521,121285,35698,22971,189566,369521,Consumer Discretionary,7.263066074788551,13.595385542828959,37.45613415294755,32268.0,16.79050889790821,8.607629877598297,1.2631244259167667,6.530242339274985,84291,1.1851234435931923,No,False
1159,TATAPOWER,2013,33177,27583,5595.0,16.86,375,2642,2052,1277,92.0,123,0.0,-319.0,1453,237.0,12098,37882,17038,67257,41353,2358,3120,20426,67257,Energy,0.37073876480694457,16.864092594267113,0.9971625456019456,3543.0,7.05537965230898,0.18288059235469914,3.0710985002026754,2.259651778955337,34762,0.49328694410990676,No,False
1160,TATAPOWER,2014,35726,28810,6916.0,19.36,229,3440,2730,975,99.0,12,-1.0,-114.0,1454,237.0,12164,40173,18810,71383,43394,3389,3019,21582,71383,Energy,0.033588982813637126,19.35845042825953,0.0967663898072736,4186.0,7.96211054894054,0.016810725242704848,3.2394968147730023,2.07703488372093,37154,0.5004833083507277,No,False
1161,TATAPOWER,2015,33593,27292,6301.0,18.76,1056,3699,2174,1484,72.0,457,1.0,210.0,1455,270.0,14048,40607,20260,75185,44726,3323,3445,23692,75185,Energy,1.3604024647992141,18.756883874616737,3.1917865623690456,4127.0,7.513882567137005,0.607834009443373,2.836080458164548,1.9889159232224927,37162,0.4468045487796768,No,False
1162,TATAPOWER,2016,29494,27389,2105.0,7.14,4060,3236,1649,1281,53.0,786,2.0,53.0,1456,270.0,11363,38849,19575,70057,36414,1345,11785,20513,70057,Energy,2.664948803146403,7.137044822675799,6.7566405914209575,456.0,0.9032922625886455,1.1219435602438015,3.3395512765408752,1.9051297898640296,27064,0.42100004282227327,No,False
1163,TATAPOWER,2017,27588,22114,5473.0,19.84,1297,3365,1956,1450,24.0,1100,3.0,39.0,1457,270.0,12944,48815,20799,82829,46595,2178,11873,22184,82829,Energy,3.9872408293460926,19.838335508191967,8.32450431360678,3517.0,5.669928581792387,1.3280372816284152,3.694187982442864,2.011887072808321,36942,0.33307175023240654,No,False
1164,TATAPOWER,2018,26840,24545,2295.0,8.55,6586,3761,2346,2773,6.0,2611,9.0,15.0,1458,270.0,16129,48589,16903,81892,44656,1653,12429,23154,81892,Energy,9.728017883755587,8.550670640834575,15.921702542837979,-51.0,-0.07847602634332491,3.1883456259463685,2.962924568571254,2.3613400691305504,36160,0.32774874224588485,No,False
1165,TATAPOWER,2019,29881,26811,3070.0,10.27,7186,4170,2393,3693,29.0,2606,9.0,15.0,1459,270.0,18035,48506,17262,84073,44305,2576,13542,23651,84073,Energy,8.721261001974499,10.27408721261002,14.236547391423107,677.0,1.0133061920941162,3.099687176620318,2.649877082764272,2.4594724220623503,34964,0.3554173159040358,No,False
1166,TATAPOWER,2020,29136,22331,6805.0,23.36,2280,4494,2634,1958,33.0,1316,4.0,41.0,1460,270.0,19296,51936,18172,89674,47666,1612,14535,25861,89674,Energy,4.516749038989566,23.355985722130697,6.725953184094859,4171.0,5.833403261447232,1.4675379708722707,2.6544004906470406,2.021584334668447,37401,0.3249102303900796,No,False
1167,TATAPOWER,2021,32703,25782,6921.0,21.16,1775,4010,2745,1941,26.0,1439,4.0,44.0,1461,320.0,22003,46708,29625,98655,52179,3270,13149,30056,98655,Energy,4.400207931994006,21.163196037060818,6.446266182860727,4176.0,6.0494560414886065,1.4586184177183112,2.092371097074766,2.1685785536159603,33559,0.3314885206020982,No,False
1168,TATAPOWER,2022,42816,35785,7031.0,16.42,2486,3859,3122,2535,15.0,2156,5.0,32.0,1462,320.0,22122,51195,38913,112550,57389,4635,14160,36365,112550,Energy,5.035500747384155,16.421431240657697,9.606986899563319,3909.0,5.308472642829012,1.9155930697467793,2.281213795561893,2.466182948950505,37035,0.38041759218125276,No,False
1169,TATAPOWER,2023,55109,47381,7728.0,14.02,5540,4372,3439,5457,30.0,3810,10.0,19.0,1463,320.0,28468,52923,46386,128096,61747,5376,16670,44303,128096,Energy,6.913571285996843,14.023117821045563,13.234681117132139,4289.0,5.2489872844537455,2.97433175118661,1.8383701542309296,3.0347666971637692,36253,0.43021640019985014,No,False
1170,TATAPOWER,2024,61449,50714,10735.0,17.47,3416,4633,3786,5732,25.0,4280,12.0,17.0,1464,320.0,32036,53689,53010,139054,67210,11561,16316,43968,139054,Energy,6.965125551270159,17.469771680580646,13.227840276919272,6949.0,8.076006740658958,3.0779409438060035,1.659321300531586,3.054392402331103,37373,0.4419074604110633,No,False
1172,TATASTEEL,2013,134712,130746,3965.0,2.94,1445,3968,5575,-4133,78.0,-7272,-6.0,-11.0,1427,971.0,33201,68529,44176,146876,68002,14277,3258,61340,146876,Materials,-5.398182789951898,2.943316111408041,-21.280580592297788,-1610.0,-1.5676575690596977,-4.951115226449522,2.0054137890670725,1.3634072580645162,65271,0.9171818404640649,No,False
1173,TATASTEEL,2014,148614,132430,16184.0,10.89,716,4337,5841,6722,45.0,3665,3.0,27.0,1428,971.0,39561,81629,49443,171604,74907,26822,5093,64781,171604,Materials,2.466120284764558,10.889956531686112,9.042238231520773,10343.0,8.46669559024566,2.1357311018391183,2.0139396032764236,3.896702789946968,76536,0.8660287638982774,No,False
1174,TATASTEEL,2015,139504,136095,3409.0,2.44,5994,4848,5944,-1388,99.0,-3939,-3.0,-20.0,1429,971.0,30378,80701,47059,159109,68100,28678,3455,58876,159109,Materials,-2.8235749512558783,2.4436575295332035,-12.564994098695333,-2535.0,-2.2623828647925035,-2.475661339082013,2.574276691441513,1.939562706270627,77246,0.8767825830091321,No,False
1175,TATASTEEL,2016,101965,102590,-625.0,-0.61,10346,4221,5306,193,99.0,-497,0.0,-203.0,1430,970.0,42762,81987,51165,176884,72200,35996,10714,57974,176884,Materials,-0.4874221546609131,-0.6129554258814298,-1.136467575230952,-5931.0,-4.717663996691033,-0.2809751023269488,1.8747599012165006,2.3030087656953326,71273,0.5764512335768074,No,False
1176,TATASTEEL,2017,112299,99156,13144.0,11.7,-3789,5072,5673,-1391,99.0,-4169,-4.0,-23.0,1431,970.0,36849,83014,51614,172447,92007,15784,12457,52200,172447,Materials,-3.712410618082084,11.704467537555988,-11.023559586451254,7471.0,6.1829136080375395,-2.4175543790265994,2.195034242047648,1.8444400630914826,70557,0.6512087771895133,No,False
1177,TATASTEEL,2018,123249,101816,21433.0,17.39,10898,5455,5742,21135,16.0,17743,12.0,9.0,1432,1145.0,59726,92147,55704,208722,96105,16614,17899,78103,208722,Materials,14.396060008600475,17.38999910749783,29.148527213287117,15691.0,10.25434916153655,8.500780943072604,1.5138078888140494,5.926856095325389,74248,0.5904935751861328,No,False
1178,TATASTEEL,2019,157669,128351,29318.0,18.59,1524,7660,7342,15841,42.0,9122,9.0,15.0,1433,1145.0,67780,100816,63032,232773,124442,18641,5738,83952,232773,Materials,5.785538057576315,18.59465081912107,13.234675371780922,21976.0,12.946783629176215,3.918839384292852,1.4626913311570549,4.026370757180157,95078,0.6773508955076405,No,False
1179,TATASTEEL,2020,139817,122354,17463.0,12.49,-2884,7533,8441,-1395,-99.0,1174,1.0,74.0,1434,1145.0,72431,116328,59245,249149,134551,19497,6285,88816,249149,Materials,0.8396689959017859,12.489897508886616,1.5956290094596066,9022.0,4.7508214676889375,0.4712039783422771,1.5810590409916276,1.93535112173105,110043,0.5611782507656061,No,False
1180,TATASTEEL,2021,156294,125790,30504.0,19.52,180,7607,9234,13844,41.0,8190,6.0,40.0,1435,1198.0,73041,88501,81169,243909,135775,19007,10682,78445,243909,Materials,5.240124380974318,19.517063994779072,11.031937391398053,21270.0,13.069927491704558,3.357809674919745,1.19210926871321,4.033653214144866,77819,0.6407881627984208,No,False
1181,TATASTEEL,2022,243959,180469,63490.0,26.02,1300,5462,9101,50227,17.0,41749,33.0,16.0,1436,1221.0,113222,75561,92417,282422,133288,22046,13140,113948,282422,Materials,17.113121467131773,26.02486483384503,36.48016916718366,54389.0,28.625186838171828,14.782488616325923,0.6602500808262629,11.861955327718784,62421,0.8638101847589778,No,False
1182,TATASTEEL,2023,243353,211053,32300.0,13.27,1569,6299,9335,18235,56.0,8075,7.0,50.0,1437,1221.0,101861,84893,97421,285396,146621,31213,8410,99151,285396,Materials,3.3182249653795104,13.272899861518042,7.833569391358336,22965.0,12.21705013964623,2.829401953776507,0.8235482431462331,5.376885219876171,76483,0.8526853915261602,No,False
1183,TATASTEEL,2024,229171,206923,22248.0,9.71,-6005,7508,9882,-1147,99.0,-4910,-4.0,-101.0,1438,1247.0,90788,87082,90195,269312,148814,34356,6258,79885,269312,Materials,-2.1425049417247384,9.70803461170916,-5.334926929972293,12366.0,6.903867304610952,-1.823164211026616,0.9461835171402184,2.1634256792754396,80824,0.8509498277091255,No,False
1185,TCS,2013,62989,44950,18040.0,28.64,1178,48,1080,18090,22.0,14076,36.0,31.0,1414,196.0,38350,332,13054,51932,9828,1895,1897,38312,51932,Information Technology,22.346758957913288,28.639921256092332,36.51740777253152,16960.0,43.6236431915222,27.104675344681507,0.008613085663882115,400.375,-1565,1.2129130401294,No,False
1186,TCS,2014,81809,56657,25153.0,30.75,1637,39,1349,25402,24.0,19332,49.0,33.0,1415,196.0,48999,297,17337,66829,9544,3168,3434,50682,66829,Information Technology,23.630651884267014,30.746005940666677,39.29667649151337,23804.0,48.096662086801906,28.927561388020173,0.006037198902327472,686.9230769230769,-3137,1.224154184560595,No,False
1187,TCS,2015,94648,70167,24482.0,25.87,3720,104,1799,26298,24.0,20060,51.0,78.0,1416,196.0,50439,358,22325,73318,11638,2766,1662,57252,73318,Information Technology,21.194320006761895,25.866368016228552,39.616865804285574,22683.0,44.48257603984861,27.36026623748602,0.007070208353905401,271.1730769230769,-1304,1.2909244660247143,No,False
1188,TCS,2016,108646,77969,30677.0,28.24,3084,33,1888,31840,24.0,24338,62.0,35.0,1417,197.0,70875,245,16974,88291,11774,1670,22822,52025,88291,Information Technology,22.401192864900686,28.2357380851573,34.2441467807294,28789.0,40.36765427597908,27.565663544415624,0.0034472084646555608,1023.060606060606,-22577,1.23054444960415,No,False
1189,TCS,2017,117966,85655,32311.0,27.39,4221,32,1987,34513,24.0,26357,67.0,35.0,1418,197.0,86017,289,15830,102333,11701,1541,41980,47111,102333,Information Technology,22.342878456504415,27.390095451231712,30.571600900085834,30324.0,35.055431603528206,25.75610995475555,0.003352123785000116,1141.625,-41691,1.152765969921726,No,False
1190,TCS,2018,123104,90588,32516.0,26.41,3642,52,2014,34092,24.0,25880,67.0,37.0,1419,191.0,84937,247,19751,105126,11973,1278,36008,55867,105126,Information Technology,21.02287496750715,26.41343904341045,30.401278075368854,30502.0,35.72708638360176,24.618077354793297,0.002901513015694014,695.3461538461538,-35761,1.1710138310218214,No,False
1191,TCS,2019,146463,106957,39506.0,26.97,4311,198,2056,41563,24.0,31562,84.0,36.0,1420,375.0,89071,62,24393,113901,12290,963,29330,71318,113901,Information Technology,21.549469831971216,26.973365286795982,35.28609440332715,37450.0,41.839835545426105,27.710028884733234,0.000693155646982537,221.2979797979798,-29268,1.2858798430215714,No,False
1192,TCS,2020,156949,114840,42109.0,26.83,4592,924,3529,42248,23.0,32447,86.0,85.0,1421,375.0,83751,8174,27827,120127,20928,906,26356,71937,120127,Information Technology,20.673594607165384,26.829734499741953,38.56952666238737,38580.0,41.79848320693391,27.010580469003635,0.09716377814231035,50.54220779220779,-18182,1.3065255937466183,No,False
1193,TCS,2021,164177,117631,46546.0,28.35,1916,637,4065,43760,26.0,32562,88.0,43.0,1422,370.0,86063,7795,35764,129992,21021,926,29373,78672,129992,Information Technology,19.833472410873632,28.351108864213625,37.67311096456215,42481.0,45.08320244513308,25.04923379900302,0.09018546157139055,76.0784929356358,-21578,1.2629777217059512,No,False
1194,TCS,2022,191754,138697,53057.0,27.67,4018,784,4604,51687,26.0,38449,105.0,41.0,1423,366.0,88773,7818,43967,140924,21298,1205,30485,87936,140924,Information Technology,20.051211448001087,27.669305464292794,43.13375739014349,48453.0,49.97369968130202,27.283500326417077,0.08770571803587655,72.79974489795919,-22667,1.3606908688371038,No,False
1195,TCS,2023,225458,166199,59259.0,26.28,3449,779,5022,56907,26.0,42303,115.0,100.0,1424,366.0,90058,7688,44747,142859,20515,1234,37163,83947,142859,Information Technology,18.763139919630266,26.283831134845514,46.7829337344068,54237.0,55.280699608610576,29.61171504770438,0.08502167566132886,80.49807445442876,-29475,1.5781854835887132,No,False
1196,TCS,2024,240893,176597,64296.0,26.69,3464,778,4985,61997,26.0,46099,127.0,58.0,1425,362.0,90127,8021,46962,145472,19604,1564,31762,92542,145472,Information Technology,19.136712150207767,26.690688396923118,50.944313673485176,59311.0,60.2081007004365,31.689259788825343,0.0886406082507266,87.09511568123393,-23741,1.6559406621205455,No,False
1198,TECHM,2013,6873,5451,1422.0,20.69,-141,103,200,978,24.0,1307,25.0,5.0,1388,128.0,5298,1380,2178,8984,1245,34,4099,3607,8984,Information Technology,19.01644114651535,20.689655172413794,24.087725764835973,1222.0,17.954745812518365,14.548085485307213,0.25433099889421307,12.436893203883495,-2719,0.765026714158504,No,False
1199,TECHM,2014,18802,14630,4172.0,22.19,244,80,522,3815,20.0,3062,32.0,15.0,1389,234.0,8948,363,6394,15940,2594,266,1472,11607,15940,Information Technology,16.28550154238911,22.189128816083397,33.34785449793073,3650.0,38.239916186485075,19.209535759096614,0.03953387061642344,55.2,-1109,1.1795483061480552,No,False
1200,TECHM,2015,22621,18428,4193.0,18.54,106,69,611,3618,27.0,2659,27.0,22.0,1390,480.0,11768,700,6899,19848,4033,568,2103,13145,19848,Information Technology,11.754564342867248,18.535873745634586,21.70966688438929,3582.0,27.664504170528264,13.396815800080613,0.057152188112344876,62.30434782608695,-1403,1.1397118097541314,No,False
1201,TECHM,2016,26494,22234,4260.0,16.08,453,97,759,3857,22.0,3027,31.0,35.0,1391,436.0,14155,1091,6843,22525,4309,629,1297,16289,22525,Information Technology,11.425228353589493,16.0791122518306,20.745665136042764,3501.0,22.324958551205203,13.438401775804662,0.07477211979987664,48.58762886597938,-206,1.176204217536071,No,False
1202,TECHM,2017,29141,24956,4184.0,14.36,775,129,978,3853,26.0,2851,29.0,28.0,1392,439.0,15998,1366,8254,26057,6460,373,2396,16828,26057,Information Technology,9.783466593459387,14.357777701520194,17.34501429701284,3206.0,18.00820086502275,10.941397705031278,0.08310518951146803,38.44186046511628,-1030,1.1183559120389914,No,False
1203,TECHM,2018,30773,26063,4710.0,15.31,1417,162,1085,4879,22.0,3786,39.0,33.0,1393,442.0,18401,2397,9192,30431,7622,240,4841,17728,30431,Information Technology,12.302992883371786,15.305625060930037,20.092341983760548,3625.0,17.066854990583806,12.441260556669185,0.12720904314599585,37.82098765432099,-2444,1.0112385396470704,No,False
1204,TECHM,2019,34742,28471,6271.0,18.05,534,133,1129,5543,23.0,4289,44.0,29.0,1394,444.0,19841,1996,11166,33446,7061,276,7342,18766,33446,Information Technology,12.345288123884636,18.050198606873526,21.143702243036728,5142.0,23.077958798976706,12.823656042576093,0.09839783090953907,51.16541353383459,-5346,1.0387490282843987,No,False
1205,TECHM,2020,36868,31365,5503.0,14.93,1192,192,1446,5058,23.0,3897,42.0,32.0,1395,436.0,21377,3670,11834,37318,8872,50,5848,22548,37318,Information Technology,10.570142128675274,14.926223283063903,17.865493054600467,4057.0,15.920417533257467,10.442681815745752,0.16824829230275523,34.869791666666664,-2178,0.9879414759633421,No,False
1206,TECHM,2021,37855,31059,6796.0,17.95,788,174,1458,5953,27.0,4353,46.0,89.0,1396,437.0,24428,2901,11836,39602,9018,118,10238,20228,39602,Information Technology,11.499141460837405,17.952714304583278,17.506535290569072,5338.0,19.22495137938486,10.991869097520327,0.11667001809772773,43.58620689655172,-7337,0.9558860663602848,No,False
1207,TECHM,2022,44646,36626,8020.0,17.96,1115,163,1520,7452,24.0,5630,57.0,47.0,1397,439.0,26447,2618,14911,44416,14784,165,4884,24583,44416,Information Technology,12.610312234018725,17.963535367110158,20.940266309603512,6500.0,22.030911062906725,12.675612391930835,0.09737409804359146,56.04294478527607,-2266,1.0051783141210375,No,False
1208,TECHM,2023,53290,45527,7763.0,14.57,965,326,1957,6446,25.0,4857,50.0,91.0,1398,440.0,27484,2740,15162,45827,14932,120,3388,27388,45827,Information Technology,9.11428035278664,14.567461062112965,17.3936398796734,5806.0,18.93425515262197,10.59855543675126,0.09812347801174617,26.773006134969325,-648,1.162851594038449,No,False
1209,TECHM,2024,51996,47489,4506.0,8.67,927,392,1817,3224,26.0,2397,24.0,150.0,1399,441.0,26228,2537,13943,43149,13903,133,3238,25875,43149,Information Technology,4.60996999769213,8.666051234710363,8.987963553189097,2689.0,9.207012257755256,5.555169297086839,0.09512917619708275,13.85969387755102,-701,1.2050337203643189,No,False
1211,TITAN,2013,10123,9109,1014.0,10.02,99,51,56,1006,28.0,725,8.0,26.0,1375,89.0,1881,0,3914,5884,464,42,3,5375,5884,Consumer Discretionary,7.161908525140769,10.01679344067964,36.80203045685279,958.0,48.629441624365484,12.321549966009519,0.0,21.823529411764707,-3,1.720428280081577,Yes,False
1212,TITAN,2014,10927,9880,1047.0,9.58,117,87,68,1010,27.0,735,8.0,25.0,1376,89.0,2434,807,2781,6111,614,33,3,5461,6111,Consumer Discretionary,6.726457399103139,9.581769927702021,29.131985731272298,979.0,29.3993993993994,12.027491408934708,0.31985731272294887,13.379310344827585,804,1.7880870561282933,No,False
1213,TITAN,2015,11913,10761,1153.0,9.68,67,81,90,1049,22.0,816,9.0,25.0,1377,89.0,2995,100,2684,5868,699,55,3,5111,5868,Consumer Discretionary,6.849660035255603,9.678502476286411,26.459143968871597,1063.0,33.3856783919598,13.905930470347649,0.0324254215304799,15.061728395061728,97,2.030163599182004,No,False
1214,TITAN,2016,11276,10337,939.0,8.33,69,42,98,868,22.0,675,8.0,29.0,1378,89.0,3418,113,2723,6342,771,107,30,5434,6342,Consumer Discretionary,5.9861653068464,8.32742107130188,19.24721984602224,841.0,23.23204419889503,10.64333017975402,0.03222127174222983,24.0,83,1.7779880163986124,No,False
1215,TITAN,2017,13261,12097,1164.0,8.78,-42,38,111,973,28.0,697,8.0,32.0,1379,89.0,4144,1882,2293,8408,1189,152,431,6636,8408,Consumer Discretionary,5.256013875273358,8.777618580800844,16.46586345381526,1053.0,17.21995094031071,8.289724072312083,0.44460193716040636,29.526315789473685,1451,1.5771883920076117,No,False
1216,TITAN,2018,16120,14476,1644.0,10.2,70,53,131,1530,28.0,1102,13.0,29.0,1380,89.0,5001,1691,2740,9521,1474,43,36,7968,9521,Consumer Discretionary,6.836228287841191,10.198511166253102,21.650294695481335,1513.0,22.312343312195843,11.574414452263419,0.33222003929273086,32.339622641509436,1655,1.6930994643419808,No,False
1217,TITAN,2019,19779,17785,1994.0,10.08,178,53,163,1957,29.0,1389,16.0,32.0,1381,89.0,5981,2393,3247,11710,1567,32,108,10003,11710,Consumer Discretionary,7.022599726983164,10.081399464078062,22.8830313014827,1831.0,21.63535389341841,11.861656703672075,0.3942339373970346,40.9811320754717,2285,1.689069171648164,No,False
1218,TITAN,2020,21052,18589,2463.0,11.7,153,166,348,2102,29.0,1493,17.0,24.0,1382,89.0,6580,3562,3313,13544,2633,18,158,10735,13544,Consumer Discretionary,7.091962758882767,11.69960098802964,22.38716449242765,2115.0,20.672466034600724,11.02333136444182,0.5341130604288499,15.759036144578314,3404,1.554341405788541,No,False
1219,TITAN,2021,21644,19919,1725.0,7.97,180,203,375,1327,27.0,974,11.0,37.0,1383,89.0,7408,5638,3309,16444,2523,32,2824,11065,16444,Consumer Discretionary,4.500092404361486,7.969876178155609,12.99186341203148,1350.0,10.277883517320136,5.923133057650206,0.7520341469921302,9.38423645320197,2814,1.3162247628314279,No,False
1220,TITAN,2022,28799,25455,3344.0,11.61,177,218,399,2904,24.0,2198,24.0,31.0,1384,89.0,9214,7275,4610,21188,2544,85,294,18265,21188,Consumer Discretionary,7.632209451717073,11.611514288690579,23.6267870579383,2945.0,17.764507178187962,10.37379648857844,0.782005804579168,16.15137614678899,6981,1.3592127619407213,No,False
1221,TITAN,2023,40575,35693,4882.0,12.03,306,300,441,4447,26.0,3274,37.0,27.0,1385,89.0,11762,9367,5802,27020,2998,144,2515,21363,27020,Consumer Discretionary,8.069008009858287,12.03203943314849,27.626360644671337,4441.0,20.930342162315014,12.116950407105847,0.7903974348156274,17.293333333333333,6852,1.5016654330125834,No,False
1222,TITAN,2024,51084,45792,5292.0,10.36,534,619,584,4623,24.0,3496,39.0,28.0,1386,89.0,9304,15528,6626,31547,3709,97,2345,25396,31547,Consumer Discretionary,6.843630099444054,10.359408033826638,37.2192057915469,4708.0,18.891697764937202,11.081877833074461,1.653145959757266,9.411954765751211,13183,1.619298190002219,No,False
1224,TORNTPHARM,2013,3203,2506,697.0,21.76,1,34,83,582,25.0,435,13.0,45.0,1362,42.0,1380,693,1638,3753,820,285,60,2587,3753,Healthcare,13.581017795816422,21.76084920387137,30.590717299578056,614.0,29.030732860520093,11.590727418065548,0.4873417721518987,20.529411764705884,633,0.8534505728750333,No,False
1225,TORNTPHARM,2014,4172,3216,955.0,22.89,34,59,87,844,21.0,664,20.0,25.0,1363,85.0,1818,1132,1988,5022,875,534,186,3427,5022,Healthcare,15.915627996164908,22.890699904122723,34.8922753547031,868.0,28.599670510708403,13.221823974512144,0.5948502364687336,16.76271186440678,946,0.8307447232178415,No,False
1226,TORNTPHARM,2015,4636,3616,1020.0,22.0,286,175,191,940,20.0,751,22.0,25.0,1364,85.0,2406,2740,2589,7820,2833,678,298,4011,7820,Healthcare,16.199309749784298,22.001725625539258,30.148534725010034,829.0,15.847830242783406,9.603580562659847,1.099959855479727,7.462857142857143,2442,0.5928388746803069,No,False
1227,TORNTPHARM,2016,6687,3954,2733.0,40.87,32,184,238,2343,26.0,1733,51.0,34.0,1365,85.0,3409,2352,3040,8886,2859,1042,780,4206,8886,Healthcare,25.915956333183786,40.87034544638852,49.59931310818546,2495.0,42.67875470407116,19.502588341210895,0.6731539782484258,15.027173913043478,1572,0.7525320729237002,No,False
1228,TORNTPHARM,2017,5816,4438,1377.0,23.68,223,206,307,1088,14.0,934,28.0,25.0,1366,85.0,4266,2510,2740,9601,3688,519,804,4589,9601,Healthcare,16.059147180192575,23.676066024759283,21.466329579407034,1070.0,15.59539425739688,9.728153317362773,0.5768788784187543,7.766990291262136,1706,0.6057702322674722,No,False
1229,TORNTPHARM,2018,5950,4601,1349.0,22.67,299,308,409,931,27.0,678,20.0,35.0,1367,85.0,4538,6462,3159,14243,7855,647,492,5249,14243,Healthcare,11.394957983193276,22.672268907563026,14.665801427644388,940.0,8.479927830401444,4.76023309695991,1.3977936404931863,5.35064935064935,5970,0.4177490697184582,No,False
1230,TORNTPHARM,2019,7673,5690,1983.0,25.84,-300,504,618,562,22.0,436,13.0,66.0,1368,85.0,4640,6038,3351,14113,7748,617,353,5395,14113,Healthcare,5.682262478821843,25.843868108953473,9.227513227513228,1365.0,12.68233763820496,3.0893502444554666,1.2778835978835978,3.3392857142857144,5685,0.5436831290299724,No,False
1231,TORNTPHARM,2020,7939,5769,2170.0,27.33,121,451,654,1187,14.0,1025,30.0,53.0,1369,85.0,4739,5784,3402,14010,7533,712,2,5763,14010,Healthcare,12.910945962967629,27.333417306965615,21.24792703150912,1516.0,14.291101055806937,7.316202712348323,1.199004975124378,5.0798226164079825,5782,0.5666666666666667,No,False
1232,TORNTPHARM,2021,8005,5524,2480.0,30.98,57,353,658,1526,18.0,1252,37.0,47.0,1370,85.0,5753,4874,3363,14075,7065,889,181,5940,14075,Healthcare,15.640224859462837,30.98063710181137,21.44570058239123,1822.0,17.008961911874536,8.895204262877442,0.8348749571771155,7.186968838526912,4693,0.5687388987566607,No,False
1233,TORNTPHARM,2022,8508,6077,2431.0,28.57,-288,255,662,1226,37.0,777,23.0,105.0,1371,85.0,5868,4070,2884,12906,6423,630,226,5628,12906,Healthcare,9.132581100141044,28.573107663375648,13.052242566773057,1769.0,17.649406365359674,6.02045560204556,0.6836888963547791,8.403921568627451,3844,0.6592282659228266,No,False
1234,TORNTPHARM,2023,9620,6778,2842.0,29.54,45,333,707,1847,33.0,1245,37.0,60.0,1372,169.0,6029,5369,3043,14610,8121,765,199,5524,14610,Healthcare,12.941787941787942,29.54261954261954,20.087124878993222,2135.0,18.45768133483185,8.521560574948666,0.8662471765085511,8.66966966966967,5170,0.6584531143052703,No,False
1235,TORNTPHARM,2024,10728,7360,3368.0,31.39,146,354,808,2352,30.0,1656,49.0,57.0,1373,169.0,6687,4022,3627,14505,8138,361,173,5834,14505,Healthcare,15.436241610738255,31.3944817300522,24.154025670945156,2560.0,23.533737819452107,11.416752843846949,0.5866394399066511,9.926553672316384,3849,0.7396070320579111,No,False
1237,TRENT,2013,2132,2128,5.0,0.23,58,29,45,-10,99.0,-27,-1.0,-87.0,1349,33.0,1198,343,635,2209,843,106,317,943,2209,Consumer Discretionary,-1.2664165103189493,0.23452157598499063,-2.1933387489845653,-40.0,-2.5412960609911055,-1.2222725215029424,0.2786352558895207,2.1724137931034484,26,0.965142598460842,No,False
1238,TRENT,2014,2333,2343,-10.0,-0.43,91,26,54,1,99.0,-19,-1.0,-125.0,1350,33.0,958,332,614,1936,720,138,300,778,1936,Consumer Discretionary,-0.8144020574367767,-0.42863266180882986,-1.917255297679112,-64.0,-4.837490551776266,-0.981404958677686,0.3350151362260343,3.1153846153846154,32,1.2050619834710743,No,False
1239,TRENT,2015,2284,2196,88.0,3.85,208,22,75,200,35.0,129,4.0,26.0,1351,33.0,1389,267,518,2207,668,92,740,706,2207,Consumer Discretionary,5.64798598949212,3.852889667250438,9.071729957805907,13.0,0.7696862048549438,5.845038513819665,0.1877637130801688,13.454545454545455,-473,1.0348889895786135,No,False
1240,TRENT,2016,1686,1596,90.0,5.34,86,48,39,90,39.0,55,2.0,54.0,1352,33.0,1431,400,292,2157,477,55,1067,558,2157,Consumer Discretionary,3.262158956109134,5.338078291814947,3.7568306010928962,51.0,2.736051502145923,2.5498377375985166,0.273224043715847,3.6666666666666665,-667,0.7816411682892906,No,False
1241,TRENT,2017,1812,1679,134.0,7.4,81,46,41,128,34.0,85,3.0,39.0,1353,33.0,1514,392,283,2222,549,5,1080,588,2222,Consumer Discretionary,4.690949227373068,7.39514348785872,5.4945054945054945,93.0,4.796286745745229,3.825382538253826,0.25339366515837103,4.673913043478261,-688,0.8154815481548154,No,False
1242,TRENT,2018,2157,1949,208.0,9.64,27,44,46,147,41.0,87,3.0,44.0,1354,33.0,1562,391,349,2336,613,10,1023,691,2336,Consumer Discretionary,4.033379694019471,9.643022716736208,5.454545454545454,162.0,8.157099697885197,3.724315068493151,0.245141065830721,5.340909090909091,-632,0.9233732876712328,No,False
1243,TRENT,2019,2630,2390,241.0,9.16,30,51,52,165,44.0,95,3.0,45.0,1355,33.0,1613,494,418,2559,662,87,883,927,2559,Consumer Discretionary,3.6121673003802277,9.163498098859316,5.771567436208992,189.0,8.83177570093458,3.7123876514263383,0.3001215066828676,5.313725490196078,-389,1.0277452129738178,No,False
1244,TRENT,2020,3486,2957,529.0,15.17,147,263,247,165,36.0,106,3.0,29.0,1356,36.0,2352,300,2819,5507,2738,23,1515,1230,5507,Consumer Discretionary,3.040734366035571,15.174985656913368,4.438860971524288,282.0,10.491071428571429,1.9248229526057745,0.12562814070351758,2.570342205323194,-1215,0.633012529507899,No,False
1245,TRENT,2021,2593,2479,114.0,4.4,199,261,257,-205,-12.0,-181,-4.0,-15.0,1357,36.0,2277,300,3111,5724,3054,108,1487,1075,5724,Consumer Discretionary,-6.980331662167373,4.3964519861164675,-7.825335062689148,-143.0,-5.472636815920398,-3.1621243885394827,0.1297016861219196,1.1992337164750957,-1187,0.453004891684137,No,False
1246,TRENT,2022,4498,3903,595.0,13.23,152,325,311,111,69.0,35,3.0,57.0,1358,36.0,2328,4725,637,7726,4687,105,1284,1651,7726,Consumer Discretionary,0.7781236104935527,13.228101378390395,1.4805414551607445,284.0,4.00620679926647,0.45301579083613774,1.998730964467005,2.2984615384615386,3441,0.582190007765985,No,False
1247,TRENT,2023,8242,7128,1114.0,13.52,341,409,494,552,29.0,394,13.0,18.0,1359,36.0,2560,4464,1022,8082,4527,102,1110,2343,8082,Consumer Discretionary,4.780393108468818,13.516136859985439,15.177195685670261,620.0,8.78186968838527,4.875030932937392,1.7195685670261942,3.5574572127139366,3354,1.0197970799307101,No,False
1248,TRENT,2024,12375,10404,1971.0,15.93,989,368,671,1921,23.0,1477,42.0,8.0,1360,36.0,4032,1753,1341,7162,2450,224,1416,3072,7162,Consumer Discretionary,11.935353535353535,15.927272727272726,36.30776794493609,1300.0,22.33293248582718,20.622731080703712,0.4309242871189774,8.043478260869565,337,1.7278693102485339,No,False
1250,TVSMOTOR,2013,7510,7072,438.0,5.83,130,103,176,290,32.0,198,4.0,30.0,1336,48.0,851,1068,1415,3381,1593,36,348,1404,3381,Consumer Discretionary,2.6364846870838883,5.832223701731025,22.024471635150167,262.0,13.319776309100154,5.8562555456965395,1.1879866518353726,5.514563106796117,720,2.2212363206152026,No,False
1251,TVSMOTOR,2014,8384,7892,492.0,5.87,44,80,149,307,39.0,187,4.0,37.0,1337,48.0,1113,728,1743,3632,1517,48,439,1628,3632,Consumer Discretionary,2.23043893129771,5.868320610687023,16.1068044788975,343.0,18.157755426151404,5.148678414096916,0.6270456503014643,6.7,289,2.3083700440528636,No,False
1252,TVSMOTOR,2015,10256,9650,605.0,5.9,80,62,179,444,28.0,328,7.0,28.0,1338,48.0,1277,1119,2126,4570,1637,93,539,2301,4570,Consumer Discretionary,3.1981279251170043,5.898985959438377,24.754716981132074,426.0,17.430441898527004,7.177242888402626,0.8445283018867924,11.048387096774194,580,2.2442013129102847,No,False
1253,TVSMOTOR,2016,11377,10558,819.0,7.2,93,70,262,580,26.0,429,9.0,28.0,1339,48.0,1771,1091,2236,5146,2038,47,943,2118,5146,Consumer Discretionary,3.7707655796782986,7.198734288476752,23.58438702583837,557.0,19.14089347079038,8.336572094830936,0.59978009895547,13.028571428571428,148,2.210843373493976,No,False
1254,TVSMOTOR,2017,12463,11591,871.0,6.99,163,60,317,658,23.0,509,11.0,23.0,1340,48.0,2169,1311,2601,6128,2362,64,1155,2547,6128,Consumer Discretionary,4.084088903153334,6.988686512075744,22.95895354082093,554.0,15.702947845804987,8.306135770234988,0.591339648173207,17.233333333333334,156,2.033779373368146,No,False
1255,TVSMOTOR,2018,16340,14769,1571.0,9.61,71,338,374,931,29.0,665,14.0,24.0,1341,48.0,2630,6928,3586,13190,3094,313,421,9362,13190,Consumer Discretionary,4.069767441860465,9.614443084455324,24.8319641523525,1197.0,12.460961898813242,5.0416982562547386,2.5870052277819267,4.8579881656804735,6507,1.238817285822593,No,False
1256,TVSMOTOR,2019,20160,17997,2163.0,10.73,25,663,442,1083,33.0,725,15.0,24.0,1342,48.0,3123,9298,4228,16696,3367,745,440,12145,16696,Consumer Discretionary,3.5962301587301586,10.729166666666666,22.863450015767896,1721.0,13.802229529232497,4.34235745088644,2.9321980447808262,3.300150829562594,8858,1.2074748442740777,No,False
1257,TVSMOTOR,2020,18849,16585,2264.0,12.01,12,855,556,865,25.0,647,13.0,27.0,1343,48.0,3235,11591,4399,19272,3811,1006,371,14085,19272,Consumer Discretionary,3.4325428404689906,12.011247281022866,19.70758452634785,1708.0,11.483124915960737,3.3572021585720218,3.5306122448979593,2.6619883040935672,11220,0.9780510585305106,No,False
1258,TVSMOTOR,2021,19421,17189,2232.0,11.49,36,881,565,822,26.0,608,13.0,28.0,1344,48.0,3779,12179,5859,21865,4221,1041,468,16135,21865,Consumer Discretionary,3.1306317903300553,11.49271407239586,15.88711784687745,1667.0,10.414844433337498,2.780699748456437,3.182388293702639,2.5743473325766173,11711,0.8882231877429683,No,False
1259,TVSMOTOR,2022,24355,21601,2755.0,11.31,-5,940,743,1067,31.0,731,16.0,24.0,1345,48.0,4352,15827,6692,26919,5975,552,605,19788,26919,Consumer Discretionary,3.0014370765756517,11.311845616916443,16.613636363636363,2012.0,9.947100410342612,2.715554069616256,3.5970454545454547,2.925531914893617,15222,0.9047512909097664,No,False
1260,TVSMOTOR,2023,31974,27947,4027.0,12.59,136,1368,859,1936,32.0,1309,28.0,18.0,1346,48.0,5457,22376,7144,35025,5748,743,967,27566,35025,Consumer Discretionary,4.093951335460061,12.594608119096767,23.77838328792007,3168.0,11.362576665112442,3.737330478229836,4.064668483197093,3.04312865497076,21409,0.9128907922912206,No,False
1261,TVSMOTOR,2024,39145,33645,5500.0,14.05,106,1928,975,2703,34.0,1779,36.0,23.0,1347,48.0,6736,26006,9235,42024,5891,1033,1123,33977,42024,Consumer Discretionary,4.544641716694342,14.050325712096054,26.223466981132077,4525.0,13.799939005794448,4.233295259851514,3.833431603773585,2.9076763485477177,24883,0.931491528650295,No,False
1263,ULTRACEMCO,2013,20514,15674,4839.0,23.59,304,252,1023,3867,30.0,2688,98.0,9.0,1323,274.0,14955,7342,7010,29582,15050,3601,4709,6222,29582,,13.10324656332261,23.588768645802865,17.650535163175523,3816.0,16.906650126268218,9.086606720302887,0.4821065073215576,20.408730158730158,2633,0.6934622405516868,No,False
1264,ULTRACEMCO,2014,20730,16695,4035.0,19.46,322,361,1139,2858,23.0,2213,80.0,11.0,1324,274.0,16908,7332,7671,32185,18100,2186,4862,7037,32185,,10.675349734684032,19.46454413892909,12.879757886159934,2896.0,11.813657501835685,6.875873854279944,0.4267256431148877,12.069252077562327,2470,0.6440888612707784,No,False
1265,ULTRACEMCO,2015,23306,18881,4425.0,18.99,350,587,1203,2986,30.0,2102,76.0,12.0,1325,274.0,18767,9829,9183,38053,23343,2250,4500,7961,38053,,9.019136702994937,18.986527074573072,11.039336169318839,3222.0,11.160374090751645,5.523874595958269,0.5162018801533533,8.13458262350937,5329,0.6124615667621476,No,False
1266,ULTRACEMCO,2016,25153,20252,4901.0,19.48,464,566,1377,3421,28.0,2480,90.0,11.0,1326,274.0,21671,10616,8631,41193,25309,1469,5095,9319,41193,,9.859658887607841,19.484753309744367,11.300979722032354,3524.0,10.822763428641627,6.0204403660816155,0.4837548416495785,9.478798586572438,5521,0.6106134537421407,No,False
1267,ULTRACEMCO,2017,25375,20162,5212.0,20.54,648,640,1348,3872,30.0,2714,99.0,10.0,1327,275.0,24117,8474,9343,42209,25904,921,6691,8693,42209,,10.695566502463054,20.53990147783251,11.126598884880288,3864.0,11.756830767358364,6.429908313392878,0.3474089865529682,9.15625,1783,0.6011751048354617,No,False
1268,ULTRACEMCO,2018,30979,24834,6145.0,19.84,242,1238,1848,3301,33.0,2224,81.0,13.0,1328,275.0,26107,19480,11280,57141,39715,1511,5447,10468,57141,,7.179056780399626,19.836017947641952,8.429990144795694,4297.0,9.369412585582836,3.892126494111059,0.7383822303085437,5.159127625201939,14033,0.542150119878896,No,False
1269,ULTRACEMCO,2019,41462,34115,7347.0,17.72,350,1778,2451,3468,31.0,2400,88.0,13.0,1329,275.0,33476,25337,17438,76525,56645,1153,2921,15806,76525,,5.788432781824321,17.719839853359705,7.110900417765399,4896.0,8.285946385052803,3.136229990199281,0.7507036828538414,4.329021372328459,22416,0.5418098660568441,No,False
1270,ULTRACEMCO,2020,42430,33184,9246.0,21.79,651,1992,2723,5183,-11.0,5751,199.0,7.0,1330,289.0,38755,23019,17151,79214,57151,920,5929,15215,79214,,13.5540890879095,21.791185481970306,14.729535908206126,6523.0,10.510287933229138,7.260080288837832,0.5895656182768159,4.968373493975903,17090,0.5356376398111445,No,False
1271,ULTRACEMCO,2021,44726,33158,11568.0,25.86,619,1486,2700,8001,32.0,5462,189.0,20.0,1331,289.0,43886,21719,20282,86176,55412,1687,12178,16900,86176,,12.212136117694406,25.86415060591155,12.364459535936616,8868.0,13.457977964609826,6.338191607872261,0.49165817770232034,8.20121130551817,9541,0.5190076123282584,No,False
1272,ULTRACEMCO,2022,52599,41084,11514.0,21.89,669,945,2715,8524,14.0,7334,254.0,15.0,1332,289.0,50147,11299,22077,83811,55488,4785,6336,17203,83811,,13.94323085990228,21.890150002851765,14.54120072963756,8799.0,14.252854944520937,8.750641323931225,0.22402648901578237,12.892063492063492,4963,0.6275906503919533,No,False
1273,ULTRACEMCO,2023,63240,52620,10620.0,16.79,507,823,2888,7416,32.0,5073,175.0,22.0,1333,289.0,54036,11058,25998,91380,59579,4040,7297,20464,91380,,8.021821631878558,16.793168880455408,9.3382420616659,7732.0,11.825703929155896,5.551543007222587,0.20355269213069488,13.520048602673148,3761,0.6920551543007223,No,False
1274,ULTRACEMCO,2024,70908,57940,12969.0,18.29,567,968,3145,9422,26.0,7004,243.0,29.0,1334,289.0,59939,11403,29167,100797,62878,6811,8249,22859,100797,,9.877587860326056,18.28989676764258,11.629142591485687,9824.0,13.714732448241683,6.948619502564561,0.1893305439330544,13.983471074380166,3154,0.7034733176582636,No,False
1276,UNIONBANK,2013,25169,7268,325.0,1.29,2868,17575,156,3037,30.0,2146,36.0,22.0,1298,597.0,16722,287589,8003,312912,2483,13,81808,228608,312912,,8.52636179427073,1.2912710079860146,12.391015647554708,169.0,0.05542655489524709,0.6858158204223552,16.605404469080202,0.18167852062588905,205781,0.0804347548192463,No,True
1277,UNIONBANK,2014,29394,8829,-902.0,-3.07,3141,21467,198,2040,18.0,1687,27.0,15.0,1299,630.0,18004,327078,9300,355013,2621,2,94636,257753,355013,,5.739266516976254,-3.0686534666938834,9.053343350864013,-1100.0,-0.31818392187716943,0.47519386614011316,17.552753032091875,0.10429962267666651,232442,0.082796967998355,No,True
1278,UNIONBANK,2015,32164,9498,-973.0,-3.03,3957,23640,225,2759,36.0,1771,28.0,22.0,1300,636.0,19263,352618,11048,383566,2690,4,85818,295053,383566,,5.506155950752394,-3.025121253575426,8.899944720840242,-1198.0,-0.32159606138780245,0.461719756182769,17.72038795919393,0.12622673434856177,266800,0.08385519050176501,No,True
1279,UNIONBANK,2016,32316,10349,-1928.0,-5.97,3934,23894,249,1758,24.0,1347,20.0,10.0,1301,687.0,22361,374754,9562,407365,3939,13,90573,312840,407365,,4.168213887857409,-5.966084911498948,5.844324887191947,-2177.0,-0.547257178194177,0.33066169160335324,16.259718847622352,0.08395413074411986,284181,0.07932934837308066,No,True
1280,UNIONBANK,2017,32817,13871,-4830.0,-14.72,5430,23771,241,359,-58.0,573,8.0,0.0,1302,687.0,23406,418420,13167,455681,3896,21,113441,338322,455681,,1.7460462565133925,-14.717981533961058,2.3782841489229236,-5071.0,-1.145955034089394,0.1257458616883302,17.366870045241356,0.025240839678599976,304979,0.07201748591668294,No,True
1281,UNIONBANK,2018,32952,21181,-11700.0,-35.51,5462,23471,368,-6607,-21.0,-5212,-45.0,0.0,1303,1169.0,24083,455969,9900,491120,3824,34,125485,361777,491120,,-15.816945860645786,-35.506190823015295,-20.639949310945667,-12068.0,-2.507787482258671,-1.0612477602215344,18.05674798035799,-0.26577478590601167,330484,0.0670956181788565,No,True
1282,UNIONBANK,2019,34314,19019,-8601.0,-25.07,5042,23896,374,-3933,-25.0,-2922,-17.0,0.0,1304,1763.0,25073,460780,10964,498581,3743,44,128391,366402,498581,,-8.515474733344991,-25.065570904004197,-10.888358920852587,-8975.0,-1.8405876755479722,-0.5860632474963947,17.17021910866001,-0.14893706059591563,332389,0.06882332058381688,No,True
1283,UNIONBANK,2020,37479,21166,-9523.0,-25.41,5789,25837,417,-4151,-27.0,-3121,-9.0,0.0,1305,3423.0,30567,505150,16369,555509,4734,54,154251,396470,555509,,-8.327329971450679,-25.408895648229674,-9.182112385995882,-9940.0,-1.8436769670215527,-0.5618270811093969,14.861724036481318,-0.144521422765801,350899,0.06746785380614896,No,True
1284,UNIONBANK,2021,69311,36270,-11071.0,-15.97,14307,44112,908,2327,-22.0,2863,4.0,0.0,1306,6407.0,58331,977576,40063,1082377,7303,63,339059,735952,1082377,,4.130657471397036,-15.97293358918498,4.4224412246285025,-11979.0,-1.1492697977768696,0.26451042474110226,15.100497389477587,0.07335872324990932,638517,0.06403591354953034,No,True
1285,UNIONBANK,2022,68230,32264,-4213.0,-6.17,13524,40178,745,8566,39.0,5265,8.0,25.0,1307,6835.0,64026,1085613,37292,1193766,7171,37,351839,834718,1193766,,7.71654697347208,-6.174703209731789,7.430039090614018,-4958.0,-0.4287169447821568,0.44104120908117667,15.32031724079536,0.2317437403554184,733774,0.05715525488244765,No,True
1286,UNIONBANK,2023,81163,36155,-3024.0,-3.73,15915,48033,745,12147,31.0,8512,12.0,24.0,1308,6835.0,71969,1163059,46495,1288357,8826,22,343727,935782,1288357,,10.48753742468859,-3.725835664034104,10.801482158266078,-3769.0,-0.30349563518681205,0.6606864401714742,14.758882797827521,0.26837799013178437,819332,0.06299729034731832,No,True
1287,UNIONBANK,2024,100376,32422,4590.0,4.57,17813,63364,895,21508,36.0,13797,18.0,20.0,1309,7634.0,89964,1251568,52831,1401996,9224,36,343953,1048783,1401996,,13.745317605802185,4.572806248505619,14.136560175413432,3695.0,0.2738728962929691,0.9840969589071581,12.823705403799257,0.35356038128906003,907615,0.07159506874484663,No,True
1289,UNITDSPR,2013,10378,9287,1091.0,10.51,146,985,178,73,99.0,-105,-2.0,-31.0,1285,126.0,4661,8242,3453,16483,7869,131,218,8265,16483,,-1.0117556369242628,10.512622856041627,-2.193440568205557,913.0,7.007444930539565,-0.6370199599587454,1.721746396490495,1.2558375634517767,8024,0.6296183947097009,No,False
1290,UNITDSPR,2014,10508,13876,-3368.0,-32.05,681,1323,203,-4213,7.0,-4489,-62.0,0.0,1286,145.0,2887,8307,3518,14858,5700,110,238,8810,14858,,-42.719832508564906,-32.0517700799391,-148.05408970976254,-3571.0,-31.493076990916308,-30.21268003769013,2.7397757255936677,-2.0309901738473166,8069,0.7072284291290887,No,False
1291,UNITDSPR,2015,9254,9619,-366.0,-3.96,-360,687,223,-1635,3.0,-1687,-23.0,0.0,1287,145.0,514,4987,2242,7889,1921,114,216,5637,7889,,-18.22995461422088,-3.9550464663929112,-255.99393019726858,-589.0,-10.432164364151612,-21.384205856255544,7.56752655538695,-1.056768558951965,4771,1.1730257320319433,No,True
1292,UNITDSPR,2016,8495,8162,333.0,3.92,648,457,157,366,61.0,143,2.0,0.0,1288,145.0,1489,4242,2452,8329,1887,282,77,6084,8329,,1.683343143025309,3.9199529134785167,8.751529987760097,176.0,2.995234853641933,1.7168927842478088,2.5960832313341493,2.1466083150984683,4165,1.0199303637891703,No,False
1293,UNITDSPR,2017,8818,7826,991.0,11.24,-265,375,189,163,43.0,93,1.0,0.0,1289,145.0,1640,4144,2967,8896,1917,199,0,6780,8896,,1.0546609208437288,11.2383760489907,5.2100840336134455,802.0,13.526733007252487,1.0454136690647482,2.3215686274509806,1.936,4144,0.9912320143884892,No,False
1294,UNITDSPR,2018,8591,7381,1209.0,14.07,172,278,192,912,28.0,652,9.0,0.0,1290,145.0,2274,3421,3086,8926,1791,102,0,7033,8926,,7.58933767896636,14.072866953788848,26.953286482017365,1017.0,17.414383561643838,7.304503697064754,1.4142207523770154,4.967625899280575,3421,0.9624691911270445,No,False
1295,UNITDSPR,2019,9341,7947,1394.0,14.92,70,237,215,1012,32.0,684,10.0,0.0,1291,145.0,2945,2883,3135,9109,1841,118,25,7124,9109,,7.322556471469864,14.923455732790922,22.135922330097088,1179.0,19.7388247112004,7.509056976616534,0.933009708737864,6.177215189873418,2858,1.0254693160610386,No,False
1296,UNITDSPR,2020,9325,7756,1569.0,16.83,89,212,285,1160,47.0,621,9.0,0.0,1292,145.0,3583,2570,2546,8844,1956,121,22,6745,8844,,6.659517426273459,16.82573726541555,16.65772532188841,1284.0,20.387424579231503,7.021709633649932,0.6893776824034334,7.820754716981132,2548,1.0543871551334238,No,False
1297,UNITDSPR,2021,8131,7080,1051.0,12.93,-25,188,299,540,33.0,362,5.0,0.0,1293,145.0,3974,1037,3354,8511,1893,97,0,6521,8511,,4.452096913048825,12.925839380150043,8.788540907987375,752.0,14.584949573312645,4.253319233932558,0.251760135955329,5.457446808510638,1037,0.9553518975443543,No,False
1298,UNITDSPR,2022,9712,8117,1595.0,16.42,-117,88,304,1087,25.0,811,11.0,0.0,1294,145.0,4808,605,3304,8863,1855,96,222,6690,8863,,8.350494233937397,16.42298187808896,16.37391479911165,1291.0,23.227779776898164,9.150400541577344,0.12214819301433474,16.795454545454547,383,1.0957914927225545,No,False
1299,UNITDSPR,2023,10612,9195,1417.0,13.35,249,104,283,1279,12.0,1126,16.0,0.0,1295,145.0,5854,183,3534,9716,1534,83,286,7813,9716,,10.610629476064833,13.352808141726346,18.76979496582764,1134.0,18.343578130055,11.589131329765335,0.030505084180696782,16.01923076923077,-103,1.0922190201729107,No,False
1300,UNITDSPR,2024,11321,9321,2000.0,17.67,208,76,275,1857,24.0,1408,19.0,46.0,1296,145.0,6976,265,3790,11176,1560,37,645,8934,11176,,12.437063863616288,17.66628389718223,19.77250386181716,1725.0,23.354995938261574,12.598425196850393,0.03721387445583486,29.05263157894737,-380,1.0129742304939156,No,False
1315,VEDL,2013,2749,2283,465.0,16.92,33,475,197,-174,-25.0,2280,26.0,0.0,1247,87.0,17388,4839,723,23037,4136,723,16059,2119,23037,,82.93925063659513,16.915241906147692,13.047210300429185,268.0,1.2010397060141615,9.897122021096497,0.2769098712446352,1.048421052631579,-11220,0.11932977384208013,No,False
1316,VEDL,2014,66152,46557,19595.0,29.62,1874,5094,6882,9493,-9.0,11421,21.0,15.0,1248,296.0,72712,80566,60545,214120,87205,43128,37910,45877,214120,,17.2647841335107,29.62117547466441,15.643491124260356,12713.0,8.278093948194355,5.333924901924155,1.1035229015998247,4.214566156262269,42656,0.30894825331589765,No,False
1317,VEDL,2015,73710,51595,22114.0,30.0,-19222,5659,7159,-9925,15.0,-11369,-53.0,-8.0,1249,296.0,53579,77752,58654,190281,70108,38748,39606,41819,190281,,-15.423958757292091,30.001356668023334,-21.102552204176334,14955.0,11.361650725155172,-5.974847725206405,1.4431925754060324,0.5110443541261707,38146,0.38737446197991393,No,False
1318,VEDL,2016,64262,82741,-18479.0,-28.76,4290,5778,8572,-28540,-37.0,-17862,-41.0,-8.0,1250,296.0,43743,67778,80163,191980,67231,38461,53386,32903,191980,,-27.795586816470074,-28.755718776259688,-40.55950407593269,-27051.0,-24.192206909503923,-9.304094176476717,1.539044937441813,-2.455694011768778,14392,0.3347327846650693,No,False
1319,VEDL,2017,72225,50849,21376.0,29.6,4423,5855,6292,13652,17.0,11316,23.0,83.0,1251,297.0,60128,71569,64952,196946,76756,27557,46962,45671,196946,,15.667705088265835,29.596400138456215,18.72734795200662,15084.0,11.427792172371472,5.745737410254588,1.1844269755895738,4.406319385140905,24607,0.36672488905588335,No,False
1320,VEDL,2018,91866,66989,24877.0,27.08,6087,5112,6283,19569,30.0,13692,28.0,76.0,1252,372.0,62940,58159,58896,180367,80279,32055,28700,39333,180367,,14.904317157599111,27.07965950406026,21.6262319939348,18594.0,15.307357311621702,7.591189075606956,0.9186094263330806,6.057120500782473,29459,0.5093282030526648,No,False
1321,VEDL,2019,92048,68877,23171.0,25.17,4270,5689,8192,13560,28.0,9698,19.0,99.0,1253,372.0,61925,66226,70045,198568,96397,24959,33065,44147,198568,,10.535807404832262,25.17273596384495,15.567362794356068,14979.0,11.654723279101795,4.883969219612426,1.0630688476170602,4.823519071893127,33161,0.4635590830345272,No,False
1322,VEDL,2020,84447,63704,20743.0,24.56,-14932,4977,9093,-8259,-43.0,-4744,-18.0,-22.0,1254,372.0,54263,59187,66915,180737,88904,18585,24753,48495,180737,,-5.617724726751691,24.563335583265243,-8.683078612610963,11650.0,10.235279647168385,-2.6248084232890885,1.0833165553216801,1.1675708257986739,34434,0.4672369243707708,No,False
1323,VEDL,2021,88021,60703,27318.0,31.04,2743,5210,7638,17213,13.0,15032,31.0,30.0,1255,372.0,61906,57669,63549,183496,90470,16314,16660,60052,183496,,17.07774281137456,31.035775553561084,24.136934390956675,19680.0,16.4072465338858,8.192004185377339,0.9259931275891968,5.769865642994242,41009,0.4796889305488948,No,False
1324,VEDL,2022,132732,87908,44824.0,33.77,1832,4797,8895,32964,28.0,23710,51.0,89.0,1256,372.0,65011,53583,74981,193947,93466,15879,17291,67311,193947,,17.863062411475756,33.77030407136184,36.26324885673646,35929.0,30.201065850747273,12.224989301200843,0.8195249529694263,9.726078799249532,36292,0.6843725347646522,No,False
1325,VEDL,2023,147308,112877,34431.0,23.37,2625,6225,10555,20276,28.0,14503,28.0,357.0,1257,372.0,39051,80329,69703,189455,95744,19529,13150,61032,189455,,9.845358025361826,23.3734759822956,36.78816934276945,23876.0,19.93787160130937,7.655115990604629,2.037617634375872,5.95277108433735,67179,0.7775355625346388,No,False
1326,VEDL,2024,143727,108415,35312.0,24.57,5239,9465,10723,20363,63.0,7539,11.0,259.0,1258,372.0,30350,87706,69690,188118,98963,22889,11869,54397,188118,,5.245360996889937,24.568800573309122,24.539418006640194,24589.0,20.762826358631408,4.0075909801294936,2.8548271596901245,4.284310618066561,75837,0.7640257710585909,No,False
1328,WIPRO,2013,37430,29773,7657.0,20.46,1440,289,940,7869,21.0,6182,5.0,28.0,1234,492.0,26072,6381,10675,43621,9996,407,6765,26454,43621,,16.516163505209725,20.456852791878173,23.272097575666315,6717.0,20.388526331765064,14.172073084065016,0.240212317422075,31.47750865051903,-384,0.858072946516586,No,False
1329,WIPRO,2014,43424,33788,9635.0,22.19,1922,383,1060,10114,21.0,7991,6.0,25.0,1235,493.0,31636,5159,12245,49533,10649,369,6146,32368,49533,,18.40226602800295,22.18819086219602,24.871611316878834,8575.0,22.99667453336194,16.13267922395171,0.16057144635687384,30.174934725848566,-987,0.876668079865948,No,False
1330,WIPRO,2015,46951,36652,10299.0,21.94,2450,350,1175,11224,22.0,8714,7.0,34.0,1236,494.0,36598,7891,13367,58350,10837,395,5532,41586,58350,,18.559775084662732,21.935635023748162,23.492936482260326,9124.0,20.2832181046173,14.934018851756642,0.2127412919227866,36.425714285714285,2359,0.8046443873179092,No,False
1331,WIPRO,2016,51244,40448,10796.0,21.07,2752,558,1496,11494,22.0,8957,7.0,17.0,1237,494.0,45651,12522,12924,71590,17279,381,20915,33016,71590,,17.47911950667395,21.06783233159004,19.410553689457146,9300.0,15.85218265805308,12.511523955859758,0.2713620110521183,24.27956989247312,-8393,0.7157982958513759,No,False
1332,WIPRO,2017,55448,44128,11321.0,20.42,2623,594,2310,11039,23.0,8518,7.0,6.0,1238,486.0,51184,14241,12761,78672,19886,738,29913,28135,78672,,15.362141105179628,20.41732794690521,16.485388039481325,9011.0,13.671466067879411,10.827232052064268,0.27561447648538806,23.474747474747474,-15672,0.7047996745983324,No,False
1333,WIPRO,2018,54487,44100,10387.0,19.06,2550,583,2112,10242,22.0,8003,7.0,6.0,1239,905.0,47022,13901,13563,75391,18127,1378,25797,30090,75391,,14.687907207223741,19.06326279663039,16.69831201619129,8275.0,13.383903732936533,10.615325436723216,0.29004527719239676,22.19039451114923,-11896,0.7227255242668224,No,False
1334,WIPRO,2019,59019,47406,11613.0,19.68,2614,738,1947,11542,22.0,9018,7.0,7.0,1240,1207.0,55216,9947,16217,82586,17465,2142,22887,40093,82586,,15.27982514105627,19.6767142784527,15.98284387572444,9666.0,14.56380894982673,10.91952631196571,0.176293355546497,19.27777777777778,-12940,0.7146368633908895,No,False
1335,WIPRO,2020,61138,48795,12342.0,20.19,2728,733,2086,12252,20.0,9772,9.0,6.0,1241,1143.0,54179,9724,15954,81000,22062,1881,20032,37024,81000,,15.983512708953516,20.18711766822598,17.663858862658614,10256.0,15.767303139316791,12.064197530864197,0.17577094103611582,20.559345156889496,-10308,0.7547901234567901,No,False
1336,WIPRO,2021,61935,47164,14771.0,23.85,2404,509,2763,13903,22.0,10868,10.0,5.0,1242,1096.0,53805,10451,17213,82566,23040,1853,18775,38898,82566,,17.547428755953824,23.849196738516188,19.795632137848127,12008.0,18.374342024727632,13.162803090860645,0.190360831314548,33.7426326129666,-8324,0.7501271709904803,No,False
1337,WIPRO,2022,79312,62628,16684.0,21.04,2067,532,3078,15141,19.0,12243,11.0,27.0,1243,1096.0,64307,17593,24280,107276,37990,1602,26154,41531,107276,,15.436503933830947,21.03590881581602,18.719324801614604,13606.0,16.39356113547641,11.41261792013125,0.2689937770438665,35.24624060150376,-8561,0.7393265968156904,No,False
1338,WIPRO,2023,90488,73649,16839.0,18.61,2275,1008,3340,14766,23.0,11366,10.0,5.0,1244,1098.0,76570,17467,21789,116924,44757,617,33073,38477,116924,,12.560781540093712,18.609097338873664,14.634083535046608,13499.0,14.189309927997057,9.720844309123876,0.2248931348818046,18.96230158730159,-15606,0.7739044165440799,No,False
1339,WIPRO,2024,89760,73008,16752.0,18.66,2631,1255,3407,14721,25.0,11112,11.0,5.0,1245,1045.0,73488,16465,23611,114609,43628,723,33384,36873,114609,,12.379679144385026,18.663101604278076,14.908832329303797,13345.0,14.665157475988483,9.69557364604874,0.2209088591630553,15.444621513944224,-16919,0.7831845666570688,No,False
1341,ZOMATO,2018,466,558,-92.0,-19.74,21,6,29,-107,0.0,-107,-3070.0,0.0,1226,0.0,1036,186,152,1374,190,1,829,354,1374,,-22.96137339055794,-19.742489270386265,-10.328185328185329,-121.0,-9.901800327332243,-7.787481804949054,0.17953667953667954,-11.833333333333334,-643,0.33915574963609896,No,False
1342,ZOMATO,2019,1313,3556,-2243.0,-170.83,1285,9,43,-1010,0.0,-1010,-28574.0,0.0,1227,0.0,2356,348,709,3413,389,1,2145,879,3413,,-76.92307692307693,-170.83015993907082,-42.869269949066215,-2286.0,-84.5414201183432,-29.592733665397013,0.14770797962648557,-106.44444444444444,-1797,0.38470553765016113,No,False
1343,ZOMATO,2020,2605,4909,-2305.0,-88.48,16,13,84,-2386,0.0,-2386,-70097.0,0.0,1228,0.0,457,326,2117,2900,1591,1,324,985,2900,,-91.59309021113243,-88.48368522072937,-522.1006564551423,-2389.0,-305.1085568326948,-82.27586206896552,0.7133479212253829,-176.07692307692307,2,0.8982758620689655,No,False
1344,ZOMATO,2021,1994,2461,-467.0,-23.42,-200,10,138,-815,0.0,-816,-23124.0,0.0,1229,0.0,7644,527,532,8704,1539,0,2205,4959,8704,,-40.92276830491474,-23.42026078234704,-10.675039246467819,-605.0,-7.404234487822787,-9.375,0.06894296180010466,-66.7,-1678,0.22909007352941177,No,False
1345,ZOMATO,2022,4192,6043,-1851.0,-44.16,793,12,150,-1220,0.0,-1222,-2.0,0.0,1230,764.0,15741,70,751,17327,1404,1,4718,11204,17327,,-29.150763358778626,-44.155534351145036,-7.403817025143895,-2001.0,-12.072398190045249,-7.05257690309921,0.004241139048773099,-88.16666666666667,-4648,0.24193455300975356,No,False
1346,ZOMATO,2023,7079,8290,-1211.0,-17.11,682,49,437,-1015,-4.0,-971,-1.0,0.0,1231,836.0,18624,507,1632,21599,6344,7,6765,8483,21599,,-13.7166266421811,-17.106936007910722,-4.9897225077081195,-1648.0,-8.253618470476285,-4.4955784990045835,0.02605344295991778,-10.795918367346939,-6258,0.3277466549377286,No,False
1347,ZOMATO,2024,12114,12071,43.0,0.35,846,72,526,291,-21.0,351,0.0,0.0,1232,868.0,19545,749,2194,23356,6448,18,11645,5245,23356,,2.8974739970282317,0.3549612019151395,1.719492480282173,-483.0,-2.2823929685284945,1.5028258263401266,0.03669230392397002,12.347222222222221,-10896,0.5186675800650796,No,False
1349,ZYDUSLIFE,2013,6358,5228,1130.0,17.77,32,169,185,809,15.0,690,6.0,24.0,1200,102.0,2842,2918,1512,7374,3026,736,114,3498,7374,,10.85246932997798,17.772884554891473,23.4375,945.0,16.120777891504606,9.35720097640358,0.9911684782608695,6.875739644970414,2804,0.8622186059126661,No,False
1350,ZYDUSLIFE,2014,7224,6021,1203.0,16.65,30,90,201,942,11.0,836,8.0,23.0,1201,102.0,3337,2700,1847,7986,3124,892,87,3885,7986,,11.572535991140642,16.65282392026578,24.30939226519337,1002.0,16.32187652712168,10.46831955922865,0.7851119511485897,13.7,2613,0.9045830202854996,No,False
1351,ZYDUSLIFE,2015,8651,6896,1756.0,20.3,45,68,287,1446,18.0,1188,11.0,21.0,1202,102.0,4149,2651,2144,9047,3352,798,154,4743,9047,,13.732516472084152,20.298231418333142,27.946365561044463,1469.0,21.283685888148362,13.13142478169559,0.6236179722418255,26.485294117647058,2497,0.9562285840610147,No,False
1352,ZYDUSLIFE,2016,9427,7095,2332.0,24.74,112,53,292,2099,8.0,1964,19.0,17.0,1203,102.0,5597,2442,2208,10350,3748,951,416,5235,10350,,20.83377532619073,24.73745624270712,34.462186348482184,2040.0,25.05834664046186,18.97584541062802,0.4284962274083173,46.113207547169814,2026,0.9108212560386474,No,False
1353,ZYDUSLIFE,2017,9376,7474,1902.0,20.29,127,45,373,1612,8.0,1517,15.0,22.0,1204,102.0,6858,5207,2937,15104,5755,1543,435,7371,15104,,16.179607508532424,20.285836177474405,21.79597701149425,1529.0,12.566778992356372,10.043697033898304,0.7481321839080459,45.08888888888889,4772,0.6207627118644068,No,False
1354,ZYDUSLIFE,2018,11905,9074,2831.0,23.78,111,91,539,2312,24.0,1810,17.0,20.0,1205,102.0,8642,5407,3632,17783,6483,1527,746,9028,17783,,15.203695926081478,23.77992440151197,20.699908508691674,2292.0,16.19673521305915,10.178260136085026,0.6183668801463861,32.32967032967033,4661,0.6694595962436034,No,False
1355,ZYDUSLIFE,2019,13166,10174,2991.0,22.72,183,194,599,2382,22.0,1899,18.0,19.0,1206,102.0,10284,7899,4945,23231,12164,837,674,9556,23231,,14.42351511468935,22.717605954731884,18.284228769497403,2392.0,13.081761006289309,8.174422108389653,0.7605430387059503,16.36082474226804,7225,0.5667427144763463,No,False
1356,ZYDUSLIFE,2020,14253,11455,2798.0,19.63,-264,342,696,1495,21.0,1204,11.0,30.0,1207,102.0,10273,7986,5115,23477,12230,742,765,9740,23477,,8.447344418718867,19.63095488669052,11.604819277108435,2102.0,11.448178203801536,5.128423563487669,0.7697349397590362,7.409356725146199,7221,0.6071048259999148,No,False
1357,ZYDUSLIFE,2021,14404,11013,3391.0,23.54,-231,159,670,2331,8.0,2185,21.0,17.0,1208,102.0,12890,4608,6165,23765,12133,783,830,10019,23765,,15.169397389613994,23.542071646764786,16.81804187192118,2721.0,15.460227272727273,9.194193141173995,0.35467980295566504,19.87421383647799,3778,0.6061014096360193,No,False
1358,ZYDUSLIFE,2022,15110,11768,3342.0,22.12,2581,127,713,5084,10.0,4618,44.0,6.0,1209,102.0,16897,4221,6421,27642,12188,726,3288,11439,27642,,30.562541363335537,22.11780277961615,27.166303900229426,2629.0,12.389255419415646,16.70646118225888,0.24830872404259074,46.63779527559055,933,0.5466319369076044,No,False
1359,ZYDUSLIFE,2023,17237,13378,3860.0,22.39,-422,130,723,2585,23.0,2092,19.0,31.0,1210,101.0,17415,1195,6851,25562,11521,1201,1547,11294,25562,,12.136682717410222,22.393687996751176,11.943366065311716,3137.0,16.76553898776121,8.184023159377201,0.06822333866179493,26.446153846153845,-352,0.6743212581175182,No,False
1360,ZYDUSLIFE,2024,19547,14163,5384.0,27.54,293,81,764,4832,20.0,3973,38.0,8.0,1211,101.0,19729,804,8201,28834,12368,2423,1220,12822,28834,,20.32536962193687,27.543868624341332,20.035300050428642,4620.0,22.390229717941263,13.778872164805438,0.0405446293494705,70.08641975308642,-416,0.6779149615037803,No,False
1362,INDIGO,2013,9203,73,8348.0,90.71,9,296,86,993,21.0,787,25647.0,70.0,757,0.4,4,11,11,26,5,0,0,21,26,Consumer Discretionary,8.551559274149733,90.7095512332935,17886.363636363636,8262.0,53649.35064935065,3026.923076923077,2.5,28.23310810810811,11,353.96153846153845,No,False
1363,INDIGO,2014,11117,123,10684.0,96.11,4,391,226,475,0.0,474,15454.0,80.0,758,0.4,4,14,16,35,10,0,0,25,35,Consumer Discretionary,4.263740217684627,96.10506431591257,10772.727272727272,10458.0,56836.956521739135,1354.2857142857142,3.1818181818181817,27.335038363171357,14,317.62857142857143,No,False
1364,INDIGO,2015,13925,150,12022.0,86.33,14,395,302,1847,29.0,1304,42481.0,83.0,759,0.4,26,4,30,61,12,1,1,46,61,Consumer Discretionary,9.364452423698385,86.33393177737881,4939.39393939394,11720.0,38552.63157894737,2137.7049180327867,0.15151515151515152,30.470886075949366,3,228.27868852459017,No,False
1365,INDIGO,2016,16140,350,12976.0,80.4,20,515,505,2824,30.0,1986,55.0,27.0,760,0.4,129,8,58,196,13,0,124,58,196,Consumer Discretionary,12.304832713754648,80.39653035935564,1534.775888717156,12471.0,9076.419213973799,1013.265306122449,0.061823802163833076,25.23495145631068,-116,82.34693877551021,No,False
1366,INDIGO,2017,18580,406,16362.0,88.06,12,789,457,2144,23.0,1659,46.0,74.0,761,29.0,69,52,97,246,91,2,16,137,246,Consumer Discretionary,8.928955866523143,88.06243272335846,1692.8571428571427,15905.0,10603.333333333334,674.390243902439,0.5306122448979592,20.752851711026615,36,75.52845528455285,No,False
1367,INDIGO,2018,23021,413,19991.0,86.84,13,947,437,3127,28.0,2242,58.0,10.0,762,29.0,71,54,125,279,95,2,15,167,279,Consumer Discretionary,9.738934016767299,86.8381043395161,2242.0,19554.0,12697.402597402597,803.584229390681,0.54,21.123548046462513,39,82.51254480286738,No,False
1368,INDIGO,2019,28497,563,28648.0,100.53,-1,1325,760,-149,-99.0,156,4.0,123.0,763,29.0,100,88,156,373,149,4,20,201,373,Consumer Discretionary,0.547426044846826,100.52988033828123,120.93023255813952,27888.0,12851.612903225809,41.8230563002681,0.6821705426356589,21.620377358490565,68,76.39946380697052,No,False
1369,INDIGO,2020,35756,1902,31687.0,88.62,11,1531,3974,-275,-10.0,-248,-6.0,0.0,764,29.0,150,75,169,422,201,1,21,199,422,Consumer Discretionary,-0.69358988701197,88.62009173285603,-138.54748603351956,27713.0,10910.629921259842,-58.767772511848335,0.41899441340782123,20.70411495754409,54,84.72985781990522,No,False
1370,INDIGO,2021,14641,2170,14638.0,99.98,0,1036,4699,-5830,0.0,-6171,-151.0,0.0,765,48.0,516,9,239,811,249,3,50,509,811,Consumer Discretionary,-42.14876033057851,99.97950959633904,-1094.148936170213,9939.0,1734.5549738219895,-760.9124537607892,0.015957446808510637,14.12934362934363,-41,18.053020961775587,No,False
1371,INDIGO,2022,25931,2386,25373.0,97.85,2,725,5068,-6171,0.0,-317,-160.0,0.0,766,48.0,602,12,258,920,253,51,173,442,920,Consumer Discretionary,-1.2224750298870077,97.84813543635032,-48.769230769230774,20305.0,3067.2205438066467,-34.45652173913044,0.018461538461538463,35.0,-161,28.18586956521739,No,False
1372,INDIGO,2023,54446,3168,47926.0,88.02,12,1431,5101,-317,0.0,-317,-8.0,0.0,767,48.0,729,12,274,1062,265,251,132,414,1062,Consumer Discretionary,-0.582228262865959,88.02483194357713,-40.7979407979408,42825.0,5427.7566539923955,-29.84934086629002,0.015444015444015444,33.49965059399022,-120,51.26741996233522,No,False
1373,INDIGO,2024,68904,4805,52573.0,76.3,24,2326,6406,8043,-2.0,8167,212.0,0.0,768,48.0,867,17,290,1222,548,15,188,471,1222,Consumer Discretionary,11.852722628584697,76.29890862649484,892.568306010929,46167.0,4953.540772532189,668.3306055646481,0.018579234972677595,22.612639724849526,-171,56.38625204582652,No,False
